image_id,class_name,x1,y1,x2,y2,source,review_status,notes
45min_after_washout_frame_000,mother_bud_pair,107.0,59.0,160.0,116.0,v6_mask_aware_pseudo_label,needs_review,two_nuclei_near_budneck; budneck_idx=3; mask_source=v6_ml_detection\sam_masks\prompted_mobile_sam_from_source_tifs\instances\45min after washout_frame_000.png; box_source=mask_union;seeds=n0+n1+b3
45min_after_washout_frame_000,early_bud_pair,95.0,90.0,145.0,154.0,v6_mask_aware_pseudo_label,needs_review,one_nucleus_near_budneck; budneck_idx=7; mask_source=v6_ml_detection\sam_masks\prompted_mobile_sam_from_source_tifs\instances\45min after washout_frame_000.png; box_source=mask_union;seeds=n2+b7
45min_after_washout_frame_000,early_bud_pair,0.0,185.0,41.0,221.0,v6_mask_aware_pseudo_label,needs_review,one_nucleus_near_budneck; budneck_idx=8; mask_source=v6_ml_detection\sam_masks\prompted_mobile_sam_from_source_tifs\instances\45min after washout_frame_000.png; box_source=mask_union;seeds=n3+b8
45min_after_washout_frame_001,mother_bud_pair,206.0,200.0,255.0,255.0,v6_mask_aware_pseudo_label,needs_review,two_nuclei_near_budneck; budneck_idx=7; mask_source=v6_ml_detection\sam_masks\prompted_mobile_sam_from_source_tifs\instances\45min after washout_frame_001.png; box_source=mask_union;seeds=n7+n6+b7
45min_after_washout_frame_001,mother_bud_pair,197.0,8.0,255.0,65.0,v6_mask_aware_pseudo_label,needs_review,two_nuclei_near_budneck; budneck_idx=0; mask_source=v6_ml_detection\sam_masks\prompted_mobile_sam_from_source_tifs\instances\45min after washout_frame_001.png; box_source=mask_union;seeds=n1+n0+b0
45min_after_washout_frame_001,early_bud_pair,130.0,69.0,190.0,117.0,v6_mask_aware_pseudo_label,needs_review,one_nucleus_near_budneck; budneck_idx=3; mask_source=v6_ml_detection\sam_masks\prompted_mobile_sam_from_source_tifs\instances\45min after washout_frame_001.png; box_source=mask_union;seeds=n2+b3
45min_after_washout_frame_001,early_bud_pair,44.0,114.0,97.0,193.0,v6_mask_aware_pseudo_label,needs_review,one_nucleus_near_budneck; budneck_idx=6; mask_source=v6_ml_detection\sam_masks\prompted_mobile_sam_from_source_tifs\instances\45min after washout_frame_001.png; box_source=mask_union;seeds=n5+b6
45min_after_washout_frame_001,early_bud_pair,18.0,75.0,68.0,134.0,v6_mask_aware_pseudo_label,needs_review,one_nucleus_near_budneck; budneck_idx=2; mask_source=v6_ml_detection\sam_masks\prompted_mobile_sam_from_source_tifs\instances\45min after washout_frame_001.png; box_source=mask_union;seeds=n4+b2
45min_after_washout_frame_001,early_bud_pair,70.0,72.0,139.0,126.0,v6_mask_aware_pseudo_label,needs_review,one_nucleus_near_budneck; budneck_idx=4; mask_source=v6_ml_detection\sam_masks\prompted_mobile_sam_from_source_tifs\instances\45min after washout_frame_001.png; box_source=mask_union;seeds=n3+b4
45min_after_washout_frame_002,mother_bud_pair,71.0,18.0,135.0,82.0,v6_mask_aware_pseudo_label,needs_review,two_nuclei_near_budneck; budneck_idx=0; mask_source=v6_ml_detection\sam_masks\prompted_mobile_sam_from_source_tifs\instances\45min after washout_frame_002.png; box_source=mask_union;seeds=n1+n0+b0
45min_after_washout_frame_002,mother_bud_pair,105.0,63.0,165.0,121.0,v6_mask_aware_pseudo_label,needs_review,two_nuclei_near_budneck; budneck_idx=4; mask_source=v6_ml_detection\sam_masks\prompted_mobile_sam_from_source_tifs\instances\45min after washout_frame_002.png; box_source=mask_union;seeds=n2+n3+b4
45min_after_washout_frame_002,early_bud_pair,128.0,112.0,174.0,165.0,v6_mask_aware_pseudo_label,needs_review,one_nucleus_near_budneck; budneck_idx=8; mask_source=v6_ml_detection\sam_masks\prompted_mobile_sam_from_source_tifs\instances\45min after washout_frame_002.png; box_source=mask_union;seeds=n4+b8
45min_after_washout_frame_003,mother_bud_pair,153.0,0.0,240.0,34.0,v6_mask_aware_pseudo_label,needs_review,two_nuclei_near_budneck; budneck_idx=1; mask_source=v6_ml_detection\sam_masks\prompted_mobile_sam_from_source_tifs\instances\45min after washout_frame_003.png; box_source=mask_union;seeds=n0+n1+b1
45min_after_washout_frame_003,mother_bud_pair,91.0,93.0,176.0,152.0,v6_mask_aware_pseudo_label,needs_review,two_nuclei_near_budneck; budneck_idx=5; mask_source=v6_ml_detection\sam_masks\prompted_mobile_sam_from_source_tifs\instances\45min after washout_frame_003.png; box_source=mask_union;seeds=n6+n7+b5
45min_after_washout_frame_003,mother_bud_pair,82.0,157.0,143.0,209.0,v6_mask_aware_pseudo_label,needs_review,two_nuclei_near_budneck; budneck_idx=7; mask_source=v6_ml_detection\sam_masks\prompted_mobile_sam_from_source_tifs\instances\45min after washout_frame_003.png; box_source=mask_union;seeds=n8+n9+b7
45min_after_washout_frame_003,early_bud_pair,140.0,53.0,186.0,117.0,v6_mask_aware_pseudo_label,needs_review,one_nucleus_near_budneck; budneck_idx=3; mask_source=v6_ml_detection\sam_masks\prompted_mobile_sam_from_source_tifs\instances\45min after washout_frame_003.png; box_source=mask_union;seeds=n4+b3
45min_after_washout_frame_003,early_bud_pair,119.0,19.0,166.0,73.0,v6_mask_aware_pseudo_label,needs_review,one_nucleus_near_budneck; budneck_idx=2; mask_source=v6_ml_detection\sam_masks\prompted_mobile_sam_from_source_tifs\instances\45min after washout_frame_003.png; box_source=mask_union;seeds=n2+b2
45min_after_washout_frame_003,early_bud_pair,73.0,72.0,135.0,136.0,v6_mask_aware_pseudo_label,needs_review,one_nucleus_near_budneck; budneck_idx=4; mask_source=v6_ml_detection\sam_masks\prompted_mobile_sam_from_source_tifs\instances\45min after washout_frame_003.png; box_source=mask_union;seeds=n5+b4
45min_after_washout_frame_003,single_cell,237.0,18.0,255.0,49.0,v6_mask_aware_pseudo_label,needs_review,unpaired_green_nucleus; nucleus_idx=3; mask_source=v6_ml_detection\sam_masks\prompted_mobile_sam_from_source_tifs\instances\45min after washout_frame_003.png; box_source=mask_union;seeds=n3
45min_after_washout_frame_004,mother_bud_pair,119.0,86.0,187.0,146.0,v6_mask_aware_pseudo_label,needs_review,two_nuclei_near_budneck; budneck_idx=7; mask_source=v6_ml_detection\sam_masks\prompted_mobile_sam_from_source_tifs\instances\45min after washout_frame_004.png; box_source=mask_union;seeds=n3+n1+b7
45min_after_washout_frame_004,early_bud_pair,67.0,84.0,121.0,145.0,v6_mask_aware_pseudo_label,needs_review,one_nucleus_near_budneck; budneck_idx=6; mask_source=v6_ml_detection\sam_masks\prompted_mobile_sam_from_source_tifs\instances\45min after washout_frame_004.png; box_source=mask_union;seeds=n2+b6
45min_after_washout_frame_004,early_bud_pair,151.0,68.0,221.0,115.0,v6_mask_aware_pseudo_label,needs_review,one_nucleus_near_budneck; budneck_idx=5; mask_source=v6_ml_detection\sam_masks\prompted_mobile_sam_from_source_tifs\instances\45min after washout_frame_004.png; box_source=mask_union;seeds=n0+b5
45min_after_washout_frame_005,mother_bud_pair,105.0,63.0,162.0,111.0,v6_mask_aware_pseudo_label,needs_review,two_nuclei_near_budneck; budneck_idx=3; mask_source=v6_ml_detection\sam_masks\prompted_mobile_sam_from_source_tifs\instances\45min after washout_frame_005.png; box_source=mask_union;seeds=n3+n4+b3
45min_after_washout_frame_005,mother_bud_pair,89.0,107.0,164.0,162.0,v6_mask_aware_pseudo_label,needs_review,two_nuclei_near_budneck; budneck_idx=7; mask_source=v6_ml_detection\sam_masks\prompted_mobile_sam_from_source_tifs\instances\45min after washout_frame_005.png; box_source=mask_union;seeds=n5+n6+b7
45min_after_washout_frame_005,mother_bud_pair,135.0,27.0,183.0,90.0,v6_mask_aware_pseudo_label,needs_review,two_nuclei_near_budneck; budneck_idx=2; mask_source=v6_ml_detection\sam_masks\prompted_mobile_sam_from_source_tifs\instances\45min after washout_frame_005.png; box_source=mask_union;seeds=n2+n0+b2
45min_after_washout_frame_005,early_bud_pair,128.0,133.0,169.0,189.0,v6_mask_aware_pseudo_label,needs_review,one_nucleus_near_budneck; budneck_idx=8; mask_source=v6_ml_detection\sam_masks\prompted_mobile_sam_from_source_tifs\instances\45min after washout_frame_005.png; box_source=mask_union;seeds=n7+b8
45min_after_washout_frame_005,early_bud_pair,12.0,24.0,89.0,70.0,v6_mask_aware_pseudo_label,needs_review,one_nucleus_near_budneck; budneck_idx=1; mask_source=v6_ml_detection\sam_masks\prompted_mobile_sam_from_source_tifs\instances\45min after washout_frame_005.png; box_source=mask_union;seeds=n1+b1
45min_after_washout_frame_006,mother_bud_pair,169.0,121.0,255.0,180.0,v6_mask_aware_pseudo_label,needs_review,two_nuclei_near_budneck; budneck_idx=4; mask_source=v6_ml_detection\sam_masks\prompted_mobile_sam_from_source_tifs\instances\45min after washout_frame_006.png; box_source=mask_union;seeds=n6+n7+b4
45min_after_washout_frame_006,mother_bud_pair,106.0,92.0,183.0,166.0,v6_mask_aware_pseudo_label,needs_review,two_nuclei_near_budneck; budneck_idx=3; mask_source=v6_ml_detection\sam_masks\prompted_mobile_sam_from_source_tifs\instances\45min after washout_frame_006.png; box_source=mask_union;seeds=n5+n4+b3
45min_after_washout_frame_006,mother_bud_pair,66.0,42.0,124.0,113.0,v6_mask_aware_pseudo_label,needs_review,two_nuclei_near_budneck; budneck_idx=1; mask_source=v6_ml_detection\sam_masks\prompted_mobile_sam_from_source_tifs\instances\45min after washout_frame_006.png; box_source=mask_union;seeds=n0+n2+b1
45min_after_washout_frame_006,early_bud_pair,119.0,46.0,169.0,91.0,v6_mask_aware_pseudo_label,needs_review,one_nucleus_near_budneck; budneck_idx=0; mask_source=v6_ml_detection\sam_masks\prompted_mobile_sam_from_source_tifs\instances\45min after washout_frame_006.png; box_source=mask_union;seeds=n1+b0
45min_after_washout_frame_006,single_cell,211.0,89.0,252.0,138.0,v6_mask_aware_pseudo_label,needs_review,unpaired_green_nucleus; nucleus_idx=3; mask_source=v6_ml_detection\sam_masks\prompted_mobile_sam_from_source_tifs\instances\45min after washout_frame_006.png; box_source=mask_union;seeds=n3
45min_after_washout_frame_007,mother_bud_pair,89.0,96.0,178.0,157.0,v6_mask_aware_pseudo_label,needs_review,two_nuclei_near_budneck; budneck_idx=4; mask_source=v6_ml_detection\sam_masks\prompted_mobile_sam_from_source_tifs\instances\45min after washout_frame_007.png; box_source=mask_union;seeds=n4+n6+b4
45min_after_washout_frame_007,mother_bud_pair,27.0,63.0,76.0,154.0,v6_mask_aware_pseudo_label,needs_review,two_nuclei_near_budneck; budneck_idx=2; mask_source=v6_ml_detection\sam_masks\prompted_mobile_sam_from_source_tifs\instances\45min after washout_frame_007.png; box_source=mask_union;seeds=n0+n5+b2
45min_after_washout_frame_007,mother_bud_pair,143.0,76.0,225.0,141.0,v6_mask_aware_pseudo_label,needs_review,two_nuclei_near_budneck; budneck_idx=1; mask_source=v6_ml_detection\sam_masks\prompted_mobile_sam_from_source_tifs\instances\45min after washout_frame_007.png; box_source=mask_union;seeds=n3+n1+b1
45min_after_washout_frame_007,early_bud_pair,209.0,132.0,255.0,187.0,v6_mask_aware_pseudo_label,needs_review,one_nucleus_near_budneck; budneck_idx=7; mask_source=v6_ml_detection\sam_masks\prompted_mobile_sam_from_source_tifs\instances\45min after washout_frame_007.png; box_source=mask_union;seeds=n7+b7
45min_after_washout_frame_007,early_bud_pair,0.0,74.0,28.0,122.0,v6_mask_aware_pseudo_label,needs_review,one_nucleus_near_budneck; budneck_idx=3; mask_source=v6_ml_detection\sam_masks\prompted_mobile_sam_from_source_tifs\instances\45min after washout_frame_007.png; box_source=mask_union;seeds=n2+b3
45min_after_washout_frame_008,mother_bud_pair,153.0,136.0,220.0,206.0,v6_mask_aware_pseudo_label,needs_review,two_nuclei_near_budneck; budneck_idx=3; mask_source=v6_ml_detection\sam_masks\prompted_mobile_sam_from_source_tifs\instances\45min after washout_frame_008.png; box_source=mask_union;seeds=n5+n3+b3
45min_after_washout_frame_008,mother_bud_pair,109.0,108.0,174.0,191.0,v6_mask_aware_pseudo_label,needs_review,two_nuclei_near_budneck; budneck_idx=2; mask_source=v6_ml_detection\sam_masks\prompted_mobile_sam_from_source_tifs\instances\45min after washout_frame_008.png; box_source=mask_union;seeds=n2+n4+b2
45min_after_washout_frame_008,early_bud_pair,83.0,78.0,159.0,127.0,v6_mask_aware_pseudo_label,needs_review,one_nucleus_near_budneck; budneck_idx=1; mask_source=v6_ml_detection\sam_masks\prompted_mobile_sam_from_source_tifs\instances\45min after washout_frame_008.png; box_source=mask_union;seeds=n1+b1
45min_after_washout_frame_008,early_bud_pair,85.0,29.0,132.0,89.0,v6_mask_aware_pseudo_label,needs_review,one_nucleus_near_budneck; budneck_idx=0; mask_source=v6_ml_detection\sam_masks\prompted_mobile_sam_from_source_tifs\instances\45min after washout_frame_008.png; box_source=mask_union;seeds=n0+b0
45min_after_washout_frame_009,mother_bud_pair,126.0,26.0,185.0,98.0,v6_mask_aware_pseudo_label,needs_review,two_nuclei_near_budneck; budneck_idx=1; mask_source=v6_ml_detection\sam_masks\prompted_mobile_sam_from_source_tifs\instances\45min after washout_frame_009.png; box_source=mask_union;seeds=n2+n0+b1
45min_after_washout_frame_009,mother_bud_pair,79.0,147.0,143.0,221.0,v6_mask_aware_pseudo_label,needs_review,two_nuclei_near_budneck; budneck_idx=7; mask_source=v6_ml_detection\sam_masks\prompted_mobile_sam_from_source_tifs\instances\45min after washout_frame_009.png; box_source=mask_union;seeds=n6+n5+b7
45min_after_washout_frame_009,mother_bud_pair,118.0,90.0,187.0,135.0,v6_mask_aware_pseudo_label,needs_review,two_nuclei_near_budneck; budneck_idx=6; mask_source=v6_ml_detection\sam_masks\prompted_mobile_sam_from_source_tifs\instances\45min after washout_frame_009.png; box_source=mask_union;seeds=n4+n3+b6
45min_after_washout_frame_009,early_bud_pair,71.0,27.0,120.0,94.0,v6_mask_aware_pseudo_label,needs_review,one_nucleus_near_budneck; budneck_idx=0; mask_source=v6_ml_detection\sam_masks\prompted_mobile_sam_from_source_tifs\instances\45min after washout_frame_009.png; box_source=mask_union;seeds=n1+b0
45min_after_washout_frame_010,mother_bud_pair,141.0,132.0,200.0,195.0,v6_mask_aware_pseudo_label,needs_review,two_nuclei_near_budneck; budneck_idx=7; mask_source=v6_ml_detection\sam_masks\prompted_mobile_sam_from_source_tifs\instances\45min after washout_frame_010.png; box_source=mask_union;seeds=n4+n3+b7
45min_after_washout_frame_010,early_bud_pair,57.0,13.0,104.0,66.0,v6_mask_aware_pseudo_label,needs_review,one_nucleus_near_budneck; budneck_idx=1; mask_source=v6_ml_detection\sam_masks\prompted_mobile_sam_from_source_tifs\instances\45min after washout_frame_010.png; box_source=mask_union;seeds=n0+b1
45min_after_washout_frame_010,early_bud_pair,118.0,106.0,157.0,169.0,v6_mask_aware_pseudo_label,needs_review,one_nucleus_near_budneck; budneck_idx=3; mask_source=v6_ml_detection\sam_masks\prompted_mobile_sam_from_source_tifs\instances\45min after washout_frame_010.png; box_source=mask_union;seeds=n2+b3
45min_after_washout_frame_010,early_bud_pair,157.0,46.0,219.0,91.0,v6_mask_aware_pseudo_label,needs_review,one_nucleus_near_budneck; budneck_idx=2; mask_source=v6_ml_detection\sam_masks\prompted_mobile_sam_from_source_tifs\instances\45min after washout_frame_010.png; box_source=mask_union;seeds=n1+b2
45min_after_washout_frame_011,mother_bud_pair,112.0,77.0,172.0,148.0,v6_mask_aware_pseudo_label,needs_review,two_nuclei_near_budneck; budneck_idx=3; mask_source=v6_ml_detection\sam_masks\prompted_mobile_sam_from_source_tifs\instances\45min after washout_frame_011.png; box_source=mask_union;seeds=n3+n2+b3
45min_after_washout_frame_011,mother_bud_pair,87.0,37.0,158.0,103.0,v6_mask_aware_pseudo_label,needs_review,two_nuclei_near_budneck; budneck_idx=1; mask_source=v6_ml_detection\sam_masks\prompted_mobile_sam_from_source_tifs\instances\45min after washout_frame_011.png; box_source=mask_union;seeds=n1+n0+b1
45min_after_washout_frame_011,mother_bud_pair,90.0,121.0,141.0,187.0,v6_mask_aware_pseudo_label,needs_review,two_nuclei_near_budneck; budneck_idx=5; mask_source=v6_ml_detection\sam_masks\prompted_mobile_sam_from_source_tifs\instances\45min after washout_frame_011.png; box_source=mask_union;seeds=n5+n4+b5
45min_after_washout_frame_012,mother_bud_pair,59.0,29.0,134.0,87.0,v6_mask_aware_pseudo_label,needs_review,two_nuclei_near_budneck; budneck_idx=1; mask_source=v6_ml_detection\sam_masks\prompted_mobile_sam_from_source_tifs\instances\45min after washout_frame_012.png; box_source=mask_union;seeds=n0+n2+b1
45min_after_washout_frame_012,mother_bud_pair,71.0,97.0,129.0,160.0,v6_mask_aware_pseudo_label,needs_review,two_nuclei_near_budneck; budneck_idx=5; mask_source=v6_ml_detection\sam_masks\prompted_mobile_sam_from_source_tifs\instances\45min after washout_frame_012.png; box_source=mask_union;seeds=n6+n5+b5
45min_after_washout_frame_012,early_bud_pair,175.0,24.0,233.0,96.0,v6_mask_aware_pseudo_label,needs_review,one_nucleus_near_budneck; budneck_idx=0; mask_source=v6_ml_detection\sam_masks\prompted_mobile_sam_from_source_tifs\instances\45min after washout_frame_012.png; box_source=mask_union;seeds=n1+b0
45min_after_washout_frame_012,early_bud_pair,161.0,182.0,217.0,242.0,v6_mask_aware_pseudo_label,needs_review,one_nucleus_near_budneck; budneck_idx=7; mask_source=v6_ml_detection\sam_masks\prompted_mobile_sam_from_source_tifs\instances\45min after washout_frame_012.png; box_source=mask_union;seeds=n7+b7
45min_after_washout_frame_012,early_bud_pair,72.0,56.0,134.0,104.0,v6_mask_aware_pseudo_label,needs_review,one_nucleus_near_budneck; budneck_idx=2; mask_source=v6_ml_detection\sam_masks\prompted_mobile_sam_from_source_tifs\instances\45min after washout_frame_012.png; box_source=mask_union;seeds=n3+b2
45min_after_washout_frame_012,early_bud_pair,165.0,76.0,229.0,132.0,v6_mask_aware_pseudo_label,needs_review,one_nucleus_near_budneck; budneck_idx=3; mask_source=v6_ml_detection\sam_masks\prompted_mobile_sam_from_source_tifs\instances\45min after washout_frame_012.png; box_source=mask_union;seeds=n4+b3
45min_after_washout_frame_013,mother_bud_pair,90.0,84.0,163.0,174.0,v6_mask_aware_pseudo_label,needs_review,two_nuclei_near_budneck; budneck_idx=13; mask_source=v6_ml_detection\sam_masks\prompted_mobile_sam_from_source_tifs\instances\45min after washout_frame_013.png; box_source=mask_union;seeds=n6+n4+b13
45min_after_washout_frame_013,mother_bud_pair,111.0,59.0,181.0,115.0,v6_mask_aware_pseudo_label,needs_review,two_nuclei_near_budneck; budneck_idx=4; mask_source=v6_ml_detection\sam_masks\prompted_mobile_sam_from_source_tifs\instances\45min after washout_frame_013.png; box_source=mask_union;seeds=n3+n1+b4
45min_after_washout_frame_013,early_bud_pair,18.0,63.0,83.0,110.0,v6_mask_aware_pseudo_label,needs_review,one_nucleus_near_budneck; budneck_idx=5; mask_source=v6_ml_detection\sam_masks\prompted_mobile_sam_from_source_tifs\instances\45min after washout_frame_013.png; box_source=mask_union;seeds=n2+b5
45min_after_washout_frame_013,early_bud_pair,142.0,103.0,196.0,159.0,v6_mask_aware_pseudo_label,needs_review,one_nucleus_near_budneck; budneck_idx=10; mask_source=v6_ml_detection\sam_masks\prompted_mobile_sam_from_source_tifs\instances\45min after washout_frame_013.png; box_source=mask_union;seeds=n5+b10
45min_after_washout_frame_013,early_bud_pair,239.0,0.0,255.0,27.0,v6_mask_aware_pseudo_label,needs_review,one_nucleus_near_budneck; budneck_idx=1; mask_source=v6_ml_detection\sam_masks\prompted_mobile_sam_from_source_tifs\instances\45min after washout_frame_013.png; box_source=mask_union;seeds=n0+b1
45min_after_washout_frame_014,mother_bud_pair,73.0,89.0,145.0,161.0,v6_mask_aware_pseudo_label,needs_review,two_nuclei_near_budneck; budneck_idx=3; mask_source=v6_ml_detection\sam_masks\prompted_mobile_sam_from_source_tifs\instances\45min after washout_frame_014.png; box_source=mask_union;seeds=n3+n2+b3
45min_after_washout_frame_014,mother_bud_pair,99.0,26.0,201.0,89.0,v6_mask_aware_pseudo_label,needs_review,two_nuclei_near_budneck; budneck_idx=0; mask_source=v6_ml_detection\sam_masks\prompted_mobile_sam_from_source_tifs\instances\45min after washout_frame_014.png; box_source=mask_union;seeds=n0+n1+b0
45min_after_washout_frame_014,early_bud_pair,141.0,143.0,187.0,217.0,v6_mask_aware_pseudo_label,needs_review,one_nucleus_near_budneck; budneck_idx=5; mask_source=v6_ml_detection\sam_masks\prompted_mobile_sam_from_source_tifs\instances\45min after washout_frame_014.png; box_source=mask_union;seeds=n5+b5
45min_after_washout_frame_014,early_bud_pair,106.0,121.0,153.0,170.0,v6_mask_aware_pseudo_label,needs_review,one_nucleus_near_budneck; budneck_idx=4; mask_source=v6_ml_detection\sam_masks\prompted_mobile_sam_from_source_tifs\instances\45min after washout_frame_014.png; box_source=mask_union;seeds=n4+b4
45min_after_washout_frame_015,mother_bud_pair,113.0,84.0,173.0,174.0,v6_mask_aware_pseudo_label,needs_review,two_nuclei_near_budneck; budneck_idx=1; mask_source=v6_ml_detection\sam_masks\prompted_mobile_sam_from_source_tifs\instances\45min after washout_frame_015.png; box_source=mask_union;seeds=n3+n1+b1
45min_after_washout_frame_015,mother_bud_pair,61.0,133.0,127.0,203.0,v6_mask_aware_pseudo_label,needs_review,two_nuclei_near_budneck; budneck_idx=3; mask_source=v6_ml_detection\sam_masks\prompted_mobile_sam_from_source_tifs\instances\45min after washout_frame_015.png; box_source=mask_union;seeds=n4+n8+b3
45min_after_washout_frame_015,mother_bud_pair,149.0,157.0,219.0,197.0,v6_mask_aware_pseudo_label,needs_review,two_nuclei_near_budneck; budneck_idx=5; mask_source=v6_ml_detection\sam_masks\prompted_mobile_sam_from_source_tifs\instances\45min after washout_frame_015.png; box_source=mask_union;seeds=n6+n7+b5
45min_after_washout_frame_015,early_bud_pair,165.0,116.0,226.0,168.0,v6_mask_aware_pseudo_label,needs_review,one_nucleus_near_budneck; budneck_idx=2; mask_source=v6_ml_detection\sam_masks\prompted_mobile_sam_from_source_tifs\instances\45min after washout_frame_015.png; box_source=mask_union;seeds=n2+b2
45min_after_washout_frame_015,early_bud_pair,9.0,154.0,60.0,194.0,v6_mask_aware_pseudo_label,needs_review,one_nucleus_near_budneck; budneck_idx=4; mask_source=v6_ml_detection\sam_masks\prompted_mobile_sam_from_source_tifs\instances\45min after washout_frame_015.png; box_source=mask_union;seeds=n5+b4
45min_after_washout_frame_015,single_cell,0.0,76.0,32.0,118.0,v6_mask_aware_pseudo_label,needs_review,unpaired_green_nucleus; nucleus_idx=0; mask_source=v6_ml_detection\sam_masks\prompted_mobile_sam_from_source_tifs\instances\45min after washout_frame_015.png; box_source=mask_union;seeds=n0
45min_after_washout_frame_016,mother_bud_pair,79.0,86.0,153.0,157.0,v6_mask_aware_pseudo_label,needs_review,two_nuclei_near_budneck; budneck_idx=5; mask_source=v6_ml_detection\sam_masks\prompted_mobile_sam_from_source_tifs\instances\45min after washout_frame_016.png; box_source=mask_union;seeds=n5+n4+b5
45min_after_washout_frame_016,mother_bud_pair,0.0,0.0,61.0,35.0,v6_mask_aware_pseudo_label,needs_review,two_nuclei_near_budneck; budneck_idx=1; mask_source=v6_ml_detection\sam_masks\prompted_mobile_sam_from_source_tifs\instances\45min after washout_frame_016.png; box_source=mask_union;seeds=n1+n0+b1
45min_after_washout_frame_016,early_bud_pair,120.0,48.0,189.0,105.0,v6_mask_aware_pseudo_label,needs_review,one_nucleus_near_budneck; budneck_idx=3; mask_source=v6_ml_detection\sam_masks\prompted_mobile_sam_from_source_tifs\instances\45min after washout_frame_016.png; box_source=mask_union;seeds=n3+b3
45min_after_washout_frame_016,early_bud_pair,0.0,3.0,29.0,52.0,v6_mask_aware_pseudo_label,needs_review,one_nucleus_near_budneck; budneck_idx=2; mask_source=v6_ml_detection\sam_masks\prompted_mobile_sam_from_source_tifs\instances\45min after washout_frame_016.png; box_source=mask_union;seeds=n2+b2
45min_after_washout_frame_017,mother_bud_pair,21.0,113.0,82.0,172.0,v6_mask_aware_pseudo_label,needs_review,two_nuclei_near_budneck; budneck_idx=5; mask_source=v6_ml_detection\sam_masks\prompted_mobile_sam_from_source_tifs\instances\45min after washout_frame_017.png; box_source=mask_union;seeds=n4+n6+b5
45min_after_washout_frame_017,mother_bud_pair,121.0,58.0,183.0,127.0,v6_mask_aware_pseudo_label,needs_review,two_nuclei_near_budneck; budneck_idx=1; mask_source=v6_ml_detection\sam_masks\prompted_mobile_sam_from_source_tifs\instances\45min after washout_frame_017.png; box_source=mask_union;seeds=n1+n3+b1
45min_after_washout_frame_017,mother_bud_pair,108.0,121.0,191.0,184.0,v6_mask_aware_pseudo_label,needs_review,two_nuclei_near_budneck; budneck_idx=6; mask_source=v6_ml_detection\sam_masks\prompted_mobile_sam_from_source_tifs\instances\45min after washout_frame_017.png; box_source=mask_union;seeds=n8+n5+b6
45min_after_washout_frame_017,early_bud_pair,73.0,80.0,133.0,135.0,v6_mask_aware_pseudo_label,needs_review,one_nucleus_near_budneck; budneck_idx=2; mask_source=v6_ml_detection\sam_masks\prompted_mobile_sam_from_source_tifs\instances\45min after washout_frame_017.png; box_source=mask_union;seeds=n2+b2
45min_after_washout_frame_017,early_bud_pair,195.0,10.0,237.0,74.0,v6_mask_aware_pseudo_label,needs_review,one_nucleus_near_budneck; budneck_idx=0; mask_source=v6_ml_detection\sam_masks\prompted_mobile_sam_from_source_tifs\instances\45min after washout_frame_017.png; box_source=mask_union;seeds=n0+b0
45min_after_washout_frame_017,early_bud_pair,106.0,133.0,146.0,179.0,v6_mask_aware_pseudo_label,needs_review,one_nucleus_near_budneck; budneck_idx=7; mask_source=v6_ml_detection\sam_masks\prompted_mobile_sam_from_source_tifs\instances\45min after washout_frame_017.png; box_source=mask_union;seeds=n7+b7
45min_after_washout_frame_018,mother_bud_pair,93.0,65.0,161.0,139.0,v6_mask_aware_pseudo_label,needs_review,two_nuclei_near_budneck; budneck_idx=6; mask_source=v6_ml_detection\sam_masks\prompted_mobile_sam_from_source_tifs\instances\45min after washout_frame_018.png; box_source=mask_union;seeds=n4+n6+b6
45min_after_washout_frame_018,mother_bud_pair,74.0,29.0,140.0,100.0,v6_mask_aware_pseudo_label,needs_review,two_nuclei_near_budneck; budneck_idx=2; mask_source=v6_ml_detection\sam_masks\prompted_mobile_sam_from_source_tifs\instances\45min after washout_frame_018.png; box_source=mask_union;seeds=n2+n1+b2
45min_after_washout_frame_018,mother_bud_pair,107.0,125.0,176.0,172.0,v6_mask_aware_pseudo_label,needs_review,two_nuclei_near_budneck; budneck_idx=9; mask_source=v6_ml_detection\sam_masks\prompted_mobile_sam_from_source_tifs\instances\45min after washout_frame_018.png; box_source=mask_union;seeds=n9+n8+b9
45min_after_washout_frame_018,mother_bud_pair,37.0,51.0,85.0,125.0,v6_mask_aware_pseudo_label,needs_review,two_nuclei_near_budneck; budneck_idx=4; mask_source=v6_ml_detection\sam_masks\prompted_mobile_sam_from_source_tifs\instances\45min after washout_frame_018.png; box_source=mask_union;seeds=n5+n3+b4
45min_after_washout_frame_018,early_bud_pair,94.0,0.0,140.0,51.0,v6_mask_aware_pseudo_label,needs_review,one_nucleus_near_budneck; budneck_idx=1; mask_source=v6_ml_detection\sam_masks\prompted_mobile_sam_from_source_tifs\instances\45min after washout_frame_018.png; box_source=mask_union;seeds=n0+b1
45min_after_washout_frame_018,early_bud_pair,206.0,93.0,255.0,147.0,v6_mask_aware_pseudo_label,needs_review,one_nucleus_near_budneck; budneck_idx=8; mask_source=v6_ml_detection\sam_masks\prompted_mobile_sam_from_source_tifs\instances\45min after washout_frame_018.png; box_source=mask_union;seeds=n7+b8
45min_after_washout_frame_018,early_bud_pair,2.0,225.0,50.0,255.0,v6_mask_aware_pseudo_label,needs_review,one_nucleus_near_budneck; budneck_idx=10; mask_source=v6_ml_detection\sam_masks\prompted_mobile_sam_from_source_tifs\instances\45min after washout_frame_018.png; box_source=mask_union;seeds=n10+b10
45min_after_washout_frame_019,mother_bud_pair,100.0,57.0,178.0,136.0,v6_mask_aware_pseudo_label,needs_review,two_nuclei_near_budneck; budneck_idx=1; mask_source=v6_ml_detection\sam_masks\prompted_mobile_sam_from_source_tifs\instances\45min after washout_frame_019.png; box_source=mask_union;seeds=n2+n3+b1
45min_after_washout_frame_019,mother_bud_pair,20.0,156.0,86.0,215.0,v6_mask_aware_pseudo_label,needs_review,two_nuclei_near_budneck; budneck_idx=3; mask_source=v6_ml_detection\sam_masks\prompted_mobile_sam_from_source_tifs\instances\45min after washout_frame_019.png; box_source=mask_union;seeds=n5+n6+b3
45min_after_washout_frame_019,mother_bud_pair,96.0,24.0,163.0,93.0,v6_mask_aware_pseudo_label,needs_review,two_nuclei_near_budneck; budneck_idx=0; mask_source=v6_ml_detection\sam_masks\prompted_mobile_sam_from_source_tifs\instances\45min after washout_frame_019.png; box_source=mask_union;seeds=n0+n1+b0
45min_after_washout_frame_019,mother_bud_pair,98.0,203.0,167.0,255.0,v6_mask_aware_pseudo_label,needs_review,two_nuclei_near_budneck; budneck_idx=5; mask_source=v6_ml_detection\sam_masks\prompted_mobile_sam_from_source_tifs\instances\45min after washout_frame_019.png; box_source=mask_union;seeds=n8+n7+b5
45min_after_washout_frame_019,early_bud_pair,74.0,136.0,114.0,200.0,v6_mask_aware_pseudo_label,needs_review,one_nucleus_near_budneck; budneck_idx=2; mask_source=v6_ml_detection\sam_masks\prompted_mobile_sam_from_source_tifs\instances\45min after washout_frame_019.png; box_source=mask_union;seeds=n4+b2
60min_after_washout_frame_000,mother_bud_pair,69.0,124.0,145.0,174.0,v6_mask_aware_pseudo_label,needs_review,two_nuclei_near_budneck; budneck_idx=8; mask_source=v6_ml_detection\sam_masks\prompted_mobile_sam_from_source_tifs\instances\60min after washout_frame_000.png; box_source=mask_union;seeds=n5+n6+b8
60min_after_washout_frame_000,mother_bud_pair,71.0,60.0,132.0,141.0,v6_mask_aware_pseudo_label,needs_review,two_nuclei_near_budneck; budneck_idx=4; mask_source=v6_ml_detection\sam_masks\prompted_mobile_sam_from_source_tifs\instances\60min after washout_frame_000.png; box_source=mask_union;seeds=n2+n4+b4
60min_after_washout_frame_000,mother_bud_pair,127.0,30.0,189.0,97.0,v6_mask_aware_pseudo_label,needs_review,two_nuclei_near_budneck; budneck_idx=2; mask_source=v6_ml_detection\sam_masks\prompted_mobile_sam_from_source_tifs\instances\60min after washout_frame_000.png; box_source=mask_union;seeds=n1+n3+b2
60min_after_washout_frame_000,early_bud_pair,95.0,25.0,132.0,74.0,v6_mask_aware_pseudo_label,needs_review,one_nucleus_near_budneck; budneck_idx=1; mask_source=v6_ml_detection\sam_masks\prompted_mobile_sam_from_source_tifs\instances\60min after washout_frame_000.png; box_source=mask_union;seeds=n0+b1
60min_after_washout_frame_001,mother_bud_pair,31.0,118.0,95.0,194.0,v6_mask_aware_pseudo_label,needs_review,two_nuclei_near_budneck; budneck_idx=9; mask_source=v6_ml_detection\sam_masks\prompted_mobile_sam_from_source_tifs\instances\60min after washout_frame_001.png; box_source=mask_union;seeds=n11+n8+b9
60min_after_washout_frame_001,mother_bud_pair,80.0,32.0,154.0,78.0,v6_mask_aware_pseudo_label,needs_review,two_nuclei_near_budneck; budneck_idx=1; mask_source=v6_ml_detection\sam_masks\prompted_mobile_sam_from_source_tifs\instances\60min after washout_frame_001.png; box_source=mask_union;seeds=n0+n1+b1
60min_after_washout_frame_001,mother_bud_pair,159.0,86.0,208.0,160.0,v6_mask_aware_pseudo_label,needs_review,two_nuclei_near_budneck; budneck_idx=7; mask_source=v6_ml_detection\sam_masks\prompted_mobile_sam_from_source_tifs\instances\60min after washout_frame_001.png; box_source=mask_union;seeds=n10+n4+b7
60min_after_washout_frame_001,mother_bud_pair,80.0,130.0,145.0,189.0,v6_mask_aware_pseudo_label,needs_review,two_nuclei_near_budneck; budneck_idx=11; mask_source=v6_ml_detection\sam_masks\prompted_mobile_sam_from_source_tifs\instances\60min after washout_frame_001.png; box_source=mask_union;seeds=n12+n9+b11
60min_after_washout_frame_001,mother_bud_pair,73.0,90.0,139.0,164.0,v6_mask_aware_pseudo_label,needs_review,two_nuclei_near_budneck; budneck_idx=8; mask_source=v6_ml_detection\sam_masks\prompted_mobile_sam_from_source_tifs\instances\60min after washout_frame_001.png; box_source=mask_union;seeds=n7+n6+b8
60min_after_washout_frame_001,mother_bud_pair,102.0,57.0,156.0,118.0,v6_mask_aware_pseudo_label,needs_review,two_nuclei_near_budneck; budneck_idx=2; mask_source=v6_ml_detection\sam_masks\prompted_mobile_sam_from_source_tifs\instances\60min after washout_frame_001.png; box_source=mask_union;seeds=n2+n3+b2
60min_after_washout_frame_001,early_bud_pair,64.0,84.0,127.0,129.0,v6_mask_aware_pseudo_label,needs_review,one_nucleus_near_budneck; budneck_idx=3; mask_source=v6_ml_detection\sam_masks\prompted_mobile_sam_from_source_tifs\instances\60min after washout_frame_001.png; box_source=mask_union;seeds=n5+b3
60min_after_washout_frame_002,mother_bud_pair,93.0,117.0,146.0,179.0,v6_mask_aware_pseudo_label,needs_review,two_nuclei_near_budneck; budneck_idx=11; mask_source=v6_ml_detection\sam_masks\prompted_mobile_sam_from_source_tifs\instances\60min after washout_frame_002.png; box_source=mask_union;seeds=n6+n4+b11
60min_after_washout_frame_002,mother_bud_pair,110.0,40.0,175.0,86.0,v6_mask_aware_pseudo_label,needs_review,two_nuclei_near_budneck; budneck_idx=0; mask_source=v6_ml_detection\sam_masks\prompted_mobile_sam_from_source_tifs\instances\60min after washout_frame_002.png; box_source=mask_union;seeds=n1+n0+b0
60min_after_washout_frame_002,mother_bud_pair,203.0,175.0,255.0,240.0,v6_mask_aware_pseudo_label,needs_review,two_nuclei_near_budneck; budneck_idx=12; mask_source=v6_ml_detection\sam_masks\prompted_mobile_sam_from_source_tifs\instances\60min after washout_frame_002.png; box_source=mask_union;seeds=n7+n8+b12
60min_after_washout_frame_002,mother_bud_pair,62.0,87.0,144.0,145.0,v6_mask_aware_pseudo_label,needs_review,two_nuclei_near_budneck; budneck_idx=9; mask_source=v6_ml_detection\sam_masks\prompted_mobile_sam_from_source_tifs\instances\60min after washout_frame_002.png; box_source=mask_union;seeds=n3+n2+b9
60min_after_washout_frame_002,mother_bud_pair,176.0,220.0,255.0,255.0,v6_mask_aware_pseudo_label,needs_review,two_nuclei_near_budneck; budneck_idx=13; mask_source=v6_ml_detection\sam_masks\prompted_mobile_sam_from_source_tifs\instances\60min after washout_frame_002.png; box_source=mask_union;seeds=n9+n10+b13
60min_after_washout_frame_002,single_cell,67.0,129.0,103.0,171.0,v6_mask_aware_pseudo_label,needs_review,unpaired_green_nucleus; nucleus_idx=5; mask_source=v6_ml_detection\sam_masks\prompted_mobile_sam_from_source_tifs\instances\60min after washout_frame_002.png; box_source=mask_union;seeds=n5
60min_after_washout_frame_003,mother_bud_pair,88.0,64.0,162.0,106.0,v6_mask_aware_pseudo_label,needs_review,two_nuclei_near_budneck; budneck_idx=5; mask_source=v6_ml_detection\sam_masks\prompted_mobile_sam_from_source_tifs\instances\60min after washout_frame_003.png; box_source=mask_union;seeds=n7+n8+b5
60min_after_washout_frame_003,mother_bud_pair,103.0,41.0,174.0,79.0,v6_mask_aware_pseudo_label,needs_review,two_nuclei_near_budneck; budneck_idx=4; mask_source=v6_ml_detection\sam_masks\prompted_mobile_sam_from_source_tifs\instances\60min after washout_frame_003.png; box_source=mask_union;seeds=n6+n5+b4
60min_after_washout_frame_003,mother_bud_pair,107.0,0.0,180.0,46.0,v6_mask_aware_pseudo_label,needs_review,two_nuclei_near_budneck; budneck_idx=1; mask_source=v6_ml_detection\sam_masks\prompted_mobile_sam_from_source_tifs\instances\60min after washout_frame_003.png; box_source=mask_union;seeds=n0+n2+b1
60min_after_washout_frame_003,mother_bud_pair,188.0,0.0,252.0,54.0,v6_mask_aware_pseudo_label,needs_review,two_nuclei_near_budneck; budneck_idx=0; mask_source=v6_ml_detection\sam_masks\prompted_mobile_sam_from_source_tifs\instances\60min after washout_frame_003.png; box_source=mask_union;seeds=n1+n3+b0
60min_after_washout_frame_003,early_bud_pair,50.0,106.0,118.0,148.0,v6_mask_aware_pseudo_label,needs_review,one_nucleus_near_budneck; budneck_idx=7; mask_source=v6_ml_detection\sam_masks\prompted_mobile_sam_from_source_tifs\instances\60min after washout_frame_003.png; box_source=mask_union;seeds=n9+b7
60min_after_washout_frame_003,early_bud_pair,160.0,231.0,235.0,255.0,v6_mask_aware_pseudo_label,needs_review,one_nucleus_near_budneck; budneck_idx=9; mask_source=v6_ml_detection\sam_masks\prompted_mobile_sam_from_source_tifs\instances\60min after washout_frame_003.png; box_source=mask_union;seeds=n10+b9
60min_after_washout_frame_003,early_bud_pair,68.0,10.0,124.0,48.0,v6_mask_aware_pseudo_label,needs_review,one_nucleus_near_budneck; budneck_idx=3; mask_source=v6_ml_detection\sam_masks\prompted_mobile_sam_from_source_tifs\instances\60min after washout_frame_003.png; box_source=mask_union;seeds=n4+b3
60min_after_washout_frame_004,mother_bud_pair,115.0,111.0,161.0,157.0,v6_mask_aware_pseudo_label,needs_review,two_nuclei_near_budneck; budneck_idx=6; mask_source=v6_ml_detection\sam_masks\prompted_mobile_sam_from_source_tifs\instances\60min after washout_frame_004.png; box_source=mask_union;seeds=n11+n10+b6
60min_after_washout_frame_004,mother_bud_pair,121.0,40.0,182.0,103.0,v6_mask_aware_pseudo_label,needs_review,two_nuclei_near_budneck; budneck_idx=0; mask_source=v6_ml_detection\sam_masks\prompted_mobile_sam_from_source_tifs\instances\60min after washout_frame_004.png; box_source=mask_union;seeds=n0+n3+b0
60min_after_washout_frame_004,mother_bud_pair,85.0,86.0,142.0,154.0,v6_mask_aware_pseudo_label,needs_review,two_nuclei_near_budneck; budneck_idx=8; mask_source=v6_ml_detection\sam_masks\prompted_mobile_sam_from_source_tifs\instances\60min after washout_frame_004.png; box_source=mask_union;seeds=n7+n6+b8
60min_after_washout_frame_004,mother_bud_pair,38.0,55.0,110.0,119.0,v6_mask_aware_pseudo_label,needs_review,two_nuclei_near_budneck; budneck_idx=3; mask_source=v6_ml_detection\sam_masks\prompted_mobile_sam_from_source_tifs\instances\60min after washout_frame_004.png; box_source=mask_union;seeds=n5+n1+b3
60min_after_washout_frame_004,mother_bud_pair,153.0,81.0,201.0,136.0,v6_mask_aware_pseudo_label,needs_review,two_nuclei_near_budneck; budneck_idx=4; mask_source=v6_ml_detection\sam_masks\prompted_mobile_sam_from_source_tifs\instances\60min after washout_frame_004.png; box_source=mask_union;seeds=n8+n4+b4
60min_after_washout_frame_004,early_bud_pair,0.0,97.0,73.0,151.0,v6_mask_aware_pseudo_label,needs_review,one_nucleus_near_budneck; budneck_idx=7; mask_source=v6_ml_detection\sam_masks\prompted_mobile_sam_from_source_tifs\instances\60min after washout_frame_004.png; box_source=mask_union;seeds=n9+b7
60min_after_washout_frame_004,early_bud_pair,127.0,127.0,202.0,194.0,v6_mask_aware_pseudo_label,needs_review,one_nucleus_near_budneck; budneck_idx=10; mask_source=v6_ml_detection\sam_masks\prompted_mobile_sam_from_source_tifs\instances\60min after washout_frame_004.png; box_source=mask_union;seeds=n12+b10
60min_after_washout_frame_004,single_cell,87.0,52.0,136.0,101.0,v6_mask_aware_pseudo_label,needs_review,unpaired_green_nucleus; nucleus_idx=2; mask_source=v6_ml_detection\sam_masks\prompted_mobile_sam_from_source_tifs\instances\60min after washout_frame_004.png; box_source=mask_union;seeds=n2
60min_after_washout_frame_005,mother_bud_pair,167.0,78.0,246.0,146.0,v6_mask_aware_pseudo_label,needs_review,two_nuclei_near_budneck; budneck_idx=1; mask_source=v6_ml_detection\sam_masks\prompted_mobile_sam_from_source_tifs\instances\60min after washout_frame_005.png; box_source=mask_union;seeds=n6+n3+b1
60min_after_washout_frame_005,mother_bud_pair,43.0,60.0,122.0,120.0,v6_mask_aware_pseudo_label,needs_review,two_nuclei_near_budneck; budneck_idx=0; mask_source=v6_ml_detection\sam_masks\prompted_mobile_sam_from_source_tifs\instances\60min after washout_frame_005.png; box_source=mask_union;seeds=n0+n1+b0
60min_after_washout_frame_005,mother_bud_pair,82.0,78.0,130.0,148.0,v6_mask_aware_pseudo_label,needs_review,two_nuclei_near_budneck; budneck_idx=3; mask_source=v6_ml_detection\sam_masks\prompted_mobile_sam_from_source_tifs\instances\60min after washout_frame_005.png; box_source=mask_union;seeds=n4+n5+b3
60min_after_washout_frame_005,early_bud_pair,230.0,77.0,255.0,138.0,v6_mask_aware_pseudo_label,needs_review,one_nucleus_near_budneck; budneck_idx=2; mask_source=v6_ml_detection\sam_masks\prompted_mobile_sam_from_source_tifs\instances\60min after washout_frame_005.png; box_source=mask_union;seeds=n2+b2
60min_after_washout_frame_005,early_bud_pair,201.0,224.0,248.0,255.0,v6_mask_aware_pseudo_label,needs_review,one_nucleus_near_budneck; budneck_idx=9; mask_source=v6_ml_detection\sam_masks\prompted_mobile_sam_from_source_tifs\instances\60min after washout_frame_005.png; box_source=mask_union;seeds=n7+b9
60min_after_washout_frame_006,mother_bud_pair,69.0,68.0,147.0,126.0,v6_mask_aware_pseudo_label,needs_review,two_nuclei_near_budneck; budneck_idx=1; mask_source=v6_ml_detection\sam_masks\prompted_mobile_sam_from_source_tifs\instances\60min after washout_frame_006.png; box_source=mask_union;seeds=n2+n0+b1
60min_after_washout_frame_006,mother_bud_pair,140.0,121.0,196.0,209.0,v6_mask_aware_pseudo_label,needs_review,two_nuclei_near_budneck; budneck_idx=4; mask_source=v6_ml_detection\sam_masks\prompted_mobile_sam_from_source_tifs\instances\60min after washout_frame_006.png; box_source=mask_union;seeds=n4+n8+b4
60min_after_washout_frame_006,mother_bud_pair,78.0,113.0,147.0,181.0,v6_mask_aware_pseudo_label,needs_review,two_nuclei_near_budneck; budneck_idx=3; mask_source=v6_ml_detection\sam_masks\prompted_mobile_sam_from_source_tifs\instances\60min after washout_frame_006.png; box_source=mask_union;seeds=n3+n5+b3
60min_after_washout_frame_006,mother_bud_pair,106.0,163.0,151.0,228.0,v6_mask_aware_pseudo_label,needs_review,two_nuclei_near_budneck; budneck_idx=7; mask_source=v6_ml_detection\sam_masks\prompted_mobile_sam_from_source_tifs\instances\60min after washout_frame_006.png; box_source=mask_union;seeds=n9+n7+b7
60min_after_washout_frame_006,early_bud_pair,163.0,148.0,228.0,209.0,v6_mask_aware_pseudo_label,needs_review,one_nucleus_near_budneck; budneck_idx=5; mask_source=v6_ml_detection\sam_masks\prompted_mobile_sam_from_source_tifs\instances\60min after washout_frame_006.png; box_source=mask_union;seeds=n6+b5
60min_after_washout_frame_006,early_bud_pair,220.0,188.0,255.0,248.0,v6_mask_aware_pseudo_label,needs_review,one_nucleus_near_budneck; budneck_idx=8; mask_source=v6_ml_detection\sam_masks\prompted_mobile_sam_from_source_tifs\instances\60min after washout_frame_006.png; box_source=mask_union;seeds=n10+b8
60min_after_washout_frame_006,early_bud_pair,87.0,62.0,161.0,130.0,v6_mask_aware_pseudo_label,needs_review,one_nucleus_near_budneck; budneck_idx=0; mask_source=v6_ml_detection\sam_masks\prompted_mobile_sam_from_source_tifs\instances\60min after washout_frame_006.png; box_source=mask_union;seeds=n1+b0
60min_after_washout_frame_007,mother_bud_pair,62.0,30.0,125.0,82.0,v6_mask_aware_pseudo_label,needs_review,two_nuclei_near_budneck; budneck_idx=0; mask_source=v6_ml_detection\sam_masks\prompted_mobile_sam_from_source_tifs\instances\60min after washout_frame_007.png; box_source=mask_union;seeds=n0+n1+b0
60min_after_washout_frame_007,mother_bud_pair,168.0,162.0,230.0,231.0,v6_mask_aware_pseudo_label,needs_review,two_nuclei_near_budneck; budneck_idx=10; mask_source=v6_ml_detection\sam_masks\prompted_mobile_sam_from_source_tifs\instances\60min after washout_frame_007.png; box_source=mask_union;seeds=n14+n15+b10
60min_after_washout_frame_007,mother_bud_pair,115.0,117.0,170.0,182.0,v6_mask_aware_pseudo_label,needs_review,two_nuclei_near_budneck; budneck_idx=8; mask_source=v6_ml_detection\sam_masks\prompted_mobile_sam_from_source_tifs\instances\60min after washout_frame_007.png; box_source=mask_union;seeds=n11+n7+b8
60min_after_washout_frame_007,mother_bud_pair,33.0,74.0,93.0,135.0,v6_mask_aware_pseudo_label,needs_review,two_nuclei_near_budneck; budneck_idx=1; mask_source=v6_ml_detection\sam_masks\prompted_mobile_sam_from_source_tifs\instances\60min after washout_frame_007.png; box_source=mask_union;seeds=n3+n2+b1
60min_after_washout_frame_007,mother_bud_pair,40.0,98.0,121.0,151.0,v6_mask_aware_pseudo_label,needs_review,two_nuclei_near_budneck; budneck_idx=2; mask_source=v6_ml_detection\sam_masks\prompted_mobile_sam_from_source_tifs\instances\60min after washout_frame_007.png; box_source=mask_union;seeds=n6+n10+b2
60min_after_washout_frame_007,mother_bud_pair,145.0,139.0,209.0,198.0,v6_mask_aware_pseudo_label,needs_review,two_nuclei_near_budneck; budneck_idx=9; mask_source=v6_ml_detection\sam_masks\prompted_mobile_sam_from_source_tifs\instances\60min after washout_frame_007.png; box_source=mask_union;seeds=n13+n12+b9
60min_after_washout_frame_007,mother_bud_pair,2.0,92.0,66.0,161.0,v6_mask_aware_pseudo_label,needs_review,two_nuclei_near_budneck; budneck_idx=4; mask_source=v6_ml_detection\sam_masks\prompted_mobile_sam_from_source_tifs\instances\60min after washout_frame_007.png; box_source=mask_union;seeds=n4+n9+b4
60min_after_washout_frame_007,mother_bud_pair,153.0,107.0,218.0,165.0,v6_mask_aware_pseudo_label,needs_review,two_nuclei_near_budneck; budneck_idx=7; mask_source=v6_ml_detection\sam_masks\prompted_mobile_sam_from_source_tifs\instances\60min after washout_frame_007.png; box_source=mask_union;seeds=n8+n5+b7
60min_after_washout_frame_008,mother_bud_pair,97.0,85.0,159.0,142.0,v6_mask_aware_pseudo_label,needs_review,two_nuclei_near_budneck; budneck_idx=8; mask_source=v6_ml_detection\sam_masks\prompted_mobile_sam_from_source_tifs\instances\60min after washout_frame_008.png; box_source=mask_union;seeds=n8+n7+b8
60min_after_washout_frame_008,mother_bud_pair,157.0,202.0,219.0,248.0,v6_mask_aware_pseudo_label,needs_review,two_nuclei_near_budneck; budneck_idx=10; mask_source=v6_ml_detection\sam_masks\prompted_mobile_sam_from_source_tifs\instances\60min after washout_frame_008.png; box_source=mask_union;seeds=n13+n12+b10
60min_after_washout_frame_008,mother_bud_pair,33.0,13.0,106.0,93.0,v6_mask_aware_pseudo_label,needs_review,two_nuclei_near_budneck; budneck_idx=2; mask_source=v6_ml_detection\sam_masks\prompted_mobile_sam_from_source_tifs\instances\60min after washout_frame_008.png; box_source=mask_union;seeds=n4+n2+b2
60min_after_washout_frame_008,mother_bud_pair,33.0,0.0,95.0,51.0,v6_mask_aware_pseudo_label,needs_review,two_nuclei_near_budneck; budneck_idx=0; mask_source=v6_ml_detection\sam_masks\prompted_mobile_sam_from_source_tifs\instances\60min after washout_frame_008.png; box_source=mask_union;seeds=n0+n1+b0
60min_after_washout_frame_008,mother_bud_pair,85.0,49.0,156.0,95.0,v6_mask_aware_pseudo_label,needs_review,two_nuclei_near_budneck; budneck_idx=3; mask_source=v6_ml_detection\sam_masks\prompted_mobile_sam_from_source_tifs\instances\60min after washout_frame_008.png; box_source=mask_union;seeds=n5+n6+b3
60min_after_washout_frame_008,early_bud_pair,169.0,50.0,230.0,90.0,v6_mask_aware_pseudo_label,needs_review,one_nucleus_near_budneck; budneck_idx=4; mask_source=v6_ml_detection\sam_masks\prompted_mobile_sam_from_source_tifs\instances\60min after washout_frame_008.png; box_source=mask_union;seeds=n3+b4
60min_after_washout_frame_008,early_bud_pair,51.0,80.0,110.0,130.0,v6_mask_aware_pseudo_label,needs_review,one_nucleus_near_budneck; budneck_idx=7; mask_source=v6_ml_detection\sam_masks\prompted_mobile_sam_from_source_tifs\instances\60min after washout_frame_008.png; box_source=mask_union;seeds=n9+b7
60min_after_washout_frame_008,single_cell,120.0,112.0,165.0,150.0,v6_mask_aware_pseudo_label,needs_review,unpaired_green_nucleus; nucleus_idx=10; mask_source=v6_ml_detection\sam_masks\prompted_mobile_sam_from_source_tifs\instances\60min after washout_frame_008.png; box_source=mask_union;seeds=n10
60min_after_washout_frame_008,single_cell,157.0,178.0,198.0,214.0,v6_mask_aware_pseudo_label,needs_review,unpaired_green_nucleus; nucleus_idx=11; mask_source=v6_ml_detection\sam_masks\prompted_mobile_sam_from_source_tifs\instances\60min after washout_frame_008.png; box_source=mask_union;seeds=n11
60min_after_washout_frame_009,mother_bud_pair,144.0,98.0,217.0,162.0,v6_mask_aware_pseudo_label,needs_review,two_nuclei_near_budneck; budneck_idx=4; mask_source=v6_ml_detection\sam_masks\prompted_mobile_sam_from_source_tifs\instances\60min after washout_frame_009.png; box_source=mask_union;seeds=n6+n3+b4
60min_after_washout_frame_009,mother_bud_pair,51.0,64.0,110.0,140.0,v6_mask_aware_pseudo_label,needs_review,two_nuclei_near_budneck; budneck_idx=3; mask_source=v6_ml_detection\sam_masks\prompted_mobile_sam_from_source_tifs\instances\60min after washout_frame_009.png; box_source=mask_union;seeds=n5+n1+b3
60min_after_washout_frame_009,mother_bud_pair,108.0,51.0,182.0,142.0,v6_mask_aware_pseudo_label,needs_review,two_nuclei_near_budneck; budneck_idx=1; mask_source=v6_ml_detection\sam_masks\prompted_mobile_sam_from_source_tifs\instances\60min after washout_frame_009.png; box_source=mask_union;seeds=n4+n0+b1
60min_after_washout_frame_009,mother_bud_pair,34.0,125.0,118.0,167.0,v6_mask_aware_pseudo_label,needs_review,two_nuclei_near_budneck; budneck_idx=6; mask_source=v6_ml_detection\sam_masks\prompted_mobile_sam_from_source_tifs\instances\60min after washout_frame_009.png; box_source=mask_union;seeds=n7+n8+b6
60min_after_washout_frame_009,early_bud_pair,91.0,62.0,168.0,131.0,v6_mask_aware_pseudo_label,needs_review,one_nucleus_near_budneck; budneck_idx=0; mask_source=v6_ml_detection\sam_masks\prompted_mobile_sam_from_source_tifs\instances\60min after washout_frame_009.png; box_source=mask_union;seeds=n2+b0
60min_after_washout_frame_009,single_cell,156.0,152.0,188.0,188.0,v6_mask_aware_pseudo_label,needs_review,unpaired_green_nucleus; nucleus_idx=9; mask_source=v6_ml_detection\sam_masks\prompted_mobile_sam_from_source_tifs\instances\60min after washout_frame_009.png; box_source=mask_union;seeds=n9
60min_after_washout_frame_010,mother_bud_pair,118.0,125.0,187.0,200.0,v6_mask_aware_pseudo_label,needs_review,two_nuclei_near_budneck; budneck_idx=9; mask_source=v6_ml_detection\sam_masks\prompted_mobile_sam_from_source_tifs\instances\60min after washout_frame_010.png; box_source=mask_union;seeds=n12+n13+b9
60min_after_washout_frame_010,mother_bud_pair,70.0,85.0,115.0,159.0,v6_mask_aware_pseudo_label,needs_review,two_nuclei_near_budneck; budneck_idx=7; mask_source=v6_ml_detection\sam_masks\prompted_mobile_sam_from_source_tifs\instances\60min after washout_frame_010.png; box_source=mask_union;seeds=n11+n7+b7
60min_after_washout_frame_010,mother_bud_pair,114.0,69.0,167.0,140.0,v6_mask_aware_pseudo_label,needs_review,two_nuclei_near_budneck; budneck_idx=5; mask_source=v6_ml_detection\sam_masks\prompted_mobile_sam_from_source_tifs\instances\60min after washout_frame_010.png; box_source=mask_union;seeds=n10+n4+b5
60min_after_washout_frame_010,mother_bud_pair,0.0,89.0,75.0,140.0,v6_mask_aware_pseudo_label,needs_review,two_nuclei_near_budneck; budneck_idx=6; mask_source=v6_ml_detection\sam_masks\prompted_mobile_sam_from_source_tifs\instances\60min after washout_frame_010.png; box_source=mask_union;seeds=n9+n8+b6
60min_after_washout_frame_010,mother_bud_pair,45.0,0.0,124.0,34.0,v6_mask_aware_pseudo_label,needs_review,two_nuclei_near_budneck; budneck_idx=1; mask_source=v6_ml_detection\sam_masks\prompted_mobile_sam_from_source_tifs\instances\60min after washout_frame_010.png; box_source=mask_union;seeds=n1+n0+b1
60min_after_washout_frame_010,mother_bud_pair,170.0,61.0,238.0,108.0,v6_mask_aware_pseudo_label,needs_review,two_nuclei_near_budneck; budneck_idx=3; mask_source=v6_ml_detection\sam_masks\prompted_mobile_sam_from_source_tifs\instances\60min after washout_frame_010.png; box_source=mask_union;seeds=n3+n5+b3
60min_after_washout_frame_010,early_bud_pair,0.0,35.0,71.0,76.0,v6_mask_aware_pseudo_label,needs_review,one_nucleus_near_budneck; budneck_idx=2; mask_source=v6_ml_detection\sam_masks\prompted_mobile_sam_from_source_tifs\instances\60min after washout_frame_010.png; box_source=mask_union;seeds=n2+b2
60min_after_washout_frame_010,early_bud_pair,149.0,71.0,185.0,116.0,v6_mask_aware_pseudo_label,needs_review,one_nucleus_near_budneck; budneck_idx=4; mask_source=v6_ml_detection\sam_masks\prompted_mobile_sam_from_source_tifs\instances\60min after washout_frame_010.png; box_source=mask_union;seeds=n6+b4
60min_after_washout_frame_011,mother_bud_pair,53.0,38.0,127.0,112.0,v6_mask_aware_pseudo_label,needs_review,two_nuclei_near_budneck; budneck_idx=1; mask_source=v6_ml_detection\sam_masks\prompted_mobile_sam_from_source_tifs\instances\60min after washout_frame_011.png; box_source=mask_union;seeds=n0+n2+b1
60min_after_washout_frame_011,mother_bud_pair,138.0,83.0,184.0,159.0,v6_mask_aware_pseudo_label,needs_review,two_nuclei_near_budneck; budneck_idx=6; mask_source=v6_ml_detection\sam_masks\prompted_mobile_sam_from_source_tifs\instances\60min after washout_frame_011.png; box_source=mask_union;seeds=n3+n8+b6
60min_after_washout_frame_011,mother_bud_pair,72.0,97.0,145.0,163.0,v6_mask_aware_pseudo_label,needs_review,two_nuclei_near_budneck; budneck_idx=7; mask_source=v6_ml_detection\sam_masks\prompted_mobile_sam_from_source_tifs\instances\60min after washout_frame_011.png; box_source=mask_union;seeds=n7+n6+b7
60min_after_washout_frame_011,mother_bud_pair,103.0,147.0,161.0,198.0,v6_mask_aware_pseudo_label,needs_review,two_nuclei_near_budneck; budneck_idx=12; mask_source=v6_ml_detection\sam_masks\prompted_mobile_sam_from_source_tifs\instances\60min after washout_frame_011.png; box_source=mask_union;seeds=n11+n10+b12
60min_after_washout_frame_011,mother_bud_pair,125.0,45.0,165.0,124.0,v6_mask_aware_pseudo_label,needs_review,two_nuclei_near_budneck; budneck_idx=4; mask_source=v6_ml_detection\sam_masks\prompted_mobile_sam_from_source_tifs\instances\60min after washout_frame_011.png; box_source=mask_union;seeds=n4+n1+b4
60min_after_washout_frame_011,early_bud_pair,174.0,104.0,216.0,163.0,v6_mask_aware_pseudo_label,needs_review,one_nucleus_near_budneck; budneck_idx=9; mask_source=v6_ml_detection\sam_masks\prompted_mobile_sam_from_source_tifs\instances\60min after washout_frame_011.png; box_source=mask_union;seeds=n9+b9
60min_after_washout_frame_011,early_bud_pair,49.0,88.0,84.0,134.0,v6_mask_aware_pseudo_label,needs_review,one_nucleus_near_budneck; budneck_idx=8; mask_source=v6_ml_detection\sam_masks\prompted_mobile_sam_from_source_tifs\instances\60min after washout_frame_011.png; box_source=mask_union;seeds=n5+b8
60min_after_washout_frame_012,mother_bud_pair,79.0,90.0,148.0,165.0,v6_mask_aware_pseudo_label,needs_review,two_nuclei_near_budneck; budneck_idx=4; mask_source=v6_ml_detection\sam_masks\prompted_mobile_sam_from_source_tifs\instances\60min after washout_frame_012.png; box_source=mask_union;seeds=n3+n7+b4
60min_after_washout_frame_012,mother_bud_pair,136.0,92.0,200.0,157.0,v6_mask_aware_pseudo_label,needs_review,two_nuclei_near_budneck; budneck_idx=5; mask_source=v6_ml_detection\sam_masks\prompted_mobile_sam_from_source_tifs\instances\60min after washout_frame_012.png; box_source=mask_union;seeds=n6+n4+b5
60min_after_washout_frame_012,mother_bud_pair,43.0,31.0,88.0,104.0,v6_mask_aware_pseudo_label,needs_review,two_nuclei_near_budneck; budneck_idx=0; mask_source=v6_ml_detection\sam_masks\prompted_mobile_sam_from_source_tifs\instances\60min after washout_frame_012.png; box_source=mask_union;seeds=n0+n1+b0
60min_after_washout_frame_012,early_bud_pair,166.0,99.0,214.0,139.0,v6_mask_aware_pseudo_label,needs_review,one_nucleus_near_budneck; budneck_idx=2; mask_source=v6_ml_detection\sam_masks\prompted_mobile_sam_from_source_tifs\instances\60min after washout_frame_012.png; box_source=mask_union;seeds=n5+b2
60min_after_washout_frame_012,early_bud_pair,214.0,54.0,255.0,110.0,v6_mask_aware_pseudo_label,needs_review,one_nucleus_near_budneck; budneck_idx=1; mask_source=v6_ml_detection\sam_masks\prompted_mobile_sam_from_source_tifs\instances\60min after washout_frame_012.png; box_source=mask_union;seeds=n2+b1
60min_after_washout_frame_013,mother_bud_pair,116.0,116.0,177.0,173.0,v6_mask_aware_pseudo_label,needs_review,two_nuclei_near_budneck; budneck_idx=5; mask_source=v6_ml_detection\sam_masks\prompted_mobile_sam_from_source_tifs\instances\60min after washout_frame_013.png; box_source=mask_union;seeds=n5+n8+b5
60min_after_washout_frame_013,mother_bud_pair,30.0,65.0,86.0,130.0,v6_mask_aware_pseudo_label,needs_review,two_nuclei_near_budneck; budneck_idx=0; mask_source=v6_ml_detection\sam_masks\prompted_mobile_sam_from_source_tifs\instances\60min after washout_frame_013.png; box_source=mask_union;seeds=n0+n2+b0
60min_after_washout_frame_013,mother_bud_pair,47.0,79.0,112.0,160.0,v6_mask_aware_pseudo_label,needs_review,two_nuclei_near_budneck; budneck_idx=2; mask_source=v6_ml_detection\sam_masks\prompted_mobile_sam_from_source_tifs\instances\60min after washout_frame_013.png; box_source=mask_union;seeds=n6+n1+b2
60min_after_washout_frame_013,mother_bud_pair,94.0,86.0,145.0,154.0,v6_mask_aware_pseudo_label,needs_review,two_nuclei_near_budneck; budneck_idx=4; mask_source=v6_ml_detection\sam_masks\prompted_mobile_sam_from_source_tifs\instances\60min after washout_frame_013.png; box_source=mask_union;seeds=n3+n7+b4
60min_after_washout_frame_013,early_bud_pair,72.0,160.0,107.0,203.0,v6_mask_aware_pseudo_label,needs_review,one_nucleus_near_budneck; budneck_idx=6; mask_source=v6_ml_detection\sam_masks\prompted_mobile_sam_from_source_tifs\instances\60min after washout_frame_013.png; box_source=mask_union;seeds=n9+b6
60min_after_washout_frame_013,single_cell,156.0,105.0,194.0,148.0,v6_mask_aware_pseudo_label,needs_review,unpaired_green_nucleus; nucleus_idx=4; mask_source=v6_ml_detection\sam_masks\prompted_mobile_sam_from_source_tifs\instances\60min after washout_frame_013.png; box_source=mask_union;seeds=n4
60min_after_washout_frame_014,mother_bud_pair,16.0,30.0,84.0,94.0,v6_mask_aware_pseudo_label,needs_review,two_nuclei_near_budneck; budneck_idx=0; mask_source=v6_ml_detection\sam_masks\prompted_mobile_sam_from_source_tifs\instances\60min after washout_frame_014.png; box_source=mask_union;seeds=n1+n2+b0
60min_after_washout_frame_014,mother_bud_pair,12.0,79.0,82.0,117.0,v6_mask_aware_pseudo_label,needs_review,two_nuclei_near_budneck; budneck_idx=5; mask_source=v6_ml_detection\sam_masks\prompted_mobile_sam_from_source_tifs\instances\60min after washout_frame_014.png; box_source=mask_union;seeds=n6+n5+b5
60min_after_washout_frame_014,mother_bud_pair,93.0,113.0,169.0,160.0,v6_mask_aware_pseudo_label,needs_review,two_nuclei_near_budneck; budneck_idx=7; mask_source=v6_ml_detection\sam_masks\prompted_mobile_sam_from_source_tifs\instances\60min after washout_frame_014.png; box_source=mask_union;seeds=n10+n11+b7
60min_after_washout_frame_014,mother_bud_pair,103.0,57.0,163.0,129.0,v6_mask_aware_pseudo_label,needs_review,two_nuclei_near_budneck; budneck_idx=4; mask_source=v6_ml_detection\sam_masks\prompted_mobile_sam_from_source_tifs\instances\60min after washout_frame_014.png; box_source=mask_union;seeds=n7+n4+b4
60min_after_washout_frame_014,mother_bud_pair,154.0,56.0,192.0,129.0,v6_mask_aware_pseudo_label,needs_review,two_nuclei_near_budneck; budneck_idx=3; mask_source=v6_ml_detection\sam_masks\prompted_mobile_sam_from_source_tifs\instances\60min after washout_frame_014.png; box_source=mask_union;seeds=n3+n9+b3
60min_after_washout_frame_014,early_bud_pair,75.0,80.0,135.0,135.0,v6_mask_aware_pseudo_label,needs_review,one_nucleus_near_budneck; budneck_idx=6; mask_source=v6_ml_detection\sam_masks\prompted_mobile_sam_from_source_tifs\instances\60min after washout_frame_014.png; box_source=mask_union;seeds=n8+b6
60min_after_washout_frame_014,early_bud_pair,186.0,216.0,225.0,255.0,v6_mask_aware_pseudo_label,needs_review,one_nucleus_near_budneck; budneck_idx=10; mask_source=v6_ml_detection\sam_masks\prompted_mobile_sam_from_source_tifs\instances\60min after washout_frame_014.png; box_source=mask_union;seeds=n12+b10
60min_after_washout_frame_014,single_cell,0.0,26.0,32.0,67.0,v6_mask_aware_pseudo_label,needs_review,unpaired_green_nucleus; nucleus_idx=0; mask_source=v6_ml_detection\sam_masks\prompted_mobile_sam_from_source_tifs\instances\60min after washout_frame_014.png; box_source=mask_union;seeds=n0
60min_after_washout_frame_015,mother_bud_pair,185.0,81.0,251.0,142.0,v6_mask_aware_pseudo_label,needs_review,two_nuclei_near_budneck; budneck_idx=3; mask_source=v6_ml_detection\sam_masks\prompted_mobile_sam_from_source_tifs\instances\60min after washout_frame_015.png; box_source=mask_union;seeds=n4+n6+b3
60min_after_washout_frame_015,mother_bud_pair,85.0,88.0,133.0,155.0,v6_mask_aware_pseudo_label,needs_review,two_nuclei_near_budneck; budneck_idx=6; mask_source=v6_ml_detection\sam_masks\prompted_mobile_sam_from_source_tifs\instances\60min after washout_frame_015.png; box_source=mask_union;seeds=n7+n3+b6
60min_after_washout_frame_015,mother_bud_pair,39.0,101.0,100.0,163.0,v6_mask_aware_pseudo_label,needs_review,two_nuclei_near_budneck; budneck_idx=7; mask_source=v6_ml_detection\sam_masks\prompted_mobile_sam_from_source_tifs\instances\60min after washout_frame_015.png; box_source=mask_union;seeds=n8+n5+b7
60min_after_washout_frame_015,mother_bud_pair,207.0,142.0,255.0,187.0,v6_mask_aware_pseudo_label,needs_review,two_nuclei_near_budneck; budneck_idx=8; mask_source=v6_ml_detection\sam_masks\prompted_mobile_sam_from_source_tifs\instances\60min after washout_frame_015.png; box_source=mask_union;seeds=n10+n11+b8
60min_after_washout_frame_015,mother_bud_pair,40.0,51.0,117.0,102.0,v6_mask_aware_pseudo_label,needs_review,two_nuclei_near_budneck; budneck_idx=2; mask_source=v6_ml_detection\sam_masks\prompted_mobile_sam_from_source_tifs\instances\60min after washout_frame_015.png; box_source=mask_union;seeds=n1+n2+b2
60min_after_washout_frame_015,early_bud_pair,190.0,52.0,250.0,97.0,v6_mask_aware_pseudo_label,needs_review,one_nucleus_near_budneck; budneck_idx=0; mask_source=v6_ml_detection\sam_masks\prompted_mobile_sam_from_source_tifs\instances\60min after washout_frame_015.png; box_source=mask_union;seeds=n0+b0
60min_after_washout_frame_015,early_bud_pair,71.0,134.0,113.0,181.0,v6_mask_aware_pseudo_label,needs_review,one_nucleus_near_budneck; budneck_idx=9; mask_source=v6_ml_detection\sam_masks\prompted_mobile_sam_from_source_tifs\instances\60min after washout_frame_015.png; box_source=mask_union;seeds=n9+b9
85min_after_washout_frame_000,mother_bud_pair,144.0,83.0,188.0,165.0,v6_mask_aware_pseudo_label,needs_review,two_nuclei_near_budneck; budneck_idx=3; mask_source=v6_ml_detection\sam_masks\prompted_mobile_sam_from_source_tifs\instances\85min after washout_frame_000.png; box_source=mask_union;seeds=n1+n4+b3
85min_after_washout_frame_000,mother_bud_pair,59.0,98.0,126.0,165.0,v6_mask_aware_pseudo_label,needs_review,two_nuclei_near_budneck; budneck_idx=6; mask_source=v6_ml_detection\sam_masks\prompted_mobile_sam_from_source_tifs\instances\85min after washout_frame_000.png; box_source=mask_union;seeds=n5+n3+b6
85min_after_washout_frame_000,mother_bud_pair,95.0,68.0,152.0,126.0,v6_mask_aware_pseudo_label,needs_review,two_nuclei_near_budneck; budneck_idx=2; mask_source=v6_ml_detection\sam_masks\prompted_mobile_sam_from_source_tifs\instances\85min after washout_frame_000.png; box_source=mask_union;seeds=n2+n0+b2
85min_after_washout_frame_000,mother_bud_pair,15.0,218.0,89.0,255.0,v6_mask_aware_pseudo_label,needs_review,two_nuclei_near_budneck; budneck_idx=7; mask_source=v6_ml_detection\sam_masks\prompted_mobile_sam_from_source_tifs\instances\85min after washout_frame_000.png; box_source=mask_union;seeds=n7+n6+b7
85min_after_washout_frame_001,mother_bud_pair,84.0,77.0,156.0,169.0,v6_mask_aware_pseudo_label,needs_review,two_nuclei_near_budneck; budneck_idx=2; mask_source=v6_ml_detection\sam_masks\prompted_mobile_sam_from_source_tifs\instances\85min after washout_frame_001.png; box_source=mask_union;seeds=n2+n4+b2
85min_after_washout_frame_001,mother_bud_pair,143.0,210.0,227.0,255.0,v6_mask_aware_pseudo_label,needs_review,two_nuclei_near_budneck; budneck_idx=4; mask_source=v6_ml_detection\sam_masks\prompted_mobile_sam_from_source_tifs\instances\85min after washout_frame_001.png; box_source=mask_union;seeds=n5+n6+b4
85min_after_washout_frame_001,mother_bud_pair,102.0,47.0,184.0,101.0,v6_mask_aware_pseudo_label,needs_review,two_nuclei_near_budneck; budneck_idx=0; mask_source=v6_ml_detection\sam_masks\prompted_mobile_sam_from_source_tifs\instances\85min after washout_frame_001.png; box_source=mask_union;seeds=n1+n0+b0
85min_after_washout_frame_001,early_bud_pair,23.0,109.0,71.0,151.0,v6_mask_aware_pseudo_label,needs_review,one_nucleus_near_budneck; budneck_idx=1; mask_source=v6_ml_detection\sam_masks\prompted_mobile_sam_from_source_tifs\instances\85min after washout_frame_001.png; box_source=mask_union;seeds=n3+b1
85min_after_washout_frame_002,mother_bud_pair,107.0,106.0,198.0,155.0,v6_mask_aware_pseudo_label,needs_review,two_nuclei_near_budneck; budneck_idx=3; mask_source=v6_ml_detection\sam_masks\prompted_mobile_sam_from_source_tifs\instances\85min after washout_frame_002.png; box_source=mask_union;seeds=n5+n4+b3
85min_after_washout_frame_002,mother_bud_pair,34.0,110.0,86.0,188.0,v6_mask_aware_pseudo_label,needs_review,two_nuclei_near_budneck; budneck_idx=6; mask_source=v6_ml_detection\sam_masks\prompted_mobile_sam_from_source_tifs\instances\85min after washout_frame_002.png; box_source=mask_union;seeds=n8+n6+b6
85min_after_washout_frame_002,mother_bud_pair,80.0,9.0,132.0,88.0,v6_mask_aware_pseudo_label,needs_review,two_nuclei_near_budneck; budneck_idx=1; mask_source=v6_ml_detection\sam_masks\prompted_mobile_sam_from_source_tifs\instances\85min after washout_frame_002.png; box_source=mask_union;seeds=n1+n0+b1
85min_after_washout_frame_002,mother_bud_pair,0.0,136.0,29.0,218.0,v6_mask_aware_pseudo_label,needs_review,two_nuclei_near_budneck; budneck_idx=7; mask_source=v6_ml_detection\sam_masks\prompted_mobile_sam_from_source_tifs\instances\85min after washout_frame_002.png; box_source=mask_union;seeds=n7+n9+b7
85min_after_washout_frame_002,mother_bud_pair,121.0,49.0,193.0,116.0,v6_mask_aware_pseudo_label,needs_review,two_nuclei_near_budneck; budneck_idx=2; mask_source=v6_ml_detection\sam_masks\prompted_mobile_sam_from_source_tifs\instances\85min after washout_frame_002.png; box_source=mask_union;seeds=n3+n2+b2
85min_after_washout_frame_003,mother_bud_pair,171.0,64.0,254.0,134.0,v6_mask_aware_pseudo_label,needs_review,two_nuclei_near_budneck; budneck_idx=4; mask_source=v6_ml_detection\sam_masks\prompted_mobile_sam_from_source_tifs\instances\85min after washout_frame_003.png; box_source=mask_union;seeds=n9+n4+b4
85min_after_washout_frame_003,mother_bud_pair,91.0,80.0,152.0,145.0,v6_mask_aware_pseudo_label,needs_review,two_nuclei_near_budneck; budneck_idx=5; mask_source=v6_ml_detection\sam_masks\prompted_mobile_sam_from_source_tifs\instances\85min after washout_frame_003.png; box_source=mask_union;seeds=n5+n11+b5
85min_after_washout_frame_003,mother_bud_pair,155.0,12.0,218.0,75.0,v6_mask_aware_pseudo_label,needs_review,two_nuclei_near_budneck; budneck_idx=0; mask_source=v6_ml_detection\sam_masks\prompted_mobile_sam_from_source_tifs\instances\85min after washout_frame_003.png; box_source=mask_union;seeds=n1+n0+b0
85min_after_washout_frame_003,mother_bud_pair,78.0,41.0,166.0,97.0,v6_mask_aware_pseudo_label,needs_review,two_nuclei_near_budneck; budneck_idx=2; mask_source=v6_ml_detection\sam_masks\prompted_mobile_sam_from_source_tifs\instances\85min after washout_frame_003.png; box_source=mask_union;seeds=n2+n3+b2
85min_after_washout_frame_003,mother_bud_pair,5.0,75.0,83.0,130.0,v6_mask_aware_pseudo_label,needs_review,two_nuclei_near_budneck; budneck_idx=3; mask_source=v6_ml_detection\sam_masks\prompted_mobile_sam_from_source_tifs\instances\85min after washout_frame_003.png; box_source=mask_union;seeds=n7+n6+b3
85min_after_washout_frame_003,mother_bud_pair,49.0,129.0,121.0,185.0,v6_mask_aware_pseudo_label,needs_review,two_nuclei_near_budneck; budneck_idx=9; mask_source=v6_ml_detection\sam_masks\prompted_mobile_sam_from_source_tifs\instances\85min after washout_frame_003.png; box_source=mask_union;seeds=n12+n13+b9
85min_after_washout_frame_003,early_bud_pair,120.0,83.0,168.0,141.0,v6_mask_aware_pseudo_label,needs_review,one_nucleus_near_budneck; budneck_idx=8; mask_source=v6_ml_detection\sam_masks\prompted_mobile_sam_from_source_tifs\instances\85min after washout_frame_003.png; box_source=mask_union;seeds=n8+b8
85min_after_washout_frame_003,single_cell,51.0,97.0,111.0,142.0,v6_mask_aware_pseudo_label,needs_review,unpaired_green_nucleus; nucleus_idx=10; mask_source=v6_ml_detection\sam_masks\prompted_mobile_sam_from_source_tifs\instances\85min after washout_frame_003.png; box_source=mask_union;seeds=n10
85min_after_washout_frame_004,mother_bud_pair,156.0,81.0,219.0,174.0,v6_mask_aware_pseudo_label,needs_review,two_nuclei_near_budneck; budneck_idx=4; mask_source=v6_ml_detection\sam_masks\prompted_mobile_sam_from_source_tifs\instances\85min after washout_frame_004.png; box_source=mask_union;seeds=n5+n3+b4
85min_after_washout_frame_004,mother_bud_pair,186.0,129.0,255.0,202.0,v6_mask_aware_pseudo_label,needs_review,two_nuclei_near_budneck; budneck_idx=7; mask_source=v6_ml_detection\sam_masks\prompted_mobile_sam_from_source_tifs\instances\85min after washout_frame_004.png; box_source=mask_union;seeds=n7+n6+b7
85min_after_washout_frame_004,early_bud_pair,110.0,41.0,177.0,100.0,v6_mask_aware_pseudo_label,needs_review,one_nucleus_near_budneck; budneck_idx=1; mask_source=v6_ml_detection\sam_masks\prompted_mobile_sam_from_source_tifs\instances\85min after washout_frame_004.png; box_source=mask_union;seeds=n1+b1
85min_after_washout_frame_004,early_bud_pair,200.0,2.0,255.0,59.0,v6_mask_aware_pseudo_label,needs_review,one_nucleus_near_budneck; budneck_idx=0; mask_source=v6_ml_detection\sam_masks\prompted_mobile_sam_from_source_tifs\instances\85min after washout_frame_004.png; box_source=mask_union;seeds=n0+b0
85min_after_washout_frame_004,early_bud_pair,41.0,149.0,97.0,214.0,v6_mask_aware_pseudo_label,needs_review,one_nucleus_near_budneck; budneck_idx=8; mask_source=v6_ml_detection\sam_masks\prompted_mobile_sam_from_source_tifs\instances\85min after washout_frame_004.png; box_source=mask_union;seeds=n8+b8
85min_after_washout_frame_004,early_bud_pair,205.0,70.0,255.0,135.0,v6_mask_aware_pseudo_label,needs_review,one_nucleus_near_budneck; budneck_idx=2; mask_source=v6_ml_detection\sam_masks\prompted_mobile_sam_from_source_tifs\instances\85min after washout_frame_004.png; box_source=mask_union;seeds=n2+b2
85min_after_washout_frame_004,single_cell,77.0,84.0,122.0,131.0,v6_mask_aware_pseudo_label,needs_review,unpaired_green_nucleus; nucleus_idx=4; mask_source=v6_ml_detection\sam_masks\prompted_mobile_sam_from_source_tifs\instances\85min after washout_frame_004.png; box_source=mask_union;seeds=n4
85min_after_washout_frame_005,mother_bud_pair,136.0,48.0,225.0,136.0,v6_mask_aware_pseudo_label,needs_review,two_nuclei_near_budneck; budneck_idx=4; mask_source=v6_ml_detection\sam_masks\prompted_mobile_sam_from_source_tifs\instances\85min after washout_frame_005.png; box_source=mask_union;seeds=n11+n6+b4
85min_after_washout_frame_005,mother_bud_pair,210.0,7.0,255.0,102.0,v6_mask_aware_pseudo_label,needs_review,two_nuclei_near_budneck; budneck_idx=1; mask_source=v6_ml_detection\sam_masks\prompted_mobile_sam_from_source_tifs\instances\85min after washout_frame_005.png; box_source=mask_union;seeds=n5+n1+b1
85min_after_washout_frame_005,mother_bud_pair,144.0,13.0,210.0,92.0,v6_mask_aware_pseudo_label,needs_review,two_nuclei_near_budneck; budneck_idx=0; mask_source=v6_ml_detection\sam_masks\prompted_mobile_sam_from_source_tifs\instances\85min after washout_frame_005.png; box_source=mask_union;seeds=n2+n4+b0
85min_after_washout_frame_005,mother_bud_pair,87.0,67.0,145.0,145.0,v6_mask_aware_pseudo_label,needs_review,two_nuclei_near_budneck; budneck_idx=5; mask_source=v6_ml_detection\sam_masks\prompted_mobile_sam_from_source_tifs\instances\85min after washout_frame_005.png; box_source=mask_union;seeds=n12+n8+b5
85min_after_washout_frame_005,mother_bud_pair,28.0,52.0,89.0,120.0,v6_mask_aware_pseudo_label,needs_review,two_nuclei_near_budneck; budneck_idx=3; mask_source=v6_ml_detection\sam_masks\prompted_mobile_sam_from_source_tifs\instances\85min after washout_frame_005.png; box_source=mask_union;seeds=n7+n9+b3
85min_after_washout_frame_005,mother_bud_pair,118.0,85.0,178.0,158.0,v6_mask_aware_pseudo_label,needs_review,two_nuclei_near_budneck; budneck_idx=6; mask_source=v6_ml_detection\sam_masks\prompted_mobile_sam_from_source_tifs\instances\85min after washout_frame_005.png; box_source=mask_union;seeds=n10+n13+b6
85min_after_washout_frame_005,early_bud_pair,49.0,44.0,112.0,103.0,v6_mask_aware_pseudo_label,needs_review,one_nucleus_near_budneck; budneck_idx=2; mask_source=v6_ml_detection\sam_masks\prompted_mobile_sam_from_source_tifs\instances\85min after washout_frame_005.png; box_source=mask_union;seeds=n3+b2
85min_after_washout_frame_005,single_cell,80.0,14.0,122.0,62.0,v6_mask_aware_pseudo_label,needs_review,unpaired_green_nucleus; nucleus_idx=0; mask_source=v6_ml_detection\sam_masks\prompted_mobile_sam_from_source_tifs\instances\85min after washout_frame_005.png; box_source=mask_union;seeds=n0
85min_after_washout_frame_006,early_bud_pair,106.0,115.0,168.0,185.0,v6_mask_aware_pseudo_label,needs_review,one_nucleus_near_budneck; budneck_idx=6; mask_source=v6_ml_detection\sam_masks\prompted_mobile_sam_from_source_tifs\instances\85min after washout_frame_006.png; box_source=mask_union;seeds=n7+b6
85min_after_washout_frame_006,early_bud_pair,213.0,65.0,255.0,128.0,v6_mask_aware_pseudo_label,needs_review,one_nucleus_near_budneck; budneck_idx=1; mask_source=v6_ml_detection\sam_masks\prompted_mobile_sam_from_source_tifs\instances\85min after washout_frame_006.png; box_source=mask_union;seeds=n3+b1
85min_after_washout_frame_006,early_bud_pair,146.0,105.0,189.0,149.0,v6_mask_aware_pseudo_label,needs_review,one_nucleus_near_budneck; budneck_idx=3; mask_source=v6_ml_detection\sam_masks\prompted_mobile_sam_from_source_tifs\instances\85min after washout_frame_006.png; box_source=mask_union;seeds=n4+b3
85min_after_washout_frame_006,single_cell,58.0,56.0,97.0,95.0,v6_mask_aware_pseudo_label,needs_review,unpaired_green_nucleus; nucleus_idx=0; mask_source=v6_ml_detection\sam_masks\prompted_mobile_sam_from_source_tifs\instances\85min after washout_frame_006.png; box_source=mask_union;seeds=n0
85min_after_washout_frame_006,single_cell,27.0,68.0,67.0,103.0,v6_mask_aware_pseudo_label,needs_review,unpaired_green_nucleus; nucleus_idx=1; mask_source=v6_ml_detection\sam_masks\prompted_mobile_sam_from_source_tifs\instances\85min after washout_frame_006.png; box_source=mask_union;seeds=n1
85min_after_washout_frame_006,single_cell,77.0,75.0,114.0,112.0,v6_mask_aware_pseudo_label,needs_review,unpaired_green_nucleus; nucleus_idx=2; mask_source=v6_ml_detection\sam_masks\prompted_mobile_sam_from_source_tifs\instances\85min after washout_frame_006.png; box_source=mask_union;seeds=n2
85min_after_washout_frame_006,single_cell,41.0,98.0,87.0,135.0,v6_mask_aware_pseudo_label,needs_review,unpaired_green_nucleus; nucleus_idx=5; mask_source=v6_ml_detection\sam_masks\prompted_mobile_sam_from_source_tifs\instances\85min after washout_frame_006.png; box_source=mask_union;seeds=n5
85min_after_washout_frame_006,single_cell,183.0,107.0,233.0,149.0,v6_mask_aware_pseudo_label,needs_review,unpaired_green_nucleus; nucleus_idx=6; mask_source=v6_ml_detection\sam_masks\prompted_mobile_sam_from_source_tifs\instances\85min after washout_frame_006.png; box_source=mask_union;seeds=n6
85min_after_washout_frame_006,single_cell,74.0,143.0,116.0,180.0,v6_mask_aware_pseudo_label,needs_review,unpaired_green_nucleus; nucleus_idx=8; mask_source=v6_ml_detection\sam_masks\prompted_mobile_sam_from_source_tifs\instances\85min after washout_frame_006.png; box_source=mask_union;seeds=n8
85min_after_washout_frame_007,mother_bud_pair,93.0,11.0,161.0,84.0,v6_mask_aware_pseudo_label,needs_review,two_nuclei_near_budneck; budneck_idx=2; mask_source=v6_ml_detection\sam_masks\prompted_mobile_sam_from_source_tifs\instances\85min after washout_frame_007.png; box_source=mask_union;seeds=n5+n3+b2
85min_after_washout_frame_007,mother_bud_pair,35.0,149.0,102.0,225.0,v6_mask_aware_pseudo_label,needs_review,two_nuclei_near_budneck; budneck_idx=6; mask_source=v6_ml_detection\sam_masks\prompted_mobile_sam_from_source_tifs\instances\85min after washout_frame_007.png; box_source=mask_union;seeds=n7+n8+b6
85min_after_washout_frame_007,mother_bud_pair,116.0,0.0,195.0,38.0,v6_mask_aware_pseudo_label,needs_review,two_nuclei_near_budneck; budneck_idx=1; mask_source=v6_ml_detection\sam_masks\prompted_mobile_sam_from_source_tifs\instances\85min after washout_frame_007.png; box_source=mask_union;seeds=n2+n0+b1
85min_after_washout_frame_007,early_bud_pair,124.0,143.0,195.0,180.0,v6_mask_aware_pseudo_label,needs_review,one_nucleus_near_budneck; budneck_idx=5; mask_source=v6_ml_detection\sam_masks\prompted_mobile_sam_from_source_tifs\instances\85min after washout_frame_007.png; box_source=mask_union;seeds=n6+b5
85min_after_washout_frame_007,single_cell,227.0,0.0,255.0,19.0,v6_mask_aware_pseudo_label,needs_review,unpaired_green_nucleus; nucleus_idx=1; mask_source=v6_ml_detection\sam_masks\prompted_mobile_sam_from_source_tifs\instances\85min after washout_frame_007.png; box_source=mask_union;seeds=n1
85min_after_washout_frame_007,single_cell,80.0,30.0,117.0,73.0,v6_mask_aware_pseudo_label,needs_review,unpaired_green_nucleus; nucleus_idx=4; mask_source=v6_ml_detection\sam_masks\prompted_mobile_sam_from_source_tifs\instances\85min after washout_frame_007.png; box_source=mask_union;seeds=n4
85min_after_washout_frame_008,mother_bud_pair,177.0,91.0,230.0,187.0,v6_mask_aware_pseudo_label,needs_review,two_nuclei_near_budneck; budneck_idx=2; mask_source=v6_ml_detection\sam_masks\prompted_mobile_sam_from_source_tifs\instances\85min after washout_frame_008.png; box_source=mask_union;seeds=n3+n6+b2
85min_after_washout_frame_008,mother_bud_pair,90.0,103.0,183.0,162.0,v6_mask_aware_pseudo_label,needs_review,two_nuclei_near_budneck; budneck_idx=1; mask_source=v6_ml_detection\sam_masks\prompted_mobile_sam_from_source_tifs\instances\85min after washout_frame_008.png; box_source=mask_union;seeds=n4+n5+b1
85min_after_washout_frame_008,mother_bud_pair,43.0,44.0,123.0,105.0,v6_mask_aware_pseudo_label,needs_review,two_nuclei_near_budneck; budneck_idx=0; mask_source=v6_ml_detection\sam_masks\prompted_mobile_sam_from_source_tifs\instances\85min after washout_frame_008.png; box_source=mask_union;seeds=n2+n1+b0
85min_after_washout_frame_008,mother_bud_pair,90.0,141.0,177.0,189.0,v6_mask_aware_pseudo_label,needs_review,two_nuclei_near_budneck; budneck_idx=4; mask_source=v6_ml_detection\sam_masks\prompted_mobile_sam_from_source_tifs\instances\85min after washout_frame_008.png; box_source=mask_union;seeds=n7+n8+b4
85min_after_washout_frame_008,single_cell,58.0,0.0,97.0,18.0,v6_mask_aware_pseudo_label,needs_review,unpaired_green_nucleus; nucleus_idx=0; mask_source=v6_ml_detection\sam_masks\prompted_mobile_sam_from_source_tifs\instances\85min after washout_frame_008.png; box_source=mask_union;seeds=n0
85min_after_washout_frame_009,mother_bud_pair,119.0,55.0,179.0,140.0,v6_mask_aware_pseudo_label,needs_review,two_nuclei_near_budneck; budneck_idx=3; mask_source=v6_ml_detection\sam_masks\prompted_mobile_sam_from_source_tifs\instances\85min after washout_frame_009.png; box_source=mask_union;seeds=n3+n7+b3
85min_after_washout_frame_009,mother_bud_pair,130.0,81.0,198.0,174.0,v6_mask_aware_pseudo_label,needs_review,two_nuclei_near_budneck; budneck_idx=5; mask_source=v6_ml_detection\sam_masks\prompted_mobile_sam_from_source_tifs\instances\85min after washout_frame_009.png; box_source=mask_union;seeds=n6+n8+b5
85min_after_washout_frame_009,mother_bud_pair,170.0,52.0,248.0,120.0,v6_mask_aware_pseudo_label,needs_review,two_nuclei_near_budneck; budneck_idx=4; mask_source=v6_ml_detection\sam_masks\prompted_mobile_sam_from_source_tifs\instances\85min after washout_frame_009.png; box_source=mask_union;seeds=n5+n2+b4
85min_after_washout_frame_009,mother_bud_pair,79.0,43.0,142.0,124.0,v6_mask_aware_pseudo_label,needs_review,two_nuclei_near_budneck; budneck_idx=1; mask_source=v6_ml_detection\sam_masks\prompted_mobile_sam_from_source_tifs\instances\85min after washout_frame_009.png; box_source=mask_union;seeds=n4+n1+b1
85min_after_washout_frame_009,early_bud_pair,161.0,0.0,246.0,32.0,v6_mask_aware_pseudo_label,needs_review,one_nucleus_near_budneck; budneck_idx=0; mask_source=v6_ml_detection\sam_masks\prompted_mobile_sam_from_source_tifs\instances\85min after washout_frame_009.png; box_source=mask_union;seeds=n0+b0
85min_after_washout_frame_009,single_cell,69.0,229.0,112.0,255.0,v6_mask_aware_pseudo_label,needs_review,unpaired_green_nucleus; nucleus_idx=9; mask_source=v6_ml_detection\sam_masks\prompted_mobile_sam_from_source_tifs\instances\85min after washout_frame_009.png; box_source=mask_union;seeds=n9
85min_after_washout_frame_009,single_cell,0.0,227.0,20.0,255.0,v6_mask_aware_pseudo_label,needs_review,unpaired_green_nucleus; nucleus_idx=10; mask_source=v6_ml_detection\sam_masks\prompted_mobile_sam_from_source_tifs\instances\85min after washout_frame_009.png; box_source=mask_union;seeds=n10
85min_after_washout_frame_010,mother_bud_pair,67.0,163.0,132.0,232.0,v6_mask_aware_pseudo_label,needs_review,two_nuclei_near_budneck; budneck_idx=14; mask_source=v6_ml_detection\sam_masks\prompted_mobile_sam_from_source_tifs\instances\85min after washout_frame_010.png; box_source=mask_union;seeds=n11+n10+b14
85min_after_washout_frame_010,mother_bud_pair,75.0,0.0,141.0,50.0,v6_mask_aware_pseudo_label,needs_review,two_nuclei_near_budneck; budneck_idx=1; mask_source=v6_ml_detection\sam_masks\prompted_mobile_sam_from_source_tifs\instances\85min after washout_frame_010.png; box_source=mask_union;seeds=n0+n2+b1
85min_after_washout_frame_010,mother_bud_pair,142.0,108.0,232.0,181.0,v6_mask_aware_pseudo_label,needs_review,two_nuclei_near_budneck; budneck_idx=11; mask_source=v6_ml_detection\sam_masks\prompted_mobile_sam_from_source_tifs\instances\85min after washout_frame_010.png; box_source=mask_union;seeds=n9+n7+b11
85min_after_washout_frame_010,mother_bud_pair,58.0,65.0,139.0,118.0,v6_mask_aware_pseudo_label,needs_review,two_nuclei_near_budneck; budneck_idx=6; mask_source=v6_ml_detection\sam_masks\prompted_mobile_sam_from_source_tifs\instances\85min after washout_frame_010.png; box_source=mask_union;seeds=n5+n3+b6
85min_after_washout_frame_010,early_bud_pair,15.0,0.0,84.0,39.0,v6_mask_aware_pseudo_label,needs_review,one_nucleus_near_budneck; budneck_idx=0; mask_source=v6_ml_detection\sam_masks\prompted_mobile_sam_from_source_tifs\instances\85min after washout_frame_010.png; box_source=mask_union;seeds=n1+b0
85min_after_washout_frame_010,early_bud_pair,66.0,137.0,97.0,192.0,v6_mask_aware_pseudo_label,needs_review,one_nucleus_near_budneck; budneck_idx=13; mask_source=v6_ml_detection\sam_masks\prompted_mobile_sam_from_source_tifs\instances\85min after washout_frame_010.png; box_source=mask_union;seeds=n8+b13
85min_after_washout_frame_010,early_bud_pair,26.0,61.0,65.0,118.0,v6_mask_aware_pseudo_label,needs_review,one_nucleus_near_budneck; budneck_idx=5; mask_source=v6_ml_detection\sam_masks\prompted_mobile_sam_from_source_tifs\instances\85min after washout_frame_010.png; box_source=mask_union;seeds=n4+b5
85min_after_washout_frame_010,early_bud_pair,217.0,185.0,255.0,226.0,v6_mask_aware_pseudo_label,needs_review,one_nucleus_near_budneck; budneck_idx=18; mask_source=v6_ml_detection\sam_masks\prompted_mobile_sam_from_source_tifs\instances\85min after washout_frame_010.png; box_source=mask_union;seeds=n12+b18
85min_after_washout_frame_010,early_bud_pair,108.0,187.0,177.0,237.0,v6_mask_aware_pseudo_label,needs_review,one_nucleus_near_budneck; budneck_idx=16; mask_source=v6_ml_detection\sam_masks\prompted_mobile_sam_from_source_tifs\instances\85min after washout_frame_010.png; box_source=mask_union;seeds=n13+b16
85min_after_washout_frame_010,single_cell,61.0,124.0,92.0,150.0,v6_mask_aware_pseudo_label,needs_review,unpaired_green_nucleus; nucleus_idx=6; mask_source=v6_ml_detection\sam_masks\prompted_mobile_sam_from_source_tifs\instances\85min after washout_frame_010.png; box_source=mask_union;seeds=n6
85min_after_washout_frame_011,mother_bud_pair,119.0,148.0,174.0,225.0,v6_mask_aware_pseudo_label,needs_review,two_nuclei_near_budneck; budneck_idx=5; mask_source=v6_ml_detection\sam_masks\prompted_mobile_sam_from_source_tifs\instances\85min after washout_frame_011.png; box_source=mask_union;seeds=n11+n10+b5
85min_after_washout_frame_011,mother_bud_pair,149.0,47.0,204.0,104.0,v6_mask_aware_pseudo_label,needs_review,two_nuclei_near_budneck; budneck_idx=1; mask_source=v6_ml_detection\sam_masks\prompted_mobile_sam_from_source_tifs\instances\85min after washout_frame_011.png; box_source=mask_union;seeds=n3+n4+b1
85min_after_washout_frame_011,mother_bud_pair,170.0,0.0,231.0,59.0,v6_mask_aware_pseudo_label,needs_review,two_nuclei_near_budneck; budneck_idx=0; mask_source=v6_ml_detection\sam_masks\prompted_mobile_sam_from_source_tifs\instances\85min after washout_frame_011.png; box_source=mask_union;seeds=n0+n1+b0
85min_after_washout_frame_011,mother_bud_pair,105.0,88.0,146.0,157.0,v6_mask_aware_pseudo_label,needs_review,two_nuclei_near_budneck; budneck_idx=3; mask_source=v6_ml_detection\sam_masks\prompted_mobile_sam_from_source_tifs\instances\85min after washout_frame_011.png; box_source=mask_union;seeds=n5+n7+b3
85min_after_washout_frame_011,early_bud_pair,147.0,83.0,194.0,127.0,v6_mask_aware_pseudo_label,needs_review,one_nucleus_near_budneck; budneck_idx=2; mask_source=v6_ml_detection\sam_masks\prompted_mobile_sam_from_source_tifs\instances\85min after washout_frame_011.png; box_source=mask_union;seeds=n6+b2
85min_after_washout_frame_011,early_bud_pair,75.0,138.0,124.0,176.0,v6_mask_aware_pseudo_label,needs_review,one_nucleus_near_budneck; budneck_idx=4; mask_source=v6_ml_detection\sam_masks\prompted_mobile_sam_from_source_tifs\instances\85min after washout_frame_011.png; box_source=mask_union;seeds=n9+b4
85min_after_washout_frame_011,single_cell,193.0,50.0,234.0,86.0,v6_mask_aware_pseudo_label,needs_review,unpaired_green_nucleus; nucleus_idx=2; mask_source=v6_ml_detection\sam_masks\prompted_mobile_sam_from_source_tifs\instances\85min after washout_frame_011.png; box_source=mask_union;seeds=n2
85min_after_washout_frame_011,single_cell,146.0,139.0,183.0,174.0,v6_mask_aware_pseudo_label,needs_review,unpaired_green_nucleus; nucleus_idx=8; mask_source=v6_ml_detection\sam_masks\prompted_mobile_sam_from_source_tifs\instances\85min after washout_frame_011.png; box_source=mask_union;seeds=n8
85min_after_washout_frame_012,mother_bud_pair,138.0,21.0,213.0,104.0,v6_mask_aware_pseudo_label,needs_review,two_nuclei_near_budneck; budneck_idx=1; mask_source=v6_ml_detection\sam_masks\prompted_mobile_sam_from_source_tifs\instances\85min after washout_frame_012.png; box_source=mask_union;seeds=n0+n4+b1
85min_after_washout_frame_012,mother_bud_pair,183.0,94.0,246.0,183.0,v6_mask_aware_pseudo_label,needs_review,two_nuclei_near_budneck; budneck_idx=7; mask_source=v6_ml_detection\sam_masks\prompted_mobile_sam_from_source_tifs\instances\85min after washout_frame_012.png; box_source=mask_union;seeds=n10+n6+b7
85min_after_washout_frame_012,mother_bud_pair,59.0,73.0,106.0,157.0,v6_mask_aware_pseudo_label,needs_review,two_nuclei_near_budneck; budneck_idx=5; mask_source=v6_ml_detection\sam_masks\prompted_mobile_sam_from_source_tifs\instances\85min after washout_frame_012.png; box_source=mask_union;seeds=n8+n5+b5
85min_after_washout_frame_012,mother_bud_pair,97.0,112.0,135.0,185.0,v6_mask_aware_pseudo_label,needs_review,two_nuclei_near_budneck; budneck_idx=8; mask_source=v6_ml_detection\sam_masks\prompted_mobile_sam_from_source_tifs\instances\85min after washout_frame_012.png; box_source=mask_union;seeds=n11+n9+b8
85min_after_washout_frame_012,mother_bud_pair,79.0,26.0,160.0,100.0,v6_mask_aware_pseudo_label,needs_review,two_nuclei_near_budneck; budneck_idx=3; mask_source=v6_ml_detection\sam_masks\prompted_mobile_sam_from_source_tifs\instances\85min after washout_frame_012.png; box_source=mask_union;seeds=n2+n1+b3
85min_after_washout_frame_012,early_bud_pair,133.0,104.0,208.0,160.0,v6_mask_aware_pseudo_label,needs_review,one_nucleus_near_budneck; budneck_idx=6; mask_source=v6_ml_detection\sam_masks\prompted_mobile_sam_from_source_tifs\instances\85min after washout_frame_012.png; box_source=mask_union;seeds=n7+b6
85min_after_washout_frame_012,early_bud_pair,171.0,51.0,214.0,112.0,v6_mask_aware_pseudo_label,needs_review,one_nucleus_near_budneck; budneck_idx=4; mask_source=v6_ml_detection\sam_masks\prompted_mobile_sam_from_source_tifs\instances\85min after washout_frame_012.png; box_source=mask_union;seeds=n3+b4
85min_after_washout_frame_012,early_bud_pair,138.0,167.0,213.0,213.0,v6_mask_aware_pseudo_label,needs_review,one_nucleus_near_budneck; budneck_idx=9; mask_source=v6_ml_detection\sam_masks\prompted_mobile_sam_from_source_tifs\instances\85min after washout_frame_012.png; box_source=mask_union;seeds=n12+b9
85min_after_washout_frame_013,mother_bud_pair,18.0,79.0,108.0,140.0,v6_mask_aware_pseudo_label,needs_review,two_nuclei_near_budneck; budneck_idx=2; mask_source=v6_ml_detection\sam_masks\prompted_mobile_sam_from_source_tifs\instances\85min after washout_frame_013.png; box_source=mask_union;seeds=n2+n4+b2
85min_after_washout_frame_013,mother_bud_pair,106.0,125.0,202.0,174.0,v6_mask_aware_pseudo_label,needs_review,two_nuclei_near_budneck; budneck_idx=3; mask_source=v6_ml_detection\sam_masks\prompted_mobile_sam_from_source_tifs\instances\85min after washout_frame_013.png; box_source=mask_union;seeds=n6+n5+b3
85min_after_washout_frame_013,mother_bud_pair,75.0,141.0,168.0,203.0,v6_mask_aware_pseudo_label,needs_review,two_nuclei_near_budneck; budneck_idx=4; mask_source=v6_ml_detection\sam_masks\prompted_mobile_sam_from_source_tifs\instances\85min after washout_frame_013.png; box_source=mask_union;seeds=n7+n8+b4
85min_after_washout_frame_013,mother_bud_pair,37.0,29.0,112.0,89.0,v6_mask_aware_pseudo_label,needs_review,two_nuclei_near_budneck; budneck_idx=0; mask_source=v6_ml_detection\sam_masks\prompted_mobile_sam_from_source_tifs\instances\85min after washout_frame_013.png; box_source=mask_union;seeds=n0+n1+b0
85min_after_washout_frame_013,early_bud_pair,77.0,57.0,130.0,122.0,v6_mask_aware_pseudo_label,needs_review,one_nucleus_near_budneck; budneck_idx=1; mask_source=v6_ml_detection\sam_masks\prompted_mobile_sam_from_source_tifs\instances\85min after washout_frame_013.png; box_source=mask_union;seeds=n3+b1
85min_after_washout_frame_014,mother_bud_pair,102.0,74.0,189.0,144.0,v6_mask_aware_pseudo_label,needs_review,two_nuclei_near_budneck; budneck_idx=1; mask_source=v6_ml_detection\sam_masks\prompted_mobile_sam_from_source_tifs\instances\85min after washout_frame_014.png; box_source=mask_union;seeds=n0+n2+b1
85min_after_washout_frame_014,mother_bud_pair,194.0,89.0,243.0,171.0,v6_mask_aware_pseudo_label,needs_review,two_nuclei_near_budneck; budneck_idx=3; mask_source=v6_ml_detection\sam_masks\prompted_mobile_sam_from_source_tifs\instances\85min after washout_frame_014.png; box_source=mask_union;seeds=n3+n7+b3
85min_after_washout_frame_014,mother_bud_pair,35.0,154.0,116.0,204.0,v6_mask_aware_pseudo_label,needs_review,two_nuclei_near_budneck; budneck_idx=7; mask_source=v6_ml_detection\sam_masks\prompted_mobile_sam_from_source_tifs\instances\85min after washout_frame_014.png; box_source=mask_union;seeds=n11+n12+b7
85min_after_washout_frame_014,mother_bud_pair,221.0,105.0,255.0,184.0,v6_mask_aware_pseudo_label,needs_review,two_nuclei_near_budneck; budneck_idx=5; mask_source=v6_ml_detection\sam_masks\prompted_mobile_sam_from_source_tifs\instances\85min after washout_frame_014.png; box_source=mask_union;seeds=n10+n5+b5
85min_after_washout_frame_014,mother_bud_pair,59.0,119.0,139.0,178.0,v6_mask_aware_pseudo_label,needs_review,two_nuclei_near_budneck; budneck_idx=4; mask_source=v6_ml_detection\sam_masks\prompted_mobile_sam_from_source_tifs\instances\85min after washout_frame_014.png; box_source=mask_union;seeds=n9+n8+b4
85min_after_washout_frame_014,mother_bud_pair,7.0,94.0,94.0,142.0,v6_mask_aware_pseudo_label,needs_review,two_nuclei_near_budneck; budneck_idx=2; mask_source=v6_ml_detection\sam_masks\prompted_mobile_sam_from_source_tifs\instances\85min after washout_frame_014.png; box_source=mask_union;seeds=n6+n4+b2
85min_after_washout_frame_014,early_bud_pair,162.0,65.0,206.0,128.0,v6_mask_aware_pseudo_label,needs_review,one_nucleus_near_budneck; budneck_idx=0; mask_source=v6_ml_detection\sam_masks\prompted_mobile_sam_from_source_tifs\instances\85min after washout_frame_014.png; box_source=mask_union;seeds=n1+b0
85min_after_washout_frame_015,mother_bud_pair,116.0,73.0,181.0,167.0,v6_mask_aware_pseudo_label,needs_review,two_nuclei_near_budneck; budneck_idx=2; mask_source=v6_ml_detection\sam_masks\prompted_mobile_sam_from_source_tifs\instances\85min after washout_frame_015.png; box_source=mask_union;seeds=n7+n5+b2
85min_after_washout_frame_015,mother_bud_pair,154.0,1.0,213.0,92.0,v6_mask_aware_pseudo_label,needs_review,two_nuclei_near_budneck; budneck_idx=1; mask_source=v6_ml_detection\sam_masks\prompted_mobile_sam_from_source_tifs\instances\85min after washout_frame_015.png; box_source=mask_union;seeds=n3+n0+b1
85min_after_washout_frame_015,mother_bud_pair,66.0,27.0,156.0,75.0,v6_mask_aware_pseudo_label,needs_review,two_nuclei_near_budneck; budneck_idx=0; mask_source=v6_ml_detection\sam_masks\prompted_mobile_sam_from_source_tifs\instances\85min after washout_frame_015.png; box_source=mask_union;seeds=n2+n1+b0
85min_after_washout_frame_015,mother_bud_pair,77.0,104.0,131.0,188.0,v6_mask_aware_pseudo_label,needs_review,two_nuclei_near_budneck; budneck_idx=3; mask_source=v6_ml_detection\sam_masks\prompted_mobile_sam_from_source_tifs\instances\85min after washout_frame_015.png; box_source=mask_union;seeds=n8+n6+b3
85min_after_washout_frame_015,early_bud_pair,105.0,144.0,166.0,193.0,v6_mask_aware_pseudo_label,needs_review,one_nucleus_near_budneck; budneck_idx=4; mask_source=v6_ml_detection\sam_masks\prompted_mobile_sam_from_source_tifs\instances\85min after washout_frame_015.png; box_source=mask_union;seeds=n9+b4
85min_after_washout_frame_015,single_cell,0.0,83.0,15.0,117.0,v6_mask_aware_pseudo_label,needs_review,unpaired_green_nucleus; nucleus_idx=4; mask_source=v6_ml_detection\sam_masks\prompted_mobile_sam_from_source_tifs\instances\85min after washout_frame_015.png; box_source=mask_union;seeds=n4
85min_after_washout_frame_016,mother_bud_pair,2.0,113.0,96.0,168.0,v6_mask_aware_pseudo_label,needs_review,two_nuclei_near_budneck; budneck_idx=8; mask_source=v6_ml_detection\sam_masks\prompted_mobile_sam_from_source_tifs\instances\85min after washout_frame_016.png; box_source=mask_union;seeds=n7+n8+b8
85min_after_washout_frame_016,mother_bud_pair,74.0,15.0,165.0,71.0,v6_mask_aware_pseudo_label,needs_review,two_nuclei_near_budneck; budneck_idx=1; mask_source=v6_ml_detection\sam_masks\prompted_mobile_sam_from_source_tifs\instances\85min after washout_frame_016.png; box_source=mask_union;seeds=n1+n2+b1
85min_after_washout_frame_016,mother_bud_pair,79.0,59.0,148.0,154.0,v6_mask_aware_pseudo_label,needs_review,two_nuclei_near_budneck; budneck_idx=4; mask_source=v6_ml_detection\sam_masks\prompted_mobile_sam_from_source_tifs\instances\85min after washout_frame_016.png; box_source=mask_union;seeds=n3+n6+b4
85min_after_washout_frame_016,mother_bud_pair,141.0,69.0,213.0,149.0,v6_mask_aware_pseudo_label,needs_review,two_nuclei_near_budneck; budneck_idx=6; mask_source=v6_ml_detection\sam_masks\prompted_mobile_sam_from_source_tifs\instances\85min after washout_frame_016.png; box_source=mask_union;seeds=n5+n4+b6
85min_after_washout_frame_016,early_bud_pair,0.0,0.0,48.0,40.0,v6_mask_aware_pseudo_label,needs_review,one_nucleus_near_budneck; budneck_idx=0; mask_source=v6_ml_detection\sam_masks\prompted_mobile_sam_from_source_tifs\instances\85min after washout_frame_016.png; box_source=mask_union;seeds=n0+b0
85min_after_washout_frame_017,mother_bud_pair,76.0,56.0,138.0,138.0,v6_mask_aware_pseudo_label,needs_review,two_nuclei_near_budneck; budneck_idx=4; mask_source=v6_ml_detection\sam_masks\prompted_mobile_sam_from_source_tifs\instances\85min after washout_frame_017.png; box_source=mask_union;seeds=n3+n4+b4
85min_after_washout_frame_017,mother_bud_pair,67.0,152.0,142.0,235.0,v6_mask_aware_pseudo_label,needs_review,two_nuclei_near_budneck; budneck_idx=6; mask_source=v6_ml_detection\sam_masks\prompted_mobile_sam_from_source_tifs\instances\85min after washout_frame_017.png; box_source=mask_union;seeds=n8+n11+b6
85min_after_washout_frame_017,mother_bud_pair,103.0,61.0,168.0,148.0,v6_mask_aware_pseudo_label,needs_review,two_nuclei_near_budneck; budneck_idx=3; mask_source=v6_ml_detection\sam_masks\prompted_mobile_sam_from_source_tifs\instances\85min after washout_frame_017.png; box_source=mask_union;seeds=n2+n5+b3
85min_after_washout_frame_017,mother_bud_pair,93.0,141.0,168.0,187.0,v6_mask_aware_pseudo_label,needs_review,two_nuclei_near_budneck; budneck_idx=5; mask_source=v6_ml_detection\sam_masks\prompted_mobile_sam_from_source_tifs\instances\85min after washout_frame_017.png; box_source=mask_union;seeds=n7+n6+b5
85min_after_washout_frame_017,mother_bud_pair,110.0,175.0,186.0,229.0,v6_mask_aware_pseudo_label,needs_review,two_nuclei_near_budneck; budneck_idx=7; mask_source=v6_ml_detection\sam_masks\prompted_mobile_sam_from_source_tifs\instances\85min after washout_frame_017.png; box_source=mask_union;seeds=n10+n9+b7
85min_after_washout_frame_017,mother_bud_pair,43.0,16.0,129.0,67.0,v6_mask_aware_pseudo_label,needs_review,two_nuclei_near_budneck; budneck_idx=2; mask_source=v6_ml_detection\sam_masks\prompted_mobile_sam_from_source_tifs\instances\85min after washout_frame_017.png; box_source=mask_union;seeds=n1+n0+b2
85min_after_washout_frame_018,mother_bud_pair,115.0,38.0,196.0,101.0,v6_mask_aware_pseudo_label,needs_review,two_nuclei_near_budneck; budneck_idx=0; mask_source=v6_ml_detection\sam_masks\prompted_mobile_sam_from_source_tifs\instances\85min after washout_frame_018.png; box_source=mask_union;seeds=n0+n1+b0
85min_after_washout_frame_018,mother_bud_pair,15.0,88.0,75.0,161.0,v6_mask_aware_pseudo_label,needs_review,two_nuclei_near_budneck; budneck_idx=5; mask_source=v6_ml_detection\sam_masks\prompted_mobile_sam_from_source_tifs\instances\85min after washout_frame_018.png; box_source=mask_union;seeds=n4+n7+b5
85min_after_washout_frame_018,mother_bud_pair,67.0,105.0,159.0,161.0,v6_mask_aware_pseudo_label,needs_review,two_nuclei_near_budneck; budneck_idx=6; mask_source=v6_ml_detection\sam_masks\prompted_mobile_sam_from_source_tifs\instances\85min after washout_frame_018.png; box_source=mask_union;seeds=n6+n5+b6
85min_after_washout_frame_018,early_bud_pair,134.0,71.0,182.0,132.0,v6_mask_aware_pseudo_label,needs_review,one_nucleus_near_budneck; budneck_idx=1; mask_source=v6_ml_detection\sam_masks\prompted_mobile_sam_from_source_tifs\instances\85min after washout_frame_018.png; box_source=mask_union;seeds=n3+b1
85min_after_washout_frame_018,early_bud_pair,91.0,76.0,147.0,120.0,v6_mask_aware_pseudo_label,needs_review,one_nucleus_near_budneck; budneck_idx=3; mask_source=v6_ml_detection\sam_masks\prompted_mobile_sam_from_source_tifs\instances\85min after washout_frame_018.png; box_source=mask_union;seeds=n2+b3
85min_after_washout_frame_018,single_cell,3.0,129.0,46.0,168.0,v6_mask_aware_pseudo_label,needs_review,unpaired_green_nucleus; nucleus_idx=8; mask_source=v6_ml_detection\sam_masks\prompted_mobile_sam_from_source_tifs\instances\85min after washout_frame_018.png; box_source=mask_union;seeds=n8
85min_after_washout_frame_019,mother_bud_pair,33.0,38.0,103.0,116.0,v6_mask_aware_pseudo_label,needs_review,two_nuclei_near_budneck; budneck_idx=3; mask_source=v6_ml_detection\sam_masks\prompted_mobile_sam_from_source_tifs\instances\85min after washout_frame_019.png; box_source=mask_union;seeds=n6+n1+b3
85min_after_washout_frame_019,mother_bud_pair,188.0,54.0,252.0,135.0,v6_mask_aware_pseudo_label,needs_review,two_nuclei_near_budneck; budneck_idx=7; mask_source=v6_ml_detection\sam_masks\prompted_mobile_sam_from_source_tifs\instances\85min after washout_frame_019.png; box_source=mask_union;seeds=n8+n4+b7
85min_after_washout_frame_019,mother_bud_pair,85.0,67.0,171.0,129.0,v6_mask_aware_pseudo_label,needs_review,two_nuclei_near_budneck; budneck_idx=9; mask_source=v6_ml_detection\sam_masks\prompted_mobile_sam_from_source_tifs\instances\85min after washout_frame_019.png; box_source=mask_union;seeds=n7+n9+b9
85min_after_washout_frame_019,mother_bud_pair,121.0,61.0,198.0,110.0,v6_mask_aware_pseudo_label,needs_review,two_nuclei_near_budneck; budneck_idx=5; mask_source=v6_ml_detection\sam_masks\prompted_mobile_sam_from_source_tifs\instances\85min after washout_frame_019.png; box_source=mask_union;seeds=n5+n3+b5
85min_after_washout_frame_019,early_bud_pair,63.0,0.0,128.0,47.0,v6_mask_aware_pseudo_label,needs_review,one_nucleus_near_budneck; budneck_idx=0; mask_source=v6_ml_detection\sam_masks\prompted_mobile_sam_from_source_tifs\instances\85min after washout_frame_019.png; box_source=mask_union;seeds=n0+b0
85min_after_washout_frame_019,early_bud_pair,0.0,59.0,54.0,103.0,v6_mask_aware_pseudo_label,needs_review,one_nucleus_near_budneck; budneck_idx=2; mask_source=v6_ml_detection\sam_masks\prompted_mobile_sam_from_source_tifs\instances\85min after washout_frame_019.png; box_source=mask_union;seeds=n2+b2
85min_after_washout_frame_020,mother_bud_pair,138.0,87.0,191.0,181.0,v6_mask_aware_pseudo_label,needs_review,two_nuclei_near_budneck; budneck_idx=6; mask_source=v6_ml_detection\sam_masks\prompted_mobile_sam_from_source_tifs\instances\85min after washout_frame_020.png; box_source=mask_union;seeds=n9+n5+b6
85min_after_washout_frame_020,mother_bud_pair,178.0,99.0,255.0,166.0,v6_mask_aware_pseudo_label,needs_review,two_nuclei_near_budneck; budneck_idx=5; mask_source=v6_ml_detection\sam_masks\prompted_mobile_sam_from_source_tifs\instances\85min after washout_frame_020.png; box_source=mask_union;seeds=n6+n8+b5
85min_after_washout_frame_020,mother_bud_pair,57.0,61.0,134.0,137.0,v6_mask_aware_pseudo_label,needs_review,two_nuclei_near_budneck; budneck_idx=4; mask_source=v6_ml_detection\sam_masks\prompted_mobile_sam_from_source_tifs\instances\85min after washout_frame_020.png; box_source=mask_union;seeds=n2+n3+b4
85min_after_washout_frame_020,mother_bud_pair,90.0,87.0,151.0,157.0,v6_mask_aware_pseudo_label,needs_review,two_nuclei_near_budneck; budneck_idx=7; mask_source=v6_ml_detection\sam_masks\prompted_mobile_sam_from_source_tifs\instances\85min after washout_frame_020.png; box_source=mask_union;seeds=n7+n4+b7
85min_after_washout_frame_020,mother_bud_pair,61.0,8.0,110.0,94.0,v6_mask_aware_pseudo_label,needs_review,two_nuclei_near_budneck; budneck_idx=2; mask_source=v6_ml_detection\sam_masks\prompted_mobile_sam_from_source_tifs\instances\85min after washout_frame_020.png; box_source=mask_union;seeds=n1+n0+b2
85min_after_washout_frame_021,mother_bud_pair,109.0,71.0,166.0,142.0,v6_mask_aware_pseudo_label,needs_review,two_nuclei_near_budneck; budneck_idx=4; mask_source=v6_ml_detection\sam_masks\prompted_mobile_sam_from_source_tifs\instances\85min after washout_frame_021.png; box_source=mask_union;seeds=n5+n6+b4
85min_after_washout_frame_021,mother_bud_pair,24.0,43.0,117.0,111.0,v6_mask_aware_pseudo_label,needs_review,two_nuclei_near_budneck; budneck_idx=2; mask_source=v6_ml_detection\sam_masks\prompted_mobile_sam_from_source_tifs\instances\85min after washout_frame_021.png; box_source=mask_union;seeds=n3+n4+b2
85min_after_washout_frame_021,mother_bud_pair,159.0,138.0,242.0,196.0,v6_mask_aware_pseudo_label,needs_review,two_nuclei_near_budneck; budneck_idx=6; mask_source=v6_ml_detection\sam_masks\prompted_mobile_sam_from_source_tifs\instances\85min after washout_frame_021.png; box_source=mask_union;seeds=n8+n9+b6
85min_after_washout_frame_021,mother_bud_pair,217.0,0.0,254.0,58.0,v6_mask_aware_pseudo_label,needs_review,two_nuclei_near_budneck; budneck_idx=1; mask_source=v6_ml_detection\sam_masks\prompted_mobile_sam_from_source_tifs\instances\85min after washout_frame_021.png; box_source=mask_union;seeds=n2+n0+b1
85min_after_washout_frame_021,early_bud_pair,179.0,0.0,233.0,35.0,v6_mask_aware_pseudo_label,needs_review,one_nucleus_near_budneck; budneck_idx=0; mask_source=v6_ml_detection\sam_masks\prompted_mobile_sam_from_source_tifs\instances\85min after washout_frame_021.png; box_source=mask_union;seeds=n1+b0
85min_after_washout_frame_021,single_cell,124.0,118.0,166.0,163.0,v6_mask_aware_pseudo_label,needs_review,unpaired_green_nucleus; nucleus_idx=7; mask_source=v6_ml_detection\sam_masks\prompted_mobile_sam_from_source_tifs\instances\85min after washout_frame_021.png; box_source=mask_union;seeds=n7
85min_after_washout_frame_022,mother_bud_pair,109.0,84.0,197.0,161.0,v6_mask_aware_pseudo_label,needs_review,two_nuclei_near_budneck; budneck_idx=7; mask_source=v6_ml_detection\sam_masks\prompted_mobile_sam_from_source_tifs\instances\85min after washout_frame_022.png; box_source=mask_union;seeds=n7+n8+b7
85min_after_washout_frame_022,mother_bud_pair,54.0,30.0,153.0,96.0,v6_mask_aware_pseudo_label,needs_review,two_nuclei_near_budneck; budneck_idx=4; mask_source=v6_ml_detection\sam_masks\prompted_mobile_sam_from_source_tifs\instances\85min after washout_frame_022.png; box_source=mask_union;seeds=n6+n5+b4
85min_after_washout_frame_022,mother_bud_pair,0.0,10.0,66.0,63.0,v6_mask_aware_pseudo_label,needs_review,two_nuclei_near_budneck; budneck_idx=2; mask_source=v6_ml_detection\sam_masks\prompted_mobile_sam_from_source_tifs\instances\85min after washout_frame_022.png; box_source=mask_union;seeds=n3+n4+b2
85min_after_washout_frame_022,mother_bud_pair,85.0,0.0,146.0,39.0,v6_mask_aware_pseudo_label,needs_review,two_nuclei_near_budneck; budneck_idx=0; mask_source=v6_ml_detection\sam_masks\prompted_mobile_sam_from_source_tifs\instances\85min after washout_frame_022.png; box_source=mask_union;seeds=n2+n1+b0
85min_after_washout_frame_022,early_bud_pair,0.0,0.0,47.0,37.0,v6_mask_aware_pseudo_label,needs_review,one_nucleus_near_budneck; budneck_idx=1; mask_source=v6_ml_detection\sam_masks\prompted_mobile_sam_from_source_tifs\instances\85min after washout_frame_022.png; box_source=mask_union;seeds=n0+b1
85min_after_washout_frame_022,early_bud_pair,0.0,105.0,36.0,164.0,v6_mask_aware_pseudo_label,needs_review,one_nucleus_near_budneck; budneck_idx=6; mask_source=v6_ml_detection\sam_masks\prompted_mobile_sam_from_source_tifs\instances\85min after washout_frame_022.png; box_source=mask_union;seeds=n9+b6
85min_after_washout_frame_023,mother_bud_pair,0.0,42.0,70.0,101.0,v6_mask_aware_pseudo_label,needs_review,two_nuclei_near_budneck; budneck_idx=1; mask_source=v6_ml_detection\sam_masks\prompted_mobile_sam_from_source_tifs\instances\85min after washout_frame_023.png; box_source=mask_union;seeds=n2+n1+b1
85min_after_washout_frame_023,mother_bud_pair,192.0,80.0,253.0,156.0,v6_mask_aware_pseudo_label,needs_review,two_nuclei_near_budneck; budneck_idx=8; mask_source=v6_ml_detection\sam_masks\prompted_mobile_sam_from_source_tifs\instances\85min after washout_frame_023.png; box_source=mask_union;seeds=n8+n5+b8
85min_after_washout_frame_023,mother_bud_pair,69.0,53.0,121.0,141.0,v6_mask_aware_pseudo_label,needs_review,two_nuclei_near_budneck; budneck_idx=3; mask_source=v6_ml_detection\sam_masks\prompted_mobile_sam_from_source_tifs\instances\85min after washout_frame_023.png; box_source=mask_union;seeds=n7+n3+b3
85min_after_washout_frame_023,mother_bud_pair,132.0,79.0,190.0,133.0,v6_mask_aware_pseudo_label,needs_review,two_nuclei_near_budneck; budneck_idx=5; mask_source=v6_ml_detection\sam_masks\prompted_mobile_sam_from_source_tifs\instances\85min after washout_frame_023.png; box_source=mask_union;seeds=n4+n6+b5
85min_after_washout_frame_023,early_bud_pair,38.0,0.0,92.0,26.0,v6_mask_aware_pseudo_label,needs_review,one_nucleus_near_budneck; budneck_idx=0; mask_source=v6_ml_detection\sam_masks\prompted_mobile_sam_from_source_tifs\instances\85min after washout_frame_023.png; box_source=mask_union;seeds=n0+b0
Colorado+htb2-GFP_frame_000,mother_bud_pair,102.0,68.0,163.0,141.0,v6_mask_aware_pseudo_label,needs_review,two_nuclei_near_budneck; budneck_idx=8; mask_source=v6_ml_detection\sam_masks\prompted_mobile_sam_from_source_tifs\instances\Colorado+htb2-GFP_frame_000.png; box_source=mask_union;seeds=n5+n4+b8
Colorado+htb2-GFP_frame_000,mother_bud_pair,42.0,8.0,107.0,53.0,v6_mask_aware_pseudo_label,needs_review,two_nuclei_near_budneck; budneck_idx=1; mask_source=v6_ml_detection\sam_masks\prompted_mobile_sam_from_source_tifs\instances\Colorado+htb2-GFP_frame_000.png; box_source=mask_union;seeds=n0+n1+b1
Colorado+htb2-GFP_frame_000,mother_bud_pair,64.0,113.0,109.0,163.0,v6_mask_aware_pseudo_label,needs_review,two_nuclei_near_budneck; budneck_idx=9; mask_source=v6_ml_detection\sam_masks\prompted_mobile_sam_from_source_tifs\instances\Colorado+htb2-GFP_frame_000.png; box_source=mask_union;seeds=n6+n7+b9
Colorado+htb2-GFP_frame_000,mother_bud_pair,40.0,128.0,104.0,176.0,v6_mask_aware_pseudo_label,needs_review,two_nuclei_near_budneck; budneck_idx=13; mask_source=v6_ml_detection\sam_masks\prompted_mobile_sam_from_source_tifs\instances\Colorado+htb2-GFP_frame_000.png; box_source=mask_union;seeds=n8+n9+b13
Colorado+htb2-GFP_frame_000,mother_bud_pair,206.0,148.0,255.0,230.0,v6_mask_aware_pseudo_label,needs_review,two_nuclei_near_budneck; budneck_idx=18; mask_source=v6_ml_detection\sam_masks\prompted_mobile_sam_from_source_tifs\instances\Colorado+htb2-GFP_frame_000.png; box_source=mask_union;seeds=n14+n11+b18
Colorado+htb2-GFP_frame_000,mother_bud_pair,59.0,160.0,119.0,220.0,v6_mask_aware_pseudo_label,needs_review,two_nuclei_near_budneck; budneck_idx=17; mask_source=v6_ml_detection\sam_masks\prompted_mobile_sam_from_source_tifs\instances\Colorado+htb2-GFP_frame_000.png; box_source=mask_union;seeds=n12+n13+b17
Colorado+htb2-GFP_frame_000,early_bud_pair,121.0,136.0,175.0,178.0,v6_mask_aware_pseudo_label,needs_review,one_nucleus_near_budneck; budneck_idx=15; mask_source=v6_ml_detection\sam_masks\prompted_mobile_sam_from_source_tifs\instances\Colorado+htb2-GFP_frame_000.png; box_source=mask_union;seeds=n10+b15
Colorado+htb2-GFP_frame_000,early_bud_pair,55.0,70.0,100.0,102.0,v6_mask_aware_pseudo_label,needs_review,one_nucleus_near_budneck; budneck_idx=4; mask_source=v6_ml_detection\sam_masks\prompted_mobile_sam_from_source_tifs\instances\Colorado+htb2-GFP_frame_000.png; box_source=mask_union;seeds=n3+b4
Colorado+htb2-GFP_frame_000,single_cell,191.0,65.0,239.0,99.0,v6_mask_aware_pseudo_label,needs_review,unpaired_green_nucleus; nucleus_idx=2; mask_source=v6_ml_detection\sam_masks\prompted_mobile_sam_from_source_tifs\instances\Colorado+htb2-GFP_frame_000.png; box_source=mask_union;seeds=n2
Colorado+htb2-GFP_frame_000,single_cell,180.0,189.0,219.0,230.0,v6_mask_aware_pseudo_label,needs_review,unpaired_green_nucleus; nucleus_idx=15; mask_source=v6_ml_detection\sam_masks\prompted_mobile_sam_from_source_tifs\instances\Colorado+htb2-GFP_frame_000.png; box_source=mask_union;seeds=n15
Colorado+htb2-GFP_frame_001,mother_bud_pair,125.0,28.0,167.0,102.0,v6_mask_aware_pseudo_label,needs_review,two_nuclei_near_budneck; budneck_idx=3; mask_source=v6_ml_detection\sam_masks\prompted_mobile_sam_from_source_tifs\instances\Colorado+htb2-GFP_frame_001.png; box_source=mask_union;seeds=n1+n5+b3
Colorado+htb2-GFP_frame_001,mother_bud_pair,101.0,49.0,144.0,111.0,v6_mask_aware_pseudo_label,needs_review,two_nuclei_near_budneck; budneck_idx=4; mask_source=v6_ml_detection\sam_masks\prompted_mobile_sam_from_source_tifs\instances\Colorado+htb2-GFP_frame_001.png; box_source=mask_union;seeds=n6+n2+b4
Colorado+htb2-GFP_frame_001,mother_bud_pair,1.0,128.0,72.0,181.0,v6_mask_aware_pseudo_label,needs_review,two_nuclei_near_budneck; budneck_idx=8; mask_source=v6_ml_detection\sam_masks\prompted_mobile_sam_from_source_tifs\instances\Colorado+htb2-GFP_frame_001.png; box_source=mask_union;seeds=n10+n9+b8
Colorado+htb2-GFP_frame_001,mother_bud_pair,75.0,132.0,145.0,205.0,v6_mask_aware_pseudo_label,needs_review,two_nuclei_near_budneck; budneck_idx=10; mask_source=v6_ml_detection\sam_masks\prompted_mobile_sam_from_source_tifs\instances\Colorado+htb2-GFP_frame_001.png; box_source=mask_union;seeds=n11+n13+b10
Colorado+htb2-GFP_frame_001,mother_bud_pair,155.0,36.0,216.0,91.0,v6_mask_aware_pseudo_label,needs_review,two_nuclei_near_budneck; budneck_idx=1; mask_source=v6_ml_detection\sam_masks\prompted_mobile_sam_from_source_tifs\instances\Colorado+htb2-GFP_frame_001.png; box_source=mask_union;seeds=n3+n4+b1
Colorado+htb2-GFP_frame_001,early_bud_pair,42.0,148.0,91.0,186.0,v6_mask_aware_pseudo_label,needs_review,one_nucleus_near_budneck; budneck_idx=9; mask_source=v6_ml_detection\sam_masks\prompted_mobile_sam_from_source_tifs\instances\Colorado+htb2-GFP_frame_001.png; box_source=mask_union;seeds=n12+b9
Colorado+htb2-GFP_frame_001,early_bud_pair,154.0,180.0,205.0,243.0,v6_mask_aware_pseudo_label,needs_review,one_nucleus_near_budneck; budneck_idx=11; mask_source=v6_ml_detection\sam_masks\prompted_mobile_sam_from_source_tifs\instances\Colorado+htb2-GFP_frame_001.png; box_source=mask_union;seeds=n14+b11
Colorado+htb2-GFP_frame_001,early_bud_pair,37.0,11.0,97.0,63.0,v6_mask_aware_pseudo_label,needs_review,one_nucleus_near_budneck; budneck_idx=0; mask_source=v6_ml_detection\sam_masks\prompted_mobile_sam_from_source_tifs\instances\Colorado+htb2-GFP_frame_001.png; box_source=mask_union;seeds=n0+b0
Colorado+htb2-GFP_frame_001,early_bud_pair,22.0,98.0,74.0,135.0,v6_mask_aware_pseudo_label,needs_review,one_nucleus_near_budneck; budneck_idx=6; mask_source=v6_ml_detection\sam_masks\prompted_mobile_sam_from_source_tifs\instances\Colorado+htb2-GFP_frame_001.png; box_source=mask_union;seeds=n7+b6
Colorado+htb2-GFP_frame_001,single_cell,64.0,105.0,106.0,145.0,v6_mask_aware_pseudo_label,needs_review,unpaired_green_nucleus; nucleus_idx=8; mask_source=v6_ml_detection\sam_masks\prompted_mobile_sam_from_source_tifs\instances\Colorado+htb2-GFP_frame_001.png; box_source=mask_union;seeds=n8
Colorado+htb2-GFP_frame_002,mother_bud_pair,87.0,29.0,151.0,78.0,v6_mask_aware_pseudo_label,needs_review,two_nuclei_near_budneck; budneck_idx=2; mask_source=v6_ml_detection\sam_masks\prompted_mobile_sam_from_source_tifs\instances\Colorado+htb2-GFP_frame_002.png; box_source=mask_union;seeds=n3+n2+b2
Colorado+htb2-GFP_frame_002,mother_bud_pair,47.0,82.0,103.0,145.0,v6_mask_aware_pseudo_label,needs_review,two_nuclei_near_budneck; budneck_idx=11; mask_source=v6_ml_detection\sam_masks\prompted_mobile_sam_from_source_tifs\instances\Colorado+htb2-GFP_frame_002.png; box_source=mask_union;seeds=n9+n6+b11
Colorado+htb2-GFP_frame_002,mother_bud_pair,15.0,179.0,90.0,246.0,v6_mask_aware_pseudo_label,needs_review,two_nuclei_near_budneck; budneck_idx=13; mask_source=v6_ml_detection\sam_masks\prompted_mobile_sam_from_source_tifs\instances\Colorado+htb2-GFP_frame_002.png; box_source=mask_union;seeds=n11+n13+b13
Colorado+htb2-GFP_frame_002,mother_bud_pair,153.0,93.0,213.0,144.0,v6_mask_aware_pseudo_label,needs_review,two_nuclei_near_budneck; budneck_idx=9; mask_source=v6_ml_detection\sam_masks\prompted_mobile_sam_from_source_tifs\instances\Colorado+htb2-GFP_frame_002.png; box_source=mask_union;seeds=n7+n8+b9
Colorado+htb2-GFP_frame_002,mother_bud_pair,175.0,0.0,233.0,53.0,v6_mask_aware_pseudo_label,needs_review,two_nuclei_near_budneck; budneck_idx=1; mask_source=v6_ml_detection\sam_masks\prompted_mobile_sam_from_source_tifs\instances\Colorado+htb2-GFP_frame_002.png; box_source=mask_union;seeds=n0+n1+b1
Colorado+htb2-GFP_frame_002,mother_bud_pair,60.0,194.0,116.0,255.0,v6_mask_aware_pseudo_label,needs_review,two_nuclei_near_budneck; budneck_idx=14; mask_source=v6_ml_detection\sam_masks\prompted_mobile_sam_from_source_tifs\instances\Colorado+htb2-GFP_frame_002.png; box_source=mask_union;seeds=n14+n12+b14
Colorado+htb2-GFP_frame_002,early_bud_pair,161.0,63.0,213.0,109.0,v6_mask_aware_pseudo_label,needs_review,one_nucleus_near_budneck; budneck_idx=5; mask_source=v6_ml_detection\sam_masks\prompted_mobile_sam_from_source_tifs\instances\Colorado+htb2-GFP_frame_002.png; box_source=mask_union;seeds=n4+b5
Colorado+htb2-GFP_frame_002,early_bud_pair,130.0,83.0,170.0,145.0,v6_mask_aware_pseudo_label,needs_review,one_nucleus_near_budneck; budneck_idx=10; mask_source=v6_ml_detection\sam_masks\prompted_mobile_sam_from_source_tifs\instances\Colorado+htb2-GFP_frame_002.png; box_source=mask_union;seeds=n10+b10
Colorado+htb2-GFP_frame_002,early_bud_pair,90.0,74.0,125.0,127.0,v6_mask_aware_pseudo_label,needs_review,one_nucleus_near_budneck; budneck_idx=7; mask_source=v6_ml_detection\sam_masks\prompted_mobile_sam_from_source_tifs\instances\Colorado+htb2-GFP_frame_002.png; box_source=mask_union;seeds=n5+b7
Colorado+htb2-GFP_frame_002,single_cell,136.0,231.0,170.0,255.0,v6_mask_aware_pseudo_label,needs_review,unpaired_green_nucleus; nucleus_idx=15; mask_source=v6_ml_detection\sam_masks\prompted_mobile_sam_from_source_tifs\instances\Colorado+htb2-GFP_frame_002.png; box_source=mask_union;seeds=n15
Colorado+htb2-GFP_frame_003,mother_bud_pair,140.0,45.0,190.0,111.0,v6_mask_aware_pseudo_label,needs_review,two_nuclei_near_budneck; budneck_idx=1; mask_source=v6_ml_detection\sam_masks\prompted_mobile_sam_from_source_tifs\instances\Colorado+htb2-GFP_frame_003.png; box_source=mask_union;seeds=n0+n4+b1
Colorado+htb2-GFP_frame_003,mother_bud_pair,96.0,52.0,155.0,92.0,v6_mask_aware_pseudo_label,needs_review,two_nuclei_near_budneck; budneck_idx=0; mask_source=v6_ml_detection\sam_masks\prompted_mobile_sam_from_source_tifs\instances\Colorado+htb2-GFP_frame_003.png; box_source=mask_union;seeds=n2+n1+b0
Colorado+htb2-GFP_frame_003,mother_bud_pair,207.0,123.0,255.0,209.0,v6_mask_aware_pseudo_label,needs_review,two_nuclei_near_budneck; budneck_idx=8; mask_source=v6_ml_detection\sam_masks\prompted_mobile_sam_from_source_tifs\instances\Colorado+htb2-GFP_frame_003.png; box_source=mask_union;seeds=n10+n9+b8
Colorado+htb2-GFP_frame_003,mother_bud_pair,102.0,79.0,163.0,148.0,v6_mask_aware_pseudo_label,needs_review,two_nuclei_near_budneck; budneck_idx=5; mask_source=v6_ml_detection\sam_masks\prompted_mobile_sam_from_source_tifs\instances\Colorado+htb2-GFP_frame_003.png; box_source=mask_union;seeds=n7+n5+b5
Colorado+htb2-GFP_frame_003,mother_bud_pair,69.0,62.0,106.0,151.0,v6_mask_aware_pseudo_label,needs_review,two_nuclei_near_budneck; budneck_idx=4; mask_source=v6_ml_detection\sam_masks\prompted_mobile_sam_from_source_tifs\instances\Colorado+htb2-GFP_frame_003.png; box_source=mask_union;seeds=n8+n3+b4
Colorado+htb2-GFP_frame_003,early_bud_pair,42.0,197.0,96.0,230.0,v6_mask_aware_pseudo_label,needs_review,one_nucleus_near_budneck; budneck_idx=10; mask_source=v6_ml_detection\sam_masks\prompted_mobile_sam_from_source_tifs\instances\Colorado+htb2-GFP_frame_003.png; box_source=mask_union;seeds=n11+b10
Colorado+htb2-GFP_frame_003,early_bud_pair,17.0,226.0,80.0,255.0,v6_mask_aware_pseudo_label,needs_review,one_nucleus_near_budneck; budneck_idx=12; mask_source=v6_ml_detection\sam_masks\prompted_mobile_sam_from_source_tifs\instances\Colorado+htb2-GFP_frame_003.png; box_source=mask_union;seeds=n13+b12
Colorado+htb2-GFP_frame_003,early_bud_pair,75.0,214.0,126.0,255.0,v6_mask_aware_pseudo_label,needs_review,one_nucleus_near_budneck; budneck_idx=11; mask_source=v6_ml_detection\sam_masks\prompted_mobile_sam_from_source_tifs\instances\Colorado+htb2-GFP_frame_003.png; box_source=mask_union;seeds=n12+b11
Colorado+htb2-GFP_frame_003,single_cell,182.0,80.0,220.0,123.0,v6_mask_aware_pseudo_label,needs_review,unpaired_green_nucleus; nucleus_idx=6; mask_source=v6_ml_detection\sam_masks\prompted_mobile_sam_from_source_tifs\instances\Colorado+htb2-GFP_frame_003.png; box_source=mask_union;seeds=n6
Colorado+htb2-GFP_frame_004,mother_bud_pair,107.0,41.0,150.0,110.0,v6_mask_aware_pseudo_label,needs_review,two_nuclei_near_budneck; budneck_idx=3; mask_source=v6_ml_detection\sam_masks\prompted_mobile_sam_from_source_tifs\instances\Colorado+htb2-GFP_frame_004.png; box_source=mask_union;seeds=n0+n5+b3
Colorado+htb2-GFP_frame_004,mother_bud_pair,29.0,70.0,97.0,134.0,v6_mask_aware_pseudo_label,needs_review,two_nuclei_near_budneck; budneck_idx=6; mask_source=v6_ml_detection\sam_masks\prompted_mobile_sam_from_source_tifs\instances\Colorado+htb2-GFP_frame_004.png; box_source=mask_union;seeds=n3+n6+b6
Colorado+htb2-GFP_frame_004,mother_bud_pair,103.0,66.0,177.0,146.0,v6_mask_aware_pseudo_label,needs_review,two_nuclei_near_budneck; budneck_idx=7; mask_source=v6_ml_detection\sam_masks\prompted_mobile_sam_from_source_tifs\instances\Colorado+htb2-GFP_frame_004.png; box_source=mask_union;seeds=n8+n2+b7
Colorado+htb2-GFP_frame_004,mother_bud_pair,45.0,204.0,93.0,255.0,v6_mask_aware_pseudo_label,needs_review,two_nuclei_near_budneck; budneck_idx=12; mask_source=v6_ml_detection\sam_masks\prompted_mobile_sam_from_source_tifs\instances\Colorado+htb2-GFP_frame_004.png; box_source=mask_union;seeds=n14+n12+b12
Colorado+htb2-GFP_frame_004,mother_bud_pair,153.0,107.0,205.0,172.0,v6_mask_aware_pseudo_label,needs_review,two_nuclei_near_budneck; budneck_idx=11; mask_source=v6_ml_detection\sam_masks\prompted_mobile_sam_from_source_tifs\instances\Colorado+htb2-GFP_frame_004.png; box_source=mask_union;seeds=n11+n9+b11
Colorado+htb2-GFP_frame_004,early_bud_pair,203.0,212.0,244.0,255.0,v6_mask_aware_pseudo_label,needs_review,one_nucleus_near_budneck; budneck_idx=13; mask_source=v6_ml_detection\sam_masks\prompted_mobile_sam_from_source_tifs\instances\Colorado+htb2-GFP_frame_004.png; box_source=mask_union;seeds=n13+b13
Colorado+htb2-GFP_frame_004,early_bud_pair,219.0,92.0,255.0,158.0,v6_mask_aware_pseudo_label,needs_review,one_nucleus_near_budneck; budneck_idx=8; mask_source=v6_ml_detection\sam_masks\prompted_mobile_sam_from_source_tifs\instances\Colorado+htb2-GFP_frame_004.png; box_source=mask_union;seeds=n7+b8
Colorado+htb2-GFP_frame_004,early_bud_pair,59.0,27.0,122.0,97.0,v6_mask_aware_pseudo_label,needs_review,one_nucleus_near_budneck; budneck_idx=0; mask_source=v6_ml_detection\sam_masks\prompted_mobile_sam_from_source_tifs\instances\Colorado+htb2-GFP_frame_004.png; box_source=mask_union;seeds=n1+b0
Colorado+htb2-GFP_frame_004,early_bud_pair,8.0,70.0,55.0,113.0,v6_mask_aware_pseudo_label,needs_review,one_nucleus_near_budneck; budneck_idx=4; mask_source=v6_ml_detection\sam_masks\prompted_mobile_sam_from_source_tifs\instances\Colorado+htb2-GFP_frame_004.png; box_source=mask_union;seeds=n4+b4
Colorado+htb2-GFP_frame_004,early_bud_pair,71.0,110.0,118.0,160.0,v6_mask_aware_pseudo_label,needs_review,one_nucleus_near_budneck; budneck_idx=10; mask_source=v6_ml_detection\sam_masks\prompted_mobile_sam_from_source_tifs\instances\Colorado+htb2-GFP_frame_004.png; box_source=mask_union;seeds=n10+b10
Colorado+htb2-GFP_frame_005,mother_bud_pair,171.0,59.0,238.0,110.0,v6_mask_aware_pseudo_label,needs_review,two_nuclei_near_budneck; budneck_idx=3; mask_source=v6_ml_detection\sam_masks\prompted_mobile_sam_from_source_tifs\instances\Colorado+htb2-GFP_frame_005.png; box_source=mask_union;seeds=n5+n3+b3
Colorado+htb2-GFP_frame_005,mother_bud_pair,173.0,30.0,230.0,75.0,v6_mask_aware_pseudo_label,needs_review,two_nuclei_near_budneck; budneck_idx=1; mask_source=v6_ml_detection\sam_masks\prompted_mobile_sam_from_source_tifs\instances\Colorado+htb2-GFP_frame_005.png; box_source=mask_union;seeds=n0+n1+b1
Colorado+htb2-GFP_frame_005,mother_bud_pair,39.0,88.0,106.0,122.0,v6_mask_aware_pseudo_label,needs_review,two_nuclei_near_budneck; budneck_idx=5; mask_source=v6_ml_detection\sam_masks\prompted_mobile_sam_from_source_tifs\instances\Colorado+htb2-GFP_frame_005.png; box_source=mask_union;seeds=n6+n8+b5
Colorado+htb2-GFP_frame_005,mother_bud_pair,137.0,82.0,192.0,137.0,v6_mask_aware_pseudo_label,needs_review,two_nuclei_near_budneck; budneck_idx=6; mask_source=v6_ml_detection\sam_masks\prompted_mobile_sam_from_source_tifs\instances\Colorado+htb2-GFP_frame_005.png; box_source=mask_union;seeds=n9+n7+b6
Colorado+htb2-GFP_frame_005,mother_bud_pair,0.0,49.0,63.0,103.0,v6_mask_aware_pseudo_label,needs_review,two_nuclei_near_budneck; budneck_idx=2; mask_source=v6_ml_detection\sam_masks\prompted_mobile_sam_from_source_tifs\instances\Colorado+htb2-GFP_frame_005.png; box_source=mask_union;seeds=n2+n4+b2
Colorado+htb2-GFP_frame_005,early_bud_pair,161.0,207.0,218.0,255.0,v6_mask_aware_pseudo_label,needs_review,one_nucleus_near_budneck; budneck_idx=11; mask_source=v6_ml_detection\sam_masks\prompted_mobile_sam_from_source_tifs\instances\Colorado+htb2-GFP_frame_005.png; box_source=mask_union;seeds=n11+b11
Colorado+htb2-GFP_frame_005,early_bud_pair,219.0,219.0,255.0,255.0,v6_mask_aware_pseudo_label,needs_review,one_nucleus_near_budneck; budneck_idx=12; mask_source=v6_ml_detection\sam_masks\prompted_mobile_sam_from_source_tifs\instances\Colorado+htb2-GFP_frame_005.png; box_source=mask_union;seeds=n10+b12
Colorado+htb2-GFP_frame_006,mother_bud_pair,37.0,13.0,100.0,71.0,v6_mask_aware_pseudo_label,needs_review,two_nuclei_near_budneck; budneck_idx=1; mask_source=v6_ml_detection\sam_masks\prompted_mobile_sam_from_source_tifs\instances\Colorado+htb2-GFP_frame_006.png; box_source=mask_union;seeds=n1+n0+b1
Colorado+htb2-GFP_frame_006,mother_bud_pair,103.0,122.0,174.0,161.0,v6_mask_aware_pseudo_label,needs_review,two_nuclei_near_budneck; budneck_idx=10; mask_source=v6_ml_detection\sam_masks\prompted_mobile_sam_from_source_tifs\instances\Colorado+htb2-GFP_frame_006.png; box_source=mask_union;seeds=n7+n8+b10
Colorado+htb2-GFP_frame_006,mother_bud_pair,83.0,49.0,134.0,116.0,v6_mask_aware_pseudo_label,needs_review,two_nuclei_near_budneck; budneck_idx=6; mask_source=v6_ml_detection\sam_masks\prompted_mobile_sam_from_source_tifs\instances\Colorado+htb2-GFP_frame_006.png; box_source=mask_union;seeds=n2+n4+b6
Colorado+htb2-GFP_frame_006,mother_bud_pair,122.0,98.0,183.0,140.0,v6_mask_aware_pseudo_label,needs_review,two_nuclei_near_budneck; budneck_idx=9; mask_source=v6_ml_detection\sam_masks\prompted_mobile_sam_from_source_tifs\instances\Colorado+htb2-GFP_frame_006.png; box_source=mask_union;seeds=n6+n5+b9
Colorado+htb2-GFP_frame_006,early_bud_pair,103.0,151.0,164.0,204.0,v6_mask_aware_pseudo_label,needs_review,one_nucleus_near_budneck; budneck_idx=11; mask_source=v6_ml_detection\sam_masks\prompted_mobile_sam_from_source_tifs\instances\Colorado+htb2-GFP_frame_006.png; box_source=mask_union;seeds=n9+b11
Colorado+htb2-GFP_frame_006,early_bud_pair,117.0,49.0,157.0,116.0,v6_mask_aware_pseudo_label,needs_review,one_nucleus_near_budneck; budneck_idx=7; mask_source=v6_ml_detection\sam_masks\prompted_mobile_sam_from_source_tifs\instances\Colorado+htb2-GFP_frame_006.png; box_source=mask_union;seeds=n3+b7
Colorado+htb2-GFP_frame_006,early_bud_pair,218.0,211.0,255.0,255.0,v6_mask_aware_pseudo_label,needs_review,one_nucleus_near_budneck; budneck_idx=12; mask_source=v6_ml_detection\sam_masks\prompted_mobile_sam_from_source_tifs\instances\Colorado+htb2-GFP_frame_006.png; box_source=mask_union;seeds=n10+b12
Colorado+htb2-GFP_frame_007,mother_bud_pair,37.0,95.0,111.0,170.0,v6_mask_aware_pseudo_label,needs_review,two_nuclei_near_budneck; budneck_idx=14; mask_source=v6_ml_detection\sam_masks\prompted_mobile_sam_from_source_tifs\instances\Colorado+htb2-GFP_frame_007.png; box_source=mask_union;seeds=n12+n9+b14
Colorado+htb2-GFP_frame_007,mother_bud_pair,57.0,23.0,111.0,78.0,v6_mask_aware_pseudo_label,needs_review,two_nuclei_near_budneck; budneck_idx=3; mask_source=v6_ml_detection\sam_masks\prompted_mobile_sam_from_source_tifs\instances\Colorado+htb2-GFP_frame_007.png; box_source=mask_union;seeds=n2+n6+b3
Colorado+htb2-GFP_frame_007,mother_bud_pair,148.0,57.0,215.0,118.0,v6_mask_aware_pseudo_label,needs_review,two_nuclei_near_budneck; budneck_idx=9; mask_source=v6_ml_detection\sam_masks\prompted_mobile_sam_from_source_tifs\instances\Colorado+htb2-GFP_frame_007.png; box_source=mask_union;seeds=n8+n7+b9
Colorado+htb2-GFP_frame_007,mother_bud_pair,144.0,0.0,210.0,57.0,v6_mask_aware_pseudo_label,needs_review,two_nuclei_near_budneck; budneck_idx=0; mask_source=v6_ml_detection\sam_masks\prompted_mobile_sam_from_source_tifs\instances\Colorado+htb2-GFP_frame_007.png; box_source=mask_union;seeds=n0+n3+b0
Colorado+htb2-GFP_frame_007,mother_bud_pair,140.0,114.0,200.0,190.0,v6_mask_aware_pseudo_label,needs_review,two_nuclei_near_budneck; budneck_idx=19; mask_source=v6_ml_detection\sam_masks\prompted_mobile_sam_from_source_tifs\instances\Colorado+htb2-GFP_frame_007.png; box_source=mask_union;seeds=n11+n13+b19
Colorado+htb2-GFP_frame_007,mother_bud_pair,180.0,38.0,241.0,86.0,v6_mask_aware_pseudo_label,needs_review,two_nuclei_near_budneck; budneck_idx=6; mask_source=v6_ml_detection\sam_masks\prompted_mobile_sam_from_source_tifs\instances\Colorado+htb2-GFP_frame_007.png; box_source=mask_union;seeds=n4+n5+b6
Colorado+htb2-GFP_frame_007,early_bud_pair,185.0,181.0,227.0,240.0,v6_mask_aware_pseudo_label,needs_review,one_nucleus_near_budneck; budneck_idx=20; mask_source=v6_ml_detection\sam_masks\prompted_mobile_sam_from_source_tifs\instances\Colorado+htb2-GFP_frame_007.png; box_source=mask_union;seeds=n15+b20
Colorado+htb2-GFP_frame_007,early_bud_pair,202.0,0.0,253.0,35.0,v6_mask_aware_pseudo_label,needs_review,one_nucleus_near_budneck; budneck_idx=1; mask_source=v6_ml_detection\sam_masks\prompted_mobile_sam_from_source_tifs\instances\Colorado+htb2-GFP_frame_007.png; box_source=mask_union;seeds=n1+b1
Colorado+htb2-GFP_frame_007,early_bud_pair,85.0,145.0,135.0,188.0,v6_mask_aware_pseudo_label,needs_review,one_nucleus_near_budneck; budneck_idx=18; mask_source=v6_ml_detection\sam_masks\prompted_mobile_sam_from_source_tifs\instances\Colorado+htb2-GFP_frame_007.png; box_source=mask_union;seeds=n14+b18
Colorado+htb2-GFP_frame_007,single_cell,193.0,101.0,222.0,133.0,v6_mask_aware_pseudo_label,needs_review,unpaired_green_nucleus; nucleus_idx=10; mask_source=v6_ml_detection\sam_masks\prompted_mobile_sam_from_source_tifs\instances\Colorado+htb2-GFP_frame_007.png; box_source=mask_union;seeds=n10
Colorado+htb2-GFP_frame_008,mother_bud_pair,126.0,53.0,185.0,116.0,v6_mask_aware_pseudo_label,needs_review,two_nuclei_near_budneck; budneck_idx=4; mask_source=v6_ml_detection\sam_masks\prompted_mobile_sam_from_source_tifs\instances\Colorado+htb2-GFP_frame_008.png; box_source=mask_union;seeds=n2+n1+b4
Colorado+htb2-GFP_frame_008,mother_bud_pair,25.0,115.0,89.0,169.0,v6_mask_aware_pseudo_label,needs_review,two_nuclei_near_budneck; budneck_idx=7; mask_source=v6_ml_detection\sam_masks\prompted_mobile_sam_from_source_tifs\instances\Colorado+htb2-GFP_frame_008.png; box_source=mask_union;seeds=n6+n5+b7
Colorado+htb2-GFP_frame_008,mother_bud_pair,127.0,107.0,192.0,153.0,v6_mask_aware_pseudo_label,needs_review,two_nuclei_near_budneck; budneck_idx=5; mask_source=v6_ml_detection\sam_masks\prompted_mobile_sam_from_source_tifs\instances\Colorado+htb2-GFP_frame_008.png; box_source=mask_union;seeds=n3+n4+b5
Colorado+htb2-GFP_frame_008,mother_bud_pair,60.0,160.0,116.0,216.0,v6_mask_aware_pseudo_label,needs_review,two_nuclei_near_budneck; budneck_idx=11; mask_source=v6_ml_detection\sam_masks\prompted_mobile_sam_from_source_tifs\instances\Colorado+htb2-GFP_frame_008.png; box_source=mask_union;seeds=n10+n9+b11
Colorado+htb2-GFP_frame_008,mother_bud_pair,80.0,138.0,142.0,192.0,v6_mask_aware_pseudo_label,needs_review,two_nuclei_near_budneck; budneck_idx=9; mask_source=v6_ml_detection\sam_masks\prompted_mobile_sam_from_source_tifs\instances\Colorado+htb2-GFP_frame_008.png; box_source=mask_union;seeds=n7+n8+b9
Colorado+htb2-GFP_frame_008,early_bud_pair,205.0,0.0,255.0,36.0,v6_mask_aware_pseudo_label,needs_review,one_nucleus_near_budneck; budneck_idx=0; mask_source=v6_ml_detection\sam_masks\prompted_mobile_sam_from_source_tifs\instances\Colorado+htb2-GFP_frame_008.png; box_source=mask_union;seeds=n0+b0
Colorado+htb2-GFP_frame_009,mother_bud_pair,28.0,119.0,97.0,168.0,v6_mask_aware_pseudo_label,needs_review,two_nuclei_near_budneck; budneck_idx=12; mask_source=v6_ml_detection\sam_masks\prompted_mobile_sam_from_source_tifs\instances\Colorado+htb2-GFP_frame_009.png; box_source=mask_union;seeds=n9+n8+b12
Colorado+htb2-GFP_frame_009,mother_bud_pair,178.0,206.0,255.0,247.0,v6_mask_aware_pseudo_label,needs_review,two_nuclei_near_budneck; budneck_idx=20; mask_source=v6_ml_detection\sam_masks\prompted_mobile_sam_from_source_tifs\instances\Colorado+htb2-GFP_frame_009.png; box_source=mask_union;seeds=n14+n15+b20
Colorado+htb2-GFP_frame_009,mother_bud_pair,170.0,176.0,234.0,220.0,v6_mask_aware_pseudo_label,needs_review,two_nuclei_near_budneck; budneck_idx=19; mask_source=v6_ml_detection\sam_masks\prompted_mobile_sam_from_source_tifs\instances\Colorado+htb2-GFP_frame_009.png; box_source=mask_union;seeds=n12+n13+b19
Colorado+htb2-GFP_frame_009,mother_bud_pair,55.0,24.0,121.0,101.0,v6_mask_aware_pseudo_label,needs_review,two_nuclei_near_budneck; budneck_idx=1; mask_source=v6_ml_detection\sam_masks\prompted_mobile_sam_from_source_tifs\instances\Colorado+htb2-GFP_frame_009.png; box_source=mask_union;seeds=n2+n1+b1
Colorado+htb2-GFP_frame_009,mother_bud_pair,44.0,67.0,106.0,132.0,v6_mask_aware_pseudo_label,needs_review,two_nuclei_near_budneck; budneck_idx=4; mask_source=v6_ml_detection\sam_masks\prompted_mobile_sam_from_source_tifs\instances\Colorado+htb2-GFP_frame_009.png; box_source=mask_union;seeds=n6+n5+b4
Colorado+htb2-GFP_frame_009,early_bud_pair,49.0,218.0,87.0,255.0,v6_mask_aware_pseudo_label,needs_review,one_nucleus_near_budneck; budneck_idx=21; mask_source=v6_ml_detection\sam_masks\prompted_mobile_sam_from_source_tifs\instances\Colorado+htb2-GFP_frame_009.png; box_source=mask_union;seeds=n16+b21
Colorado+htb2-GFP_frame_009,early_bud_pair,219.0,162.0,255.0,220.0,v6_mask_aware_pseudo_label,needs_review,one_nucleus_near_budneck; budneck_idx=18; mask_source=v6_ml_detection\sam_masks\prompted_mobile_sam_from_source_tifs\instances\Colorado+htb2-GFP_frame_009.png; box_source=mask_union;seeds=n11+b18
Colorado+htb2-GFP_frame_009,early_bud_pair,145.0,108.0,186.0,157.0,v6_mask_aware_pseudo_label,needs_review,one_nucleus_near_budneck; budneck_idx=14; mask_source=v6_ml_detection\sam_masks\prompted_mobile_sam_from_source_tifs\instances\Colorado+htb2-GFP_frame_009.png; box_source=mask_union;seeds=n7+b14
Colorado+htb2-GFP_frame_009,early_bud_pair,47.0,0.0,93.0,48.0,v6_mask_aware_pseudo_label,needs_review,one_nucleus_near_budneck; budneck_idx=0; mask_source=v6_ml_detection\sam_masks\prompted_mobile_sam_from_source_tifs\instances\Colorado+htb2-GFP_frame_009.png; box_source=mask_union;seeds=n0+b0
Colorado+htb2-GFP_frame_009,early_bud_pair,0.0,59.0,41.0,114.0,v6_mask_aware_pseudo_label,needs_review,one_nucleus_near_budneck; budneck_idx=7; mask_source=v6_ml_detection\sam_masks\prompted_mobile_sam_from_source_tifs\instances\Colorado+htb2-GFP_frame_009.png; box_source=mask_union;seeds=n4+b7
Colorado+htb2-GFP_frame_009,early_bud_pair,86.0,137.0,131.0,198.0,v6_mask_aware_pseudo_label,needs_review,one_nucleus_near_budneck; budneck_idx=16; mask_source=v6_ml_detection\sam_masks\prompted_mobile_sam_from_source_tifs\instances\Colorado+htb2-GFP_frame_009.png; box_source=mask_union;seeds=n10+b16
Colorado+htb2-GFP_frame_009,early_bud_pair,95.0,64.0,131.0,118.0,v6_mask_aware_pseudo_label,needs_review,one_nucleus_near_budneck; budneck_idx=6; mask_source=v6_ml_detection\sam_masks\prompted_mobile_sam_from_source_tifs\instances\Colorado+htb2-GFP_frame_009.png; box_source=mask_union;seeds=n3+b6
Colorado+htb2-GFP_frame_010,mother_bud_pair,39.0,102.0,86.0,172.0,v6_mask_aware_pseudo_label,needs_review,two_nuclei_near_budneck; budneck_idx=11; mask_source=v6_ml_detection\sam_masks\prompted_mobile_sam_from_source_tifs\instances\Colorado+htb2-GFP_frame_010.png; box_source=mask_union;seeds=n12+n9+b11
Colorado+htb2-GFP_frame_010,mother_bud_pair,139.0,25.0,206.0,91.0,v6_mask_aware_pseudo_label,needs_review,two_nuclei_near_budneck; budneck_idx=1; mask_source=v6_ml_detection\sam_masks\prompted_mobile_sam_from_source_tifs\instances\Colorado+htb2-GFP_frame_010.png; box_source=mask_union;seeds=n0+n3+b1
Colorado+htb2-GFP_frame_010,mother_bud_pair,85.0,66.0,139.0,123.0,v6_mask_aware_pseudo_label,needs_review,two_nuclei_near_budneck; budneck_idx=6; mask_source=v6_ml_detection\sam_masks\prompted_mobile_sam_from_source_tifs\instances\Colorado+htb2-GFP_frame_010.png; box_source=mask_union;seeds=n4+n7+b6
Colorado+htb2-GFP_frame_010,mother_bud_pair,215.0,142.0,255.0,194.0,v6_mask_aware_pseudo_label,needs_review,two_nuclei_near_budneck; budneck_idx=12; mask_source=v6_ml_detection\sam_masks\prompted_mobile_sam_from_source_tifs\instances\Colorado+htb2-GFP_frame_010.png; box_source=mask_union;seeds=n14+n13+b12
Colorado+htb2-GFP_frame_010,mother_bud_pair,117.0,94.0,182.0,150.0,v6_mask_aware_pseudo_label,needs_review,two_nuclei_near_budneck; budneck_idx=7; mask_source=v6_ml_detection\sam_masks\prompted_mobile_sam_from_source_tifs\instances\Colorado+htb2-GFP_frame_010.png; box_source=mask_union;seeds=n10+n11+b7
Colorado+htb2-GFP_frame_010,mother_bud_pair,0.0,50.0,47.0,116.0,v6_mask_aware_pseudo_label,needs_review,two_nuclei_near_budneck; budneck_idx=4; mask_source=v6_ml_detection\sam_masks\prompted_mobile_sam_from_source_tifs\instances\Colorado+htb2-GFP_frame_010.png; box_source=mask_union;seeds=n1+n6+b4
Colorado+htb2-GFP_frame_010,early_bud_pair,41.0,51.0,99.0,95.0,v6_mask_aware_pseudo_label,needs_review,one_nucleus_near_budneck; budneck_idx=2; mask_source=v6_ml_detection\sam_masks\prompted_mobile_sam_from_source_tifs\instances\Colorado+htb2-GFP_frame_010.png; box_source=mask_union;seeds=n2+b2
Colorado+htb2-GFP_frame_010,early_bud_pair,164.0,53.0,206.0,91.0,v6_mask_aware_pseudo_label,needs_review,one_nucleus_near_budneck; budneck_idx=3; mask_source=v6_ml_detection\sam_masks\prompted_mobile_sam_from_source_tifs\instances\Colorado+htb2-GFP_frame_010.png; box_source=mask_union;seeds=n5+b3
Colorado+htb2-GFP_frame_010,early_bud_pair,198.0,162.0,248.0,196.0,v6_mask_aware_pseudo_label,needs_review,one_nucleus_near_budneck; budneck_idx=13; mask_source=v6_ml_detection\sam_masks\prompted_mobile_sam_from_source_tifs\instances\Colorado+htb2-GFP_frame_010.png; box_source=mask_union;seeds=n15+b13
Colorado+htb2-GFP_frame_010,early_bud_pair,68.0,94.0,117.0,160.0,v6_mask_aware_pseudo_label,needs_review,one_nucleus_near_budneck; budneck_idx=10; mask_source=v6_ml_detection\sam_masks\prompted_mobile_sam_from_source_tifs\instances\Colorado+htb2-GFP_frame_010.png; box_source=mask_union;seeds=n8+b10
Colorado+htb2-GFP_frame_011,mother_bud_pair,144.0,125.0,214.0,168.0,v6_mask_aware_pseudo_label,needs_review,two_nuclei_near_budneck; budneck_idx=9; mask_source=v6_ml_detection\sam_masks\prompted_mobile_sam_from_source_tifs\instances\Colorado+htb2-GFP_frame_011.png; box_source=mask_union;seeds=n9+n10+b9
Colorado+htb2-GFP_frame_011,mother_bud_pair,104.0,65.0,152.0,132.0,v6_mask_aware_pseudo_label,needs_review,two_nuclei_near_budneck; budneck_idx=4; mask_source=v6_ml_detection\sam_masks\prompted_mobile_sam_from_source_tifs\instances\Colorado+htb2-GFP_frame_011.png; box_source=mask_union;seeds=n6+n4+b4
Colorado+htb2-GFP_frame_011,mother_bud_pair,0.0,0.0,38.0,77.0,v6_mask_aware_pseudo_label,needs_review,two_nuclei_near_budneck; budneck_idx=1; mask_source=v6_ml_detection\sam_masks\prompted_mobile_sam_from_source_tifs\instances\Colorado+htb2-GFP_frame_011.png; box_source=mask_union;seeds=n0+n2+b1
Colorado+htb2-GFP_frame_011,mother_bud_pair,88.0,93.0,129.0,152.0,v6_mask_aware_pseudo_label,needs_review,two_nuclei_near_budneck; budneck_idx=8; mask_source=v6_ml_detection\sam_masks\prompted_mobile_sam_from_source_tifs\instances\Colorado+htb2-GFP_frame_011.png; box_source=mask_union;seeds=n5+n8+b8
Colorado+htb2-GFP_frame_011,mother_bud_pair,65.0,69.0,110.0,147.0,v6_mask_aware_pseudo_label,needs_review,two_nuclei_near_budneck; budneck_idx=6; mask_source=v6_ml_detection\sam_masks\prompted_mobile_sam_from_source_tifs\instances\Colorado+htb2-GFP_frame_011.png; box_source=mask_union;seeds=n7+n3+b6
Colorado+htb2-GFP_frame_011,early_bud_pair,86.0,176.0,153.0,240.0,v6_mask_aware_pseudo_label,needs_review,one_nucleus_near_budneck; budneck_idx=11; mask_source=v6_ml_detection\sam_masks\prompted_mobile_sam_from_source_tifs\instances\Colorado+htb2-GFP_frame_011.png; box_source=mask_union;seeds=n11+b11
Colorado+htb2-GFP_frame_011,early_bud_pair,10.0,28.0,56.0,74.0,v6_mask_aware_pseudo_label,needs_review,one_nucleus_near_budneck; budneck_idx=2; mask_source=v6_ml_detection\sam_masks\prompted_mobile_sam_from_source_tifs\instances\Colorado+htb2-GFP_frame_011.png; box_source=mask_union;seeds=n1+b2
Colorado+htb2-GFP_frame_012,mother_bud_pair,107.0,118.0,176.0,183.0,v6_mask_aware_pseudo_label,needs_review,two_nuclei_near_budneck; budneck_idx=9; mask_source=v6_ml_detection\sam_masks\prompted_mobile_sam_from_source_tifs\instances\Colorado+htb2-GFP_frame_012.png; box_source=mask_union;seeds=n10+n8+b9
Colorado+htb2-GFP_frame_012,mother_bud_pair,136.0,55.0,193.0,104.0,v6_mask_aware_pseudo_label,needs_review,two_nuclei_near_budneck; budneck_idx=3; mask_source=v6_ml_detection\sam_masks\prompted_mobile_sam_from_source_tifs\instances\Colorado+htb2-GFP_frame_012.png; box_source=mask_union;seeds=n5+n3+b3
Colorado+htb2-GFP_frame_012,mother_bud_pair,63.0,12.0,130.0,68.0,v6_mask_aware_pseudo_label,needs_review,two_nuclei_near_budneck; budneck_idx=0; mask_source=v6_ml_detection\sam_masks\prompted_mobile_sam_from_source_tifs\instances\Colorado+htb2-GFP_frame_012.png; box_source=mask_union;seeds=n1+n0+b0
Colorado+htb2-GFP_frame_012,mother_bud_pair,0.0,141.0,43.0,186.0,v6_mask_aware_pseudo_label,needs_review,two_nuclei_near_budneck; budneck_idx=11; mask_source=v6_ml_detection\sam_masks\prompted_mobile_sam_from_source_tifs\instances\Colorado+htb2-GFP_frame_012.png; box_source=mask_union;seeds=n13+n12+b11
Colorado+htb2-GFP_frame_012,mother_bud_pair,104.0,30.0,165.0,83.0,v6_mask_aware_pseudo_label,needs_review,two_nuclei_near_budneck; budneck_idx=1; mask_source=v6_ml_detection\sam_masks\prompted_mobile_sam_from_source_tifs\instances\Colorado+htb2-GFP_frame_012.png; box_source=mask_union;seeds=n2+n4+b1
Colorado+htb2-GFP_frame_012,mother_bud_pair,33.0,107.0,93.0,184.0,v6_mask_aware_pseudo_label,needs_review,two_nuclei_near_budneck; budneck_idx=7; mask_source=v6_ml_detection\sam_masks\prompted_mobile_sam_from_source_tifs\instances\Colorado+htb2-GFP_frame_012.png; box_source=mask_union;seeds=n11+n9+b7
Colorado+htb2-GFP_frame_012,early_bud_pair,122.0,97.0,165.0,157.0,v6_mask_aware_pseudo_label,needs_review,one_nucleus_near_budneck; budneck_idx=8; mask_source=v6_ml_detection\sam_masks\prompted_mobile_sam_from_source_tifs\instances\Colorado+htb2-GFP_frame_012.png; box_source=mask_union;seeds=n7+b8
Colorado+htb2-GFP_frame_012,early_bud_pair,0.0,206.0,27.0,241.0,v6_mask_aware_pseudo_label,needs_review,one_nucleus_near_budneck; budneck_idx=13; mask_source=v6_ml_detection\sam_masks\prompted_mobile_sam_from_source_tifs\instances\Colorado+htb2-GFP_frame_012.png; box_source=mask_union;seeds=n14+b13
Colorado+htb2-GFP_frame_012,early_bud_pair,63.0,218.0,121.0,255.0,v6_mask_aware_pseudo_label,needs_review,one_nucleus_near_budneck; budneck_idx=14; mask_source=v6_ml_detection\sam_masks\prompted_mobile_sam_from_source_tifs\instances\Colorado+htb2-GFP_frame_012.png; box_source=mask_union;seeds=n15+b14
Colorado+htb2-GFP_frame_012,early_bud_pair,103.0,68.0,142.0,116.0,v6_mask_aware_pseudo_label,needs_review,one_nucleus_near_budneck; budneck_idx=2; mask_source=v6_ml_detection\sam_masks\prompted_mobile_sam_from_source_tifs\instances\Colorado+htb2-GFP_frame_012.png; box_source=mask_union;seeds=n6+b2
Colorado+htb2-GFP_frame_013,mother_bud_pair,130.0,35.0,198.0,77.0,v6_mask_aware_pseudo_label,needs_review,two_nuclei_near_budneck; budneck_idx=1; mask_source=v6_ml_detection\sam_masks\prompted_mobile_sam_from_source_tifs\instances\Colorado+htb2-GFP_frame_013.png; box_source=mask_union;seeds=n1+n2+b1
Colorado+htb2-GFP_frame_013,mother_bud_pair,57.0,99.0,128.0,150.0,v6_mask_aware_pseudo_label,needs_review,two_nuclei_near_budneck; budneck_idx=7; mask_source=v6_ml_detection\sam_masks\prompted_mobile_sam_from_source_tifs\instances\Colorado+htb2-GFP_frame_013.png; box_source=mask_union;seeds=n8+n6+b7
Colorado+htb2-GFP_frame_013,mother_bud_pair,161.0,77.0,214.0,154.0,v6_mask_aware_pseudo_label,needs_review,two_nuclei_near_budneck; budneck_idx=6; mask_source=v6_ml_detection\sam_masks\prompted_mobile_sam_from_source_tifs\instances\Colorado+htb2-GFP_frame_013.png; box_source=mask_union;seeds=n7+n4+b6
Colorado+htb2-GFP_frame_013,early_bud_pair,45.0,151.0,93.0,201.0,v6_mask_aware_pseudo_label,needs_review,one_nucleus_near_budneck; budneck_idx=8; mask_source=v6_ml_detection\sam_masks\prompted_mobile_sam_from_source_tifs\instances\Colorado+htb2-GFP_frame_013.png; box_source=mask_union;seeds=n9+b8
Colorado+htb2-GFP_frame_013,early_bud_pair,162.0,50.0,217.0,88.0,v6_mask_aware_pseudo_label,needs_review,one_nucleus_near_budneck; budneck_idx=2; mask_source=v6_ml_detection\sam_masks\prompted_mobile_sam_from_source_tifs\instances\Colorado+htb2-GFP_frame_013.png; box_source=mask_union;seeds=n3+b2
Colorado+htb2-GFP_frame_013,early_bud_pair,96.0,68.0,146.0,122.0,v6_mask_aware_pseudo_label,needs_review,one_nucleus_near_budneck; budneck_idx=4; mask_source=v6_ml_detection\sam_masks\prompted_mobile_sam_from_source_tifs\instances\Colorado+htb2-GFP_frame_013.png; box_source=mask_union;seeds=n5+b4
Colorado+htb2-GFP_frame_013,early_bud_pair,154.0,4.0,197.0,51.0,v6_mask_aware_pseudo_label,needs_review,one_nucleus_near_budneck; budneck_idx=0; mask_source=v6_ml_detection\sam_masks\prompted_mobile_sam_from_source_tifs\instances\Colorado+htb2-GFP_frame_013.png; box_source=mask_union;seeds=n0+b0
Colorado+htb2-GFP_frame_014,mother_bud_pair,86.0,72.0,140.0,142.0,v6_mask_aware_pseudo_label,needs_review,two_nuclei_near_budneck; budneck_idx=5; mask_source=v6_ml_detection\sam_masks\prompted_mobile_sam_from_source_tifs\instances\Colorado+htb2-GFP_frame_014.png; box_source=mask_union;seeds=n4+n7+b5
Colorado+htb2-GFP_frame_014,mother_bud_pair,172.0,90.0,233.0,146.0,v6_mask_aware_pseudo_label,needs_review,two_nuclei_near_budneck; budneck_idx=7; mask_source=v6_ml_detection\sam_masks\prompted_mobile_sam_from_source_tifs\instances\Colorado+htb2-GFP_frame_014.png; box_source=mask_union;seeds=n5+n6+b7
Colorado+htb2-GFP_frame_014,mother_bud_pair,45.0,125.0,124.0,172.0,v6_mask_aware_pseudo_label,needs_review,two_nuclei_near_budneck; budneck_idx=13; mask_source=v6_ml_detection\sam_masks\prompted_mobile_sam_from_source_tifs\instances\Colorado+htb2-GFP_frame_014.png; box_source=mask_union;seeds=n10+n8+b13
Colorado+htb2-GFP_frame_014,mother_bud_pair,116.0,134.0,160.0,197.0,v6_mask_aware_pseudo_label,needs_review,two_nuclei_near_budneck; budneck_idx=15; mask_source=v6_ml_detection\sam_masks\prompted_mobile_sam_from_source_tifs\instances\Colorado+htb2-GFP_frame_014.png; box_source=mask_union;seeds=n12+n9+b15
Colorado+htb2-GFP_frame_014,early_bud_pair,0.0,94.0,36.0,133.0,v6_mask_aware_pseudo_label,needs_review,one_nucleus_near_budneck; budneck_idx=8; mask_source=v6_ml_detection\sam_masks\prompted_mobile_sam_from_source_tifs\instances\Colorado+htb2-GFP_frame_014.png; box_source=mask_union;seeds=n2+b8
Colorado+htb2-GFP_frame_014,early_bud_pair,139.0,50.0,196.0,108.0,v6_mask_aware_pseudo_label,needs_review,one_nucleus_near_budneck; budneck_idx=3; mask_source=v6_ml_detection\sam_masks\prompted_mobile_sam_from_source_tifs\instances\Colorado+htb2-GFP_frame_014.png; box_source=mask_union;seeds=n1+b3
Colorado+htb2-GFP_frame_014,early_bud_pair,132.0,220.0,192.0,255.0,v6_mask_aware_pseudo_label,needs_review,one_nucleus_near_budneck; budneck_idx=16; mask_source=v6_ml_detection\sam_masks\prompted_mobile_sam_from_source_tifs\instances\Colorado+htb2-GFP_frame_014.png; box_source=mask_union;seeds=n14+b16
Colorado+htb2-GFP_frame_014,early_bud_pair,187.0,145.0,229.0,196.0,v6_mask_aware_pseudo_label,needs_review,one_nucleus_near_budneck; budneck_idx=14; mask_source=v6_ml_detection\sam_masks\prompted_mobile_sam_from_source_tifs\instances\Colorado+htb2-GFP_frame_014.png; box_source=mask_union;seeds=n11+b14
Colorado+htb2-GFP_frame_014,single_cell,94.0,0.0,133.0,27.0,v6_mask_aware_pseudo_label,needs_review,unpaired_green_nucleus; nucleus_idx=0; mask_source=v6_ml_detection\sam_masks\prompted_mobile_sam_from_source_tifs\instances\Colorado+htb2-GFP_frame_014.png; box_source=mask_union;seeds=n0
Colorado+htb2-GFP_frame_014,single_cell,211.0,85.0,248.0,122.0,v6_mask_aware_pseudo_label,needs_review,unpaired_green_nucleus; nucleus_idx=3; mask_source=v6_ml_detection\sam_masks\prompted_mobile_sam_from_source_tifs\instances\Colorado+htb2-GFP_frame_014.png; box_source=mask_union;seeds=n3
Colorado+htb2-GFP_frame_014,single_cell,106.0,167.0,137.0,200.0,v6_mask_aware_pseudo_label,needs_review,unpaired_green_nucleus; nucleus_idx=13; mask_source=v6_ml_detection\sam_masks\prompted_mobile_sam_from_source_tifs\instances\Colorado+htb2-GFP_frame_014.png; box_source=mask_union;seeds=n13
Colorado+htb2-GFP_frame_015,mother_bud_pair,131.0,54.0,186.0,119.0,v6_mask_aware_pseudo_label,needs_review,two_nuclei_near_budneck; budneck_idx=0; mask_source=v6_ml_detection\sam_masks\prompted_mobile_sam_from_source_tifs\instances\Colorado+htb2-GFP_frame_015.png; box_source=mask_union;seeds=n1+n3+b0
Colorado+htb2-GFP_frame_015,mother_bud_pair,83.0,119.0,125.0,194.0,v6_mask_aware_pseudo_label,needs_review,two_nuclei_near_budneck; budneck_idx=7; mask_source=v6_ml_detection\sam_masks\prompted_mobile_sam_from_source_tifs\instances\Colorado+htb2-GFP_frame_015.png; box_source=mask_union;seeds=n10+n5+b7
Colorado+htb2-GFP_frame_015,mother_bud_pair,159.0,95.0,210.0,174.0,v6_mask_aware_pseudo_label,needs_review,two_nuclei_near_budneck; budneck_idx=4; mask_source=v6_ml_detection\sam_masks\prompted_mobile_sam_from_source_tifs\instances\Colorado+htb2-GFP_frame_015.png; box_source=mask_union;seeds=n4+n8+b4
Colorado+htb2-GFP_frame_015,mother_bud_pair,133.0,130.0,183.0,180.0,v6_mask_aware_pseudo_label,needs_review,two_nuclei_near_budneck; budneck_idx=6; mask_source=v6_ml_detection\sam_masks\prompted_mobile_sam_from_source_tifs\instances\Colorado+htb2-GFP_frame_015.png; box_source=mask_union;seeds=n7+n9+b6
Colorado+htb2-GFP_frame_015,mother_bud_pair,98.0,79.0,149.0,164.0,v6_mask_aware_pseudo_label,needs_review,two_nuclei_near_budneck; budneck_idx=3; mask_source=v6_ml_detection\sam_masks\prompted_mobile_sam_from_source_tifs\instances\Colorado+htb2-GFP_frame_015.png; box_source=mask_union;seeds=n6+n2+b3
Colorado+htb2-GFP_frame_015,single_cell,0.0,14.0,39.0,51.0,v6_mask_aware_pseudo_label,needs_review,unpaired_green_nucleus; nucleus_idx=0; mask_source=v6_ml_detection\sam_masks\prompted_mobile_sam_from_source_tifs\instances\Colorado+htb2-GFP_frame_015.png; box_source=mask_union;seeds=n0
Colorado+htb2-GFP_frame_016,mother_bud_pair,0.0,117.0,91.0,184.0,v6_mask_aware_pseudo_label,needs_review,two_nuclei_near_budneck; budneck_idx=13; mask_source=v6_ml_detection\sam_masks\prompted_mobile_sam_from_source_tifs\instances\Colorado+htb2-GFP_frame_016.png; box_source=mask_union;seeds=n12+n13+b13
Colorado+htb2-GFP_frame_016,mother_bud_pair,192.0,49.0,247.0,108.0,v6_mask_aware_pseudo_label,needs_review,two_nuclei_near_budneck; budneck_idx=7; mask_source=v6_ml_detection\sam_masks\prompted_mobile_sam_from_source_tifs\instances\Colorado+htb2-GFP_frame_016.png; box_source=mask_union;seeds=n5+n8+b7
Colorado+htb2-GFP_frame_016,mother_bud_pair,20.0,0.0,77.0,49.0,v6_mask_aware_pseudo_label,needs_review,two_nuclei_near_budneck; budneck_idx=2; mask_source=v6_ml_detection\sam_masks\prompted_mobile_sam_from_source_tifs\instances\Colorado+htb2-GFP_frame_016.png; box_source=mask_union;seeds=n0+n2+b2
Colorado+htb2-GFP_frame_016,mother_bud_pair,98.0,93.0,162.0,159.0,v6_mask_aware_pseudo_label,needs_review,two_nuclei_near_budneck; budneck_idx=12; mask_source=v6_ml_detection\sam_masks\prompted_mobile_sam_from_source_tifs\instances\Colorado+htb2-GFP_frame_016.png; box_source=mask_union;seeds=n10+n11+b12
Colorado+htb2-GFP_frame_016,mother_bud_pair,108.0,63.0,162.0,114.0,v6_mask_aware_pseudo_label,needs_review,two_nuclei_near_budneck; budneck_idx=9; mask_source=v6_ml_detection\sam_masks\prompted_mobile_sam_from_source_tifs\instances\Colorado+htb2-GFP_frame_016.png; box_source=mask_union;seeds=n6+n9+b9
Colorado+htb2-GFP_frame_016,mother_bud_pair,69.0,154.0,111.0,221.0,v6_mask_aware_pseudo_label,needs_review,two_nuclei_near_budneck; budneck_idx=19; mask_source=v6_ml_detection\sam_masks\prompted_mobile_sam_from_source_tifs\instances\Colorado+htb2-GFP_frame_016.png; box_source=mask_union;seeds=n18+n14+b19
Colorado+htb2-GFP_frame_016,mother_bud_pair,42.0,48.0,90.0,104.0,v6_mask_aware_pseudo_label,needs_review,two_nuclei_near_budneck; budneck_idx=8; mask_source=v6_ml_detection\sam_masks\prompted_mobile_sam_from_source_tifs\instances\Colorado+htb2-GFP_frame_016.png; box_source=mask_union;seeds=n4+n7+b8
Colorado+htb2-GFP_frame_016,early_bud_pair,20.0,177.0,77.0,218.0,v6_mask_aware_pseudo_label,needs_review,one_nucleus_near_budneck; budneck_idx=20; mask_source=v6_ml_detection\sam_masks\prompted_mobile_sam_from_source_tifs\instances\Colorado+htb2-GFP_frame_016.png; box_source=mask_union;seeds=n17+b20
Colorado+htb2-GFP_frame_016,early_bud_pair,99.0,164.0,148.0,224.0,v6_mask_aware_pseudo_label,needs_review,one_nucleus_near_budneck; budneck_idx=21; mask_source=v6_ml_detection\sam_masks\prompted_mobile_sam_from_source_tifs\instances\Colorado+htb2-GFP_frame_016.png; box_source=mask_union;seeds=n16+b21
Colorado+htb2-GFP_frame_016,early_bud_pair,54.0,0.0,123.0,35.0,v6_mask_aware_pseudo_label,needs_review,one_nucleus_near_budneck; budneck_idx=0; mask_source=v6_ml_detection\sam_masks\prompted_mobile_sam_from_source_tifs\instances\Colorado+htb2-GFP_frame_016.png; box_source=mask_union;seeds=n1+b0
Colorado+htb2-GFP_frame_016,early_bud_pair,0.0,21.0,55.0,88.0,v6_mask_aware_pseudo_label,needs_review,one_nucleus_near_budneck; budneck_idx=5; mask_source=v6_ml_detection\sam_masks\prompted_mobile_sam_from_source_tifs\instances\Colorado+htb2-GFP_frame_016.png; box_source=mask_union;seeds=n3+b5
Colorado+htb2-GFP_frame_016,early_bud_pair,198.0,144.0,255.0,192.0,v6_mask_aware_pseudo_label,needs_review,one_nucleus_near_budneck; budneck_idx=16; mask_source=v6_ml_detection\sam_masks\prompted_mobile_sam_from_source_tifs\instances\Colorado+htb2-GFP_frame_016.png; box_source=mask_union;seeds=n15+b16
Colorado+htb2-GFP_frame_017,mother_bud_pair,86.0,99.0,170.0,173.0,v6_mask_aware_pseudo_label,needs_review,two_nuclei_near_budneck; budneck_idx=10; mask_source=v6_ml_detection\sam_masks\prompted_mobile_sam_from_source_tifs\instances\Colorado+htb2-GFP_frame_017.png; box_source=mask_union;seeds=n9+n10+b10
Colorado+htb2-GFP_frame_017,mother_bud_pair,166.0,58.0,223.0,114.0,v6_mask_aware_pseudo_label,needs_review,two_nuclei_near_budneck; budneck_idx=4; mask_source=v6_ml_detection\sam_masks\prompted_mobile_sam_from_source_tifs\instances\Colorado+htb2-GFP_frame_017.png; box_source=mask_union;seeds=n5+n6+b4
Colorado+htb2-GFP_frame_017,mother_bud_pair,154.0,105.0,210.0,172.0,v6_mask_aware_pseudo_label,needs_review,two_nuclei_near_budneck; budneck_idx=13; mask_source=v6_ml_detection\sam_masks\prompted_mobile_sam_from_source_tifs\instances\Colorado+htb2-GFP_frame_017.png; box_source=mask_union;seeds=n11+n8+b13
Colorado+htb2-GFP_frame_017,mother_bud_pair,0.0,0.0,49.0,50.0,v6_mask_aware_pseudo_label,needs_review,two_nuclei_near_budneck; budneck_idx=0; mask_source=v6_ml_detection\sam_masks\prompted_mobile_sam_from_source_tifs\instances\Colorado+htb2-GFP_frame_017.png; box_source=mask_union;seeds=n0+n1+b0
Colorado+htb2-GFP_frame_017,early_bud_pair,182.0,33.0,236.0,73.0,v6_mask_aware_pseudo_label,needs_review,one_nucleus_near_budneck; budneck_idx=2; mask_source=v6_ml_detection\sam_masks\prompted_mobile_sam_from_source_tifs\instances\Colorado+htb2-GFP_frame_017.png; box_source=mask_union;seeds=n3+b2
Colorado+htb2-GFP_frame_017,early_bud_pair,108.0,42.0,156.0,95.0,v6_mask_aware_pseudo_label,needs_review,one_nucleus_near_budneck; budneck_idx=5; mask_source=v6_ml_detection\sam_masks\prompted_mobile_sam_from_source_tifs\instances\Colorado+htb2-GFP_frame_017.png; box_source=mask_union;seeds=n4+b5
Colorado+htb2-GFP_frame_017,single_cell,97.0,30.0,135.0,71.0,v6_mask_aware_pseudo_label,needs_review,unpaired_green_nucleus; nucleus_idx=2; mask_source=v6_ml_detection\sam_masks\prompted_mobile_sam_from_source_tifs\instances\Colorado+htb2-GFP_frame_017.png; box_source=mask_union;seeds=n2
Colorado+htb2-GFP_frame_017,single_cell,204.0,94.0,242.0,130.0,v6_mask_aware_pseudo_label,needs_review,unpaired_green_nucleus; nucleus_idx=7; mask_source=v6_ml_detection\sam_masks\prompted_mobile_sam_from_source_tifs\instances\Colorado+htb2-GFP_frame_017.png; box_source=mask_union;seeds=n7
Colorado+htb2-GFP_frame_018,mother_bud_pair,55.0,141.0,104.0,194.0,v6_mask_aware_pseudo_label,needs_review,two_nuclei_near_budneck; budneck_idx=6; mask_source=v6_ml_detection\sam_masks\prompted_mobile_sam_from_source_tifs\instances\Colorado+htb2-GFP_frame_018.png; box_source=mask_union;seeds=n11+n12+b6
Colorado+htb2-GFP_frame_018,mother_bud_pair,106.0,99.0,148.0,165.0,v6_mask_aware_pseudo_label,needs_review,two_nuclei_near_budneck; budneck_idx=5; mask_source=v6_ml_detection\sam_masks\prompted_mobile_sam_from_source_tifs\instances\Colorado+htb2-GFP_frame_018.png; box_source=mask_union;seeds=n10+n7+b5
Colorado+htb2-GFP_frame_018,mother_bud_pair,118.0,45.0,172.0,99.0,v6_mask_aware_pseudo_label,needs_review,two_nuclei_near_budneck; budneck_idx=0; mask_source=v6_ml_detection\sam_masks\prompted_mobile_sam_from_source_tifs\instances\Colorado+htb2-GFP_frame_018.png; box_source=mask_union;seeds=n4+n3+b0
Colorado+htb2-GFP_frame_018,mother_bud_pair,149.0,48.0,208.0,123.0,v6_mask_aware_pseudo_label,needs_review,two_nuclei_near_budneck; budneck_idx=1; mask_source=v6_ml_detection\sam_masks\prompted_mobile_sam_from_source_tifs\instances\Colorado+htb2-GFP_frame_018.png; box_source=mask_union;seeds=n2+n6+b1
Colorado+htb2-GFP_frame_018,early_bud_pair,18.0,52.0,72.0,110.0,v6_mask_aware_pseudo_label,needs_review,one_nucleus_near_budneck; budneck_idx=2; mask_source=v6_ml_detection\sam_masks\prompted_mobile_sam_from_source_tifs\instances\Colorado+htb2-GFP_frame_018.png; box_source=mask_union;seeds=n5+b2
Colorado+htb2-GFP_frame_018,early_bud_pair,58.0,100.0,106.0,134.0,v6_mask_aware_pseudo_label,needs_review,one_nucleus_near_budneck; budneck_idx=3; mask_source=v6_ml_detection\sam_masks\prompted_mobile_sam_from_source_tifs\instances\Colorado+htb2-GFP_frame_018.png; box_source=mask_union;seeds=n8+b3
Colorado+htb2-GFP_frame_018,early_bud_pair,134.0,107.0,194.0,149.0,v6_mask_aware_pseudo_label,needs_review,one_nucleus_near_budneck; budneck_idx=4; mask_source=v6_ml_detection\sam_masks\prompted_mobile_sam_from_source_tifs\instances\Colorado+htb2-GFP_frame_018.png; box_source=mask_union;seeds=n9+b4
Colorado+htb2-GFP_frame_018,early_bud_pair,47.0,158.0,87.0,210.0,v6_mask_aware_pseudo_label,needs_review,one_nucleus_near_budneck; budneck_idx=7; mask_source=v6_ml_detection\sam_masks\prompted_mobile_sam_from_source_tifs\instances\Colorado+htb2-GFP_frame_018.png; box_source=mask_union;seeds=n13+b7
Colorado+htb2-GFP_frame_018,early_bud_pair,210.0,231.0,255.0,255.0,v6_mask_aware_pseudo_label,needs_review,one_nucleus_near_budneck; budneck_idx=13; mask_source=v6_ml_detection\sam_masks\prompted_mobile_sam_from_source_tifs\instances\Colorado+htb2-GFP_frame_018.png; box_source=mask_union;seeds=n14+b13
Colorado+htb2-GFP_frame_018,single_cell,125.0,31.0,169.0,65.0,v6_mask_aware_pseudo_label,needs_review,unpaired_green_nucleus; nucleus_idx=0; mask_source=v6_ml_detection\sam_masks\prompted_mobile_sam_from_source_tifs\instances\Colorado+htb2-GFP_frame_018.png; box_source=mask_union;seeds=n0
Colorado+htb2-GFP_frame_018,single_cell,89.0,48.0,126.0,84.0,v6_mask_aware_pseudo_label,needs_review,unpaired_green_nucleus; nucleus_idx=1; mask_source=v6_ml_detection\sam_masks\prompted_mobile_sam_from_source_tifs\instances\Colorado+htb2-GFP_frame_018.png; box_source=mask_union;seeds=n1
Colorado+htb2-GFP_frame_019,mother_bud_pair,73.0,68.0,144.0,118.0,v6_mask_aware_pseudo_label,needs_review,two_nuclei_near_budneck; budneck_idx=5; mask_source=v6_ml_detection\sam_masks\prompted_mobile_sam_from_source_tifs\instances\Colorado+htb2-GFP_frame_019.png; box_source=mask_union;seeds=n5+n6+b5
Colorado+htb2-GFP_frame_019,mother_bud_pair,82.0,11.0,151.0,68.0,v6_mask_aware_pseudo_label,needs_review,two_nuclei_near_budneck; budneck_idx=1; mask_source=v6_ml_detection\sam_masks\prompted_mobile_sam_from_source_tifs\instances\Colorado+htb2-GFP_frame_019.png; box_source=mask_union;seeds=n3+n2+b1
Colorado+htb2-GFP_frame_019,mother_bud_pair,112.0,185.0,152.0,244.0,v6_mask_aware_pseudo_label,needs_review,two_nuclei_near_budneck; budneck_idx=12; mask_source=v6_ml_detection\sam_masks\prompted_mobile_sam_from_source_tifs\instances\Colorado+htb2-GFP_frame_019.png; box_source=mask_union;seeds=n13+n14+b12
Colorado+htb2-GFP_frame_019,mother_bud_pair,46.0,94.0,110.0,146.0,v6_mask_aware_pseudo_label,needs_review,two_nuclei_near_budneck; budneck_idx=8; mask_source=v6_ml_detection\sam_masks\prompted_mobile_sam_from_source_tifs\instances\Colorado+htb2-GFP_frame_019.png; box_source=mask_union;seeds=n9+n7+b8
Colorado+htb2-GFP_frame_019,mother_bud_pair,92.0,127.0,166.0,183.0,v6_mask_aware_pseudo_label,needs_review,two_nuclei_near_budneck; budneck_idx=10; mask_source=v6_ml_detection\sam_masks\prompted_mobile_sam_from_source_tifs\instances\Colorado+htb2-GFP_frame_019.png; box_source=mask_union;seeds=n11+n10+b10
Colorado+htb2-GFP_frame_019,early_bud_pair,126.0,96.0,177.0,151.0,v6_mask_aware_pseudo_label,needs_review,one_nucleus_near_budneck; budneck_idx=9; mask_source=v6_ml_detection\sam_masks\prompted_mobile_sam_from_source_tifs\instances\Colorado+htb2-GFP_frame_019.png; box_source=mask_union;seeds=n8+b9
Colorado+htb2-GFP_frame_019,early_bud_pair,0.0,0.0,39.0,46.0,v6_mask_aware_pseudo_label,needs_review,one_nucleus_near_budneck; budneck_idx=0; mask_source=v6_ml_detection\sam_masks\prompted_mobile_sam_from_source_tifs\instances\Colorado+htb2-GFP_frame_019.png; box_source=mask_union;seeds=n0+b0
Colorado+htb2-GFP_frame_019,early_bud_pair,91.0,157.0,154.0,208.0,v6_mask_aware_pseudo_label,needs_review,one_nucleus_near_budneck; budneck_idx=11; mask_source=v6_ml_detection\sam_masks\prompted_mobile_sam_from_source_tifs\instances\Colorado+htb2-GFP_frame_019.png; box_source=mask_union;seeds=n12+b11
Colorado+htb2-GFP_frame_019,early_bud_pair,235.0,8.0,255.0,79.0,v6_mask_aware_pseudo_label,needs_review,one_nucleus_near_budneck; budneck_idx=2; mask_source=v6_ml_detection\sam_masks\prompted_mobile_sam_from_source_tifs\instances\Colorado+htb2-GFP_frame_019.png; box_source=mask_union;seeds=n1+b2
Colorado+htb2-GFP_frame_019,single_cell,83.0,50.0,130.0,84.0,v6_mask_aware_pseudo_label,needs_review,unpaired_green_nucleus; nucleus_idx=4; mask_source=v6_ml_detection\sam_masks\prompted_mobile_sam_from_source_tifs\instances\Colorado+htb2-GFP_frame_019.png; box_source=mask_union;seeds=n4
_ess_dense_frame_000,mother_bud_pair,178.0,66.0,231.0,134.0,v6_mask_aware_pseudo_label,needs_review,two_nuclei_near_budneck; budneck_idx=2; mask_source=v6_ml_detection\sam_masks\prompted_mobile_sam_from_source_tifs\instances\_ess dense_frame_000.png; box_source=mask_union;seeds=n3+n2+b2
_ess_dense_frame_000,mother_bud_pair,47.0,139.0,105.0,176.0,v6_mask_aware_pseudo_label,needs_review,two_nuclei_near_budneck; budneck_idx=8; mask_source=v6_ml_detection\sam_masks\prompted_mobile_sam_from_source_tifs\instances\_ess dense_frame_000.png; box_source=mask_union;seeds=n10+n9+b8
_ess_dense_frame_000,mother_bud_pair,128.0,110.0,172.0,170.0,v6_mask_aware_pseudo_label,needs_review,two_nuclei_near_budneck; budneck_idx=3; mask_source=v6_ml_detection\sam_masks\prompted_mobile_sam_from_source_tifs\instances\_ess dense_frame_000.png; box_source=mask_union;seeds=n6+n4+b3
_ess_dense_frame_000,mother_bud_pair,63.0,0.0,107.0,63.0,v6_mask_aware_pseudo_label,needs_review,two_nuclei_near_budneck; budneck_idx=0; mask_source=v6_ml_detection\sam_masks\prompted_mobile_sam_from_source_tifs\instances\_ess dense_frame_000.png; box_source=mask_union;seeds=n0+n1+b0
_ess_dense_frame_000,early_bud_pair,173.0,121.0,214.0,162.0,v6_mask_aware_pseudo_label,needs_review,one_nucleus_near_budneck; budneck_idx=6; mask_source=v6_ml_detection\sam_masks\prompted_mobile_sam_from_source_tifs\instances\_ess dense_frame_000.png; box_source=mask_union;seeds=n5+b6
_ess_dense_frame_000,early_bud_pair,161.0,218.0,212.0,255.0,v6_mask_aware_pseudo_label,needs_review,one_nucleus_near_budneck; budneck_idx=11; mask_source=v6_ml_detection\sam_masks\prompted_mobile_sam_from_source_tifs\instances\_ess dense_frame_000.png; box_source=mask_union;seeds=n11+b11
_ess_dense_frame_000,early_bud_pair,234.0,136.0,255.0,177.0,v6_mask_aware_pseudo_label,needs_review,one_nucleus_near_budneck; budneck_idx=10; mask_source=v6_ml_detection\sam_masks\prompted_mobile_sam_from_source_tifs\instances\_ess dense_frame_000.png; box_source=mask_union;seeds=n8+b10
_ess_dense_frame_000,early_bud_pair,0.0,133.0,43.0,179.0,v6_mask_aware_pseudo_label,needs_review,one_nucleus_near_budneck; budneck_idx=7; mask_source=v6_ml_detection\sam_masks\prompted_mobile_sam_from_source_tifs\instances\_ess dense_frame_000.png; box_source=mask_union;seeds=n7+b7
_ess_dense_frame_001,mother_bud_pair,41.0,73.0,110.0,125.0,v6_mask_aware_pseudo_label,needs_review,two_nuclei_near_budneck; budneck_idx=1; mask_source=v6_ml_detection\sam_masks\prompted_mobile_sam_from_source_tifs\instances\_ess dense_frame_001.png; box_source=mask_union;seeds=n2+n1+b1
_ess_dense_frame_001,mother_bud_pair,184.0,105.0,247.0,185.0,v6_mask_aware_pseudo_label,needs_review,two_nuclei_near_budneck; budneck_idx=6; mask_source=v6_ml_detection\sam_masks\prompted_mobile_sam_from_source_tifs\instances\_ess dense_frame_001.png; box_source=mask_union;seeds=n3+n6+b6
_ess_dense_frame_001,early_bud_pair,56.0,21.0,113.0,75.0,v6_mask_aware_pseudo_label,needs_review,one_nucleus_near_budneck; budneck_idx=0; mask_source=v6_ml_detection\sam_masks\prompted_mobile_sam_from_source_tifs\instances\_ess dense_frame_001.png; box_source=mask_union;seeds=n0+b0
_ess_dense_frame_001,early_bud_pair,78.0,115.0,132.0,152.0,v6_mask_aware_pseudo_label,needs_review,one_nucleus_near_budneck; budneck_idx=2; mask_source=v6_ml_detection\sam_masks\prompted_mobile_sam_from_source_tifs\instances\_ess dense_frame_001.png; box_source=mask_union;seeds=n4+b2
_ess_dense_frame_001,early_bud_pair,232.0,150.0,255.0,183.0,v6_mask_aware_pseudo_label,needs_review,one_nucleus_near_budneck; budneck_idx=8; mask_source=v6_ml_detection\sam_masks\prompted_mobile_sam_from_source_tifs\instances\_ess dense_frame_001.png; box_source=mask_union;seeds=n5+b8
_ess_dense_frame_002,mother_bud_pair,130.0,84.0,190.0,136.0,v6_mask_aware_pseudo_label,needs_review,two_nuclei_near_budneck; budneck_idx=3; mask_source=v6_ml_detection\sam_masks\prompted_mobile_sam_from_source_tifs\instances\_ess dense_frame_002.png; box_source=mask_union;seeds=n4+n2+b3
_ess_dense_frame_002,mother_bud_pair,9.0,52.0,57.0,125.0,v6_mask_aware_pseudo_label,needs_review,two_nuclei_near_budneck; budneck_idx=0; mask_source=v6_ml_detection\sam_masks\prompted_mobile_sam_from_source_tifs\instances\_ess dense_frame_002.png; box_source=mask_union;seeds=n3+n0+b0
_ess_dense_frame_002,mother_bud_pair,78.0,141.0,138.0,184.0,v6_mask_aware_pseudo_label,needs_review,two_nuclei_near_budneck; budneck_idx=7; mask_source=v6_ml_detection\sam_masks\prompted_mobile_sam_from_source_tifs\instances\_ess dense_frame_002.png; box_source=mask_union;seeds=n6+n5+b7
_ess_dense_frame_002,early_bud_pair,85.0,65.0,147.0,121.0,v6_mask_aware_pseudo_label,needs_review,one_nucleus_near_budneck; budneck_idx=1; mask_source=v6_ml_detection\sam_masks\prompted_mobile_sam_from_source_tifs\instances\_ess dense_frame_002.png; box_source=mask_union;seeds=n1+b1
_ess_dense_frame_002,early_bud_pair,54.0,145.0,91.0,185.0,v6_mask_aware_pseudo_label,needs_review,one_nucleus_near_budneck; budneck_idx=8; mask_source=v6_ml_detection\sam_masks\prompted_mobile_sam_from_source_tifs\instances\_ess dense_frame_002.png; box_source=mask_union;seeds=n7+b8
_ess_dense_frame_003,mother_bud_pair,155.0,96.0,220.0,159.0,v6_mask_aware_pseudo_label,needs_review,two_nuclei_near_budneck; budneck_idx=6; mask_source=v6_ml_detection\sam_masks\prompted_mobile_sam_from_source_tifs\instances\_ess dense_frame_003.png; box_source=mask_union;seeds=n9+n10+b6
_ess_dense_frame_003,mother_bud_pair,201.0,21.0,255.0,69.0,v6_mask_aware_pseudo_label,needs_review,two_nuclei_near_budneck; budneck_idx=1; mask_source=v6_ml_detection\sam_masks\prompted_mobile_sam_from_source_tifs\instances\_ess dense_frame_003.png; box_source=mask_union;seeds=n2+n1+b1
_ess_dense_frame_003,mother_bud_pair,174.0,4.0,218.0,74.0,v6_mask_aware_pseudo_label,needs_review,two_nuclei_near_budneck; budneck_idx=0; mask_source=v6_ml_detection\sam_masks\prompted_mobile_sam_from_source_tifs\instances\_ess dense_frame_003.png; box_source=mask_union;seeds=n0+n3+b0
_ess_dense_frame_003,mother_bud_pair,65.0,62.0,120.0,133.0,v6_mask_aware_pseudo_label,needs_review,two_nuclei_near_budneck; budneck_idx=3; mask_source=v6_ml_detection\sam_masks\prompted_mobile_sam_from_source_tifs\instances\_ess dense_frame_003.png; box_source=mask_union;seeds=n6+n7+b3
_ess_dense_frame_003,mother_bud_pair,12.0,95.0,65.0,177.0,v6_mask_aware_pseudo_label,needs_review,two_nuclei_near_budneck; budneck_idx=5; mask_source=v6_ml_detection\sam_masks\prompted_mobile_sam_from_source_tifs\instances\_ess dense_frame_003.png; box_source=mask_union;seeds=n8+n11+b5
_ess_dense_frame_003,mother_bud_pair,197.0,41.0,255.0,87.0,v6_mask_aware_pseudo_label,needs_review,two_nuclei_near_budneck; budneck_idx=2; mask_source=v6_ml_detection\sam_masks\prompted_mobile_sam_from_source_tifs\instances\_ess dense_frame_003.png; box_source=mask_union;seeds=n4+n5+b2
_ess_dense_frame_004,mother_bud_pair,125.0,95.0,182.0,149.0,v6_mask_aware_pseudo_label,needs_review,two_nuclei_near_budneck; budneck_idx=4; mask_source=v6_ml_detection\sam_masks\prompted_mobile_sam_from_source_tifs\instances\_ess dense_frame_004.png; box_source=mask_union;seeds=n5+n3+b4
_ess_dense_frame_004,mother_bud_pair,91.0,139.0,156.0,175.0,v6_mask_aware_pseudo_label,needs_review,two_nuclei_near_budneck; budneck_idx=6; mask_source=v6_ml_detection\sam_masks\prompted_mobile_sam_from_source_tifs\instances\_ess dense_frame_004.png; box_source=mask_union;seeds=n6+n7+b6
_ess_dense_frame_004,mother_bud_pair,78.0,84.0,133.0,126.0,v6_mask_aware_pseudo_label,needs_review,two_nuclei_near_budneck; budneck_idx=1; mask_source=v6_ml_detection\sam_masks\prompted_mobile_sam_from_source_tifs\instances\_ess dense_frame_004.png; box_source=mask_union;seeds=n1+n2+b1
_ess_dense_frame_004,early_bud_pair,48.0,50.0,92.0,103.0,v6_mask_aware_pseudo_label,needs_review,one_nucleus_near_budneck; budneck_idx=0; mask_source=v6_ml_detection\sam_masks\prompted_mobile_sam_from_source_tifs\instances\_ess dense_frame_004.png; box_source=mask_union;seeds=n0+b0
_ess_dense_frame_004,early_bud_pair,84.0,118.0,126.0,152.0,v6_mask_aware_pseudo_label,needs_review,one_nucleus_near_budneck; budneck_idx=5; mask_source=v6_ml_detection\sam_masks\prompted_mobile_sam_from_source_tifs\instances\_ess dense_frame_004.png; box_source=mask_union;seeds=n4+b5
_ess_dense_frame_005,mother_bud_pair,77.0,107.0,127.0,160.0,v6_mask_aware_pseudo_label,needs_review,two_nuclei_near_budneck; budneck_idx=2; mask_source=v6_ml_detection\sam_masks\prompted_mobile_sam_from_source_tifs\instances\_ess dense_frame_005.png; box_source=mask_union;seeds=n4+n5+b2
_ess_dense_frame_005,mother_bud_pair,127.0,55.0,195.0,109.0,v6_mask_aware_pseudo_label,needs_review,two_nuclei_near_budneck; budneck_idx=0; mask_source=v6_ml_detection\sam_masks\prompted_mobile_sam_from_source_tifs\instances\_ess dense_frame_005.png; box_source=mask_union;seeds=n0+n2+b0
_ess_dense_frame_005,mother_bud_pair,57.0,105.0,112.0,188.0,v6_mask_aware_pseudo_label,needs_review,two_nuclei_near_budneck; budneck_idx=3; mask_source=v6_ml_detection\sam_masks\prompted_mobile_sam_from_source_tifs\instances\_ess dense_frame_005.png; box_source=mask_union;seeds=n3+n6+b3
_ess_dense_frame_005,early_bud_pair,49.0,67.0,93.0,111.0,v6_mask_aware_pseudo_label,needs_review,one_nucleus_near_budneck; budneck_idx=1; mask_source=v6_ml_detection\sam_masks\prompted_mobile_sam_from_source_tifs\instances\_ess dense_frame_005.png; box_source=mask_union;seeds=n1+b1
_ess_dense_frame_005,single_cell,194.0,236.0,238.0,255.0,v6_mask_aware_pseudo_label,needs_review,unpaired_green_nucleus; nucleus_idx=7; mask_source=v6_ml_detection\sam_masks\prompted_mobile_sam_from_source_tifs\instances\_ess dense_frame_005.png; box_source=mask_union;seeds=n7
_ess_dense_frame_005,single_cell,30.0,237.0,68.0,255.0,v6_mask_aware_pseudo_label,needs_review,unpaired_green_nucleus; nucleus_idx=8; mask_source=v6_ml_detection\sam_masks\prompted_mobile_sam_from_source_tifs\instances\_ess dense_frame_005.png; box_source=mask_union;seeds=n8
_ess_dense_frame_006,mother_bud_pair,88.0,51.0,147.0,104.0,v6_mask_aware_pseudo_label,needs_review,two_nuclei_near_budneck; budneck_idx=5; mask_source=v6_ml_detection\sam_masks\prompted_mobile_sam_from_source_tifs\instances\_ess dense_frame_006.png; box_source=mask_union;seeds=n1+n2+b5
_ess_dense_frame_006,mother_bud_pair,66.0,99.0,139.0,141.0,v6_mask_aware_pseudo_label,needs_review,two_nuclei_near_budneck; budneck_idx=6; mask_source=v6_ml_detection\sam_masks\prompted_mobile_sam_from_source_tifs\instances\_ess dense_frame_006.png; box_source=mask_union;seeds=n4+n3+b6
_ess_dense_frame_006,early_bud_pair,111.0,20.0,148.0,59.0,v6_mask_aware_pseudo_label,needs_review,one_nucleus_near_budneck; budneck_idx=2; mask_source=v6_ml_detection\sam_masks\prompted_mobile_sam_from_source_tifs\instances\_ess dense_frame_006.png; box_source=mask_union;seeds=n0+b2
_ess_dense_frame_006,early_bud_pair,15.0,110.0,62.0,171.0,v6_mask_aware_pseudo_label,needs_review,one_nucleus_near_budneck; budneck_idx=9; mask_source=v6_ml_detection\sam_masks\prompted_mobile_sam_from_source_tifs\instances\_ess dense_frame_006.png; box_source=mask_union;seeds=n5+b9
_ess_dense_frame_007,mother_bud_pair,103.0,69.0,162.0,126.0,v6_mask_aware_pseudo_label,needs_review,two_nuclei_near_budneck; budneck_idx=2; mask_source=v6_ml_detection\sam_masks\prompted_mobile_sam_from_source_tifs\instances\_ess dense_frame_007.png; box_source=mask_union;seeds=n4+n7+b2
_ess_dense_frame_007,mother_bud_pair,84.0,28.0,138.0,80.0,v6_mask_aware_pseudo_label,needs_review,two_nuclei_near_budneck; budneck_idx=0; mask_source=v6_ml_detection\sam_masks\prompted_mobile_sam_from_source_tifs\instances\_ess dense_frame_007.png; box_source=mask_union;seeds=n0+n2+b0
_ess_dense_frame_007,mother_bud_pair,149.0,55.0,193.0,120.0,v6_mask_aware_pseudo_label,needs_review,two_nuclei_near_budneck; budneck_idx=4; mask_source=v6_ml_detection\sam_masks\prompted_mobile_sam_from_source_tifs\instances\_ess dense_frame_007.png; box_source=mask_union;seeds=n5+n3+b4
_ess_dense_frame_007,mother_bud_pair,225.0,172.0,255.0,228.0,v6_mask_aware_pseudo_label,needs_review,two_nuclei_near_budneck; budneck_idx=6; mask_source=v6_ml_detection\sam_masks\prompted_mobile_sam_from_source_tifs\instances\_ess dense_frame_007.png; box_source=mask_union;seeds=n8+n9+b6
_ess_dense_frame_007,early_bud_pair,42.0,75.0,97.0,131.0,v6_mask_aware_pseudo_label,needs_review,one_nucleus_near_budneck; budneck_idx=5; mask_source=v6_ml_detection\sam_masks\prompted_mobile_sam_from_source_tifs\instances\_ess dense_frame_007.png; box_source=mask_union;seeds=n6+b5
_ess_dense_frame_007,early_bud_pair,138.0,33.0,178.0,82.0,v6_mask_aware_pseudo_label,needs_review,one_nucleus_near_budneck; budneck_idx=1; mask_source=v6_ml_detection\sam_masks\prompted_mobile_sam_from_source_tifs\instances\_ess dense_frame_007.png; box_source=mask_union;seeds=n1+b1
_ess_dense_frame_007,early_bud_pair,207.0,209.0,247.0,255.0,v6_mask_aware_pseudo_label,needs_review,one_nucleus_near_budneck; budneck_idx=8; mask_source=v6_ml_detection\sam_masks\prompted_mobile_sam_from_source_tifs\instances\_ess dense_frame_007.png; box_source=mask_union;seeds=n10+b8
_ess_dense_frame_008,mother_bud_pair,80.0,27.0,124.0,80.0,v6_mask_aware_pseudo_label,needs_review,two_nuclei_near_budneck; budneck_idx=2; mask_source=v6_ml_detection\sam_masks\prompted_mobile_sam_from_source_tifs\instances\_ess dense_frame_008.png; box_source=mask_union;seeds=n4+n3+b2
_ess_dense_frame_008,mother_bud_pair,234.0,149.0,255.0,211.0,v6_mask_aware_pseudo_label,needs_review,two_nuclei_near_budneck; budneck_idx=7; mask_source=v6_ml_detection\sam_masks\prompted_mobile_sam_from_source_tifs\instances\_ess dense_frame_008.png; box_source=mask_union;seeds=n6+n8+b7
_ess_dense_frame_008,mother_bud_pair,81.0,0.0,139.0,29.0,v6_mask_aware_pseudo_label,needs_review,two_nuclei_near_budneck; budneck_idx=0; mask_source=v6_ml_detection\sam_masks\prompted_mobile_sam_from_source_tifs\instances\_ess dense_frame_008.png; box_source=mask_union;seeds=n0+n1+b0
_ess_dense_frame_008,mother_bud_pair,109.0,127.0,170.0,190.0,v6_mask_aware_pseudo_label,needs_review,two_nuclei_near_budneck; budneck_idx=6; mask_source=v6_ml_detection\sam_masks\prompted_mobile_sam_from_source_tifs\instances\_ess dense_frame_008.png; box_source=mask_union;seeds=n7+n5+b6
_ess_dense_frame_008,early_bud_pair,94.0,14.0,143.0,49.0,v6_mask_aware_pseudo_label,needs_review,one_nucleus_near_budneck; budneck_idx=1; mask_source=v6_ml_detection\sam_masks\prompted_mobile_sam_from_source_tifs\instances\_ess dense_frame_008.png; box_source=mask_union;seeds=n2+b1
_ess_dense_frame_009,mother_bud_pair,130.0,27.0,184.0,86.0,v6_mask_aware_pseudo_label,needs_review,two_nuclei_near_budneck; budneck_idx=1; mask_source=v6_ml_detection\sam_masks\prompted_mobile_sam_from_source_tifs\instances\_ess dense_frame_009.png; box_source=mask_union;seeds=n2+n1+b1
_ess_dense_frame_009,mother_bud_pair,176.0,25.0,221.0,93.0,v6_mask_aware_pseudo_label,needs_review,two_nuclei_near_budneck; budneck_idx=0; mask_source=v6_ml_detection\sam_masks\prompted_mobile_sam_from_source_tifs\instances\_ess dense_frame_009.png; box_source=mask_union;seeds=n3+n0+b0
_ess_dense_frame_009,mother_bud_pair,101.0,110.0,168.0,172.0,v6_mask_aware_pseudo_label,needs_review,two_nuclei_near_budneck; budneck_idx=4; mask_source=v6_ml_detection\sam_masks\prompted_mobile_sam_from_source_tifs\instances\_ess dense_frame_009.png; box_source=mask_union;seeds=n6+n5+b4
_ess_dense_frame_009,mother_bud_pair,70.0,224.0,141.0,255.0,v6_mask_aware_pseudo_label,needs_review,two_nuclei_near_budneck; budneck_idx=8; mask_source=v6_ml_detection\sam_masks\prompted_mobile_sam_from_source_tifs\instances\_ess dense_frame_009.png; box_source=mask_union;seeds=n10+n9+b8
_ess_dense_frame_009,mother_bud_pair,82.0,137.0,129.0,202.0,v6_mask_aware_pseudo_label,needs_review,two_nuclei_near_budneck; budneck_idx=7; mask_source=v6_ml_detection\sam_masks\prompted_mobile_sam_from_source_tifs\instances\_ess dense_frame_009.png; box_source=mask_union;seeds=n8+n7+b7
_ess_dense_frame_009,single_cell,142.0,72.0,178.0,106.0,v6_mask_aware_pseudo_label,needs_review,unpaired_green_nucleus; nucleus_idx=4; mask_source=v6_ml_detection\sam_masks\prompted_mobile_sam_from_source_tifs\instances\_ess dense_frame_009.png; box_source=mask_union;seeds=n4
_ess_dense_frame_010,mother_bud_pair,56.0,93.0,120.0,147.0,v6_mask_aware_pseudo_label,needs_review,two_nuclei_near_budneck; budneck_idx=4; mask_source=v6_ml_detection\sam_masks\prompted_mobile_sam_from_source_tifs\instances\_ess dense_frame_010.png; box_source=mask_union;seeds=n5+n6+b4
_ess_dense_frame_010,mother_bud_pair,117.0,81.0,187.0,129.0,v6_mask_aware_pseudo_label,needs_review,two_nuclei_near_budneck; budneck_idx=3; mask_source=v6_ml_detection\sam_masks\prompted_mobile_sam_from_source_tifs\instances\_ess dense_frame_010.png; box_source=mask_union;seeds=n3+n4+b3
_ess_dense_frame_010,mother_bud_pair,114.0,47.0,183.0,97.0,v6_mask_aware_pseudo_label,needs_review,two_nuclei_near_budneck; budneck_idx=0; mask_source=v6_ml_detection\sam_masks\prompted_mobile_sam_from_source_tifs\instances\_ess dense_frame_010.png; box_source=mask_union;seeds=n0+n2+b0
_ess_dense_frame_010,mother_bud_pair,55.0,111.0,114.0,165.0,v6_mask_aware_pseudo_label,needs_review,two_nuclei_near_budneck; budneck_idx=6; mask_source=v6_ml_detection\sam_masks\prompted_mobile_sam_from_source_tifs\instances\_ess dense_frame_010.png; box_source=mask_union;seeds=n8+n9+b6
_ess_dense_frame_010,early_bud_pair,126.0,107.0,187.0,149.0,v6_mask_aware_pseudo_label,needs_review,one_nucleus_near_budneck; budneck_idx=5; mask_source=v6_ml_detection\sam_masks\prompted_mobile_sam_from_source_tifs\instances\_ess dense_frame_010.png; box_source=mask_union;seeds=n7+b5
_ess_dense_frame_010,early_bud_pair,173.0,44.0,207.0,91.0,v6_mask_aware_pseudo_label,needs_review,one_nucleus_near_budneck; budneck_idx=1; mask_source=v6_ml_detection\sam_masks\prompted_mobile_sam_from_source_tifs\instances\_ess dense_frame_010.png; box_source=mask_union;seeds=n1+b1
_ess_dense_frame_010,early_bud_pair,203.0,139.0,255.0,184.0,v6_mask_aware_pseudo_label,needs_review,one_nucleus_near_budneck; budneck_idx=8; mask_source=v6_ml_detection\sam_masks\prompted_mobile_sam_from_source_tifs\instances\_ess dense_frame_010.png; box_source=mask_union;seeds=n10+b8
_ess_dense_frame_011,mother_bud_pair,56.0,37.0,105.0,102.0,v6_mask_aware_pseudo_label,needs_review,two_nuclei_near_budneck; budneck_idx=2; mask_source=v6_ml_detection\sam_masks\prompted_mobile_sam_from_source_tifs\instances\_ess dense_frame_011.png; box_source=mask_union;seeds=n2+n1+b2
_ess_dense_frame_011,mother_bud_pair,178.0,69.0,242.0,117.0,v6_mask_aware_pseudo_label,needs_review,two_nuclei_near_budneck; budneck_idx=5; mask_source=v6_ml_detection\sam_masks\prompted_mobile_sam_from_source_tifs\instances\_ess dense_frame_011.png; box_source=mask_union;seeds=n4+n3+b5
_ess_dense_frame_011,mother_bud_pair,68.0,114.0,122.0,174.0,v6_mask_aware_pseudo_label,needs_review,two_nuclei_near_budneck; budneck_idx=6; mask_source=v6_ml_detection\sam_masks\prompted_mobile_sam_from_source_tifs\instances\_ess dense_frame_011.png; box_source=mask_union;seeds=n5+n6+b6
_ess_dense_frame_011,mother_bud_pair,143.0,146.0,238.0,208.0,v6_mask_aware_pseudo_label,needs_review,two_nuclei_near_budneck; budneck_idx=8; mask_source=v6_ml_detection\sam_masks\prompted_mobile_sam_from_source_tifs\instances\_ess dense_frame_011.png; box_source=mask_union;seeds=n8+n9+b8
_ess_dense_frame_011,early_bud_pair,177.0,25.0,226.0,76.0,v6_mask_aware_pseudo_label,needs_review,one_nucleus_near_budneck; budneck_idx=1; mask_source=v6_ml_detection\sam_masks\prompted_mobile_sam_from_source_tifs\instances\_ess dense_frame_011.png; box_source=mask_union;seeds=n0+b1
_ess_dense_frame_011,early_bud_pair,131.0,129.0,190.0,182.0,v6_mask_aware_pseudo_label,needs_review,one_nucleus_near_budneck; budneck_idx=7; mask_source=v6_ml_detection\sam_masks\prompted_mobile_sam_from_source_tifs\instances\_ess dense_frame_011.png; box_source=mask_union;seeds=n7+b7
_ess_dense_frame_012,mother_bud_pair,94.0,116.0,138.0,195.0,v6_mask_aware_pseudo_label,needs_review,two_nuclei_near_budneck; budneck_idx=6; mask_source=v6_ml_detection\sam_masks\prompted_mobile_sam_from_source_tifs\instances\_ess dense_frame_012.png; box_source=mask_union;seeds=n6+n7+b6
_ess_dense_frame_012,mother_bud_pair,63.0,79.0,129.0,135.0,v6_mask_aware_pseudo_label,needs_review,two_nuclei_near_budneck; budneck_idx=3; mask_source=v6_ml_detection\sam_masks\prompted_mobile_sam_from_source_tifs\instances\_ess dense_frame_012.png; box_source=mask_union;seeds=n4+n2+b3
_ess_dense_frame_012,mother_bud_pair,121.0,99.0,173.0,157.0,v6_mask_aware_pseudo_label,needs_review,two_nuclei_near_budneck; budneck_idx=4; mask_source=v6_ml_detection\sam_masks\prompted_mobile_sam_from_source_tifs\instances\_ess dense_frame_012.png; box_source=mask_union;seeds=n3+n5+b4
_ess_dense_frame_012,early_bud_pair,223.0,11.0,255.0,48.0,v6_mask_aware_pseudo_label,needs_review,one_nucleus_near_budneck; budneck_idx=1; mask_source=v6_ml_detection\sam_masks\prompted_mobile_sam_from_source_tifs\instances\_ess dense_frame_012.png; box_source=mask_union;seeds=n1+b1
_ess_dense_frame_012,early_bud_pair,23.0,0.0,67.0,34.0,v6_mask_aware_pseudo_label,needs_review,one_nucleus_near_budneck; budneck_idx=0; mask_source=v6_ml_detection\sam_masks\prompted_mobile_sam_from_source_tifs\instances\_ess dense_frame_012.png; box_source=mask_union;seeds=n0+b0
_ess_dense_frame_013,mother_bud_pair,65.0,26.0,119.0,88.0,v6_mask_aware_pseudo_label,needs_review,two_nuclei_near_budneck; budneck_idx=0; mask_source=v6_ml_detection\sam_masks\prompted_mobile_sam_from_source_tifs\instances\_ess dense_frame_013.png; box_source=mask_union;seeds=n0+n3+b0
_ess_dense_frame_013,mother_bud_pair,66.0,51.0,135.0,119.0,v6_mask_aware_pseudo_label,needs_review,two_nuclei_near_budneck; budneck_idx=2; mask_source=v6_ml_detection\sam_masks\prompted_mobile_sam_from_source_tifs\instances\_ess dense_frame_013.png; box_source=mask_union;seeds=n8+n4+b2
_ess_dense_frame_013,mother_bud_pair,82.0,191.0,141.0,246.0,v6_mask_aware_pseudo_label,needs_review,two_nuclei_near_budneck; budneck_idx=8; mask_source=v6_ml_detection\sam_masks\prompted_mobile_sam_from_source_tifs\instances\_ess dense_frame_013.png; box_source=mask_union;seeds=n11+n10+b8
_ess_dense_frame_013,mother_bud_pair,132.0,67.0,189.0,125.0,v6_mask_aware_pseudo_label,needs_review,two_nuclei_near_budneck; budneck_idx=4; mask_source=v6_ml_detection\sam_masks\prompted_mobile_sam_from_source_tifs\instances\_ess dense_frame_013.png; box_source=mask_union;seeds=n5+n6+b4
_ess_dense_frame_013,early_bud_pair,128.0,44.0,166.0,88.0,v6_mask_aware_pseudo_label,needs_review,one_nucleus_near_budneck; budneck_idx=1; mask_source=v6_ml_detection\sam_masks\prompted_mobile_sam_from_source_tifs\instances\_ess dense_frame_013.png; box_source=mask_union;seeds=n2+b1
_ess_dense_frame_013,early_bud_pair,32.0,144.0,84.0,188.0,v6_mask_aware_pseudo_label,needs_review,one_nucleus_near_budneck; budneck_idx=6; mask_source=v6_ml_detection\sam_masks\prompted_mobile_sam_from_source_tifs\instances\_ess dense_frame_013.png; box_source=mask_union;seeds=n9+b6
_ess_dense_frame_013,early_bud_pair,191.0,86.0,242.0,132.0,v6_mask_aware_pseudo_label,needs_review,one_nucleus_near_budneck; budneck_idx=5; mask_source=v6_ml_detection\sam_masks\prompted_mobile_sam_from_source_tifs\instances\_ess dense_frame_013.png; box_source=mask_union;seeds=n7+b5
_ess_dense_frame_013,single_cell,49.0,47.0,79.0,83.0,v6_mask_aware_pseudo_label,needs_review,unpaired_green_nucleus; nucleus_idx=1; mask_source=v6_ml_detection\sam_masks\prompted_mobile_sam_from_source_tifs\instances\_ess dense_frame_013.png; box_source=mask_union;seeds=n1
_ess_dense_frame_014,mother_bud_pair,117.0,74.0,151.0,141.0,v6_mask_aware_pseudo_label,needs_review,two_nuclei_near_budneck; budneck_idx=1; mask_source=v6_ml_detection\sam_masks\prompted_mobile_sam_from_source_tifs\instances\_ess dense_frame_014.png; box_source=mask_union;seeds=n2+n0+b1
_ess_dense_frame_014,mother_bud_pair,140.0,117.0,206.0,158.0,v6_mask_aware_pseudo_label,needs_review,two_nuclei_near_budneck; budneck_idx=7; mask_source=v6_ml_detection\sam_masks\prompted_mobile_sam_from_source_tifs\instances\_ess dense_frame_014.png; box_source=mask_union;seeds=n7+n4+b7
_ess_dense_frame_014,mother_bud_pair,0.0,121.0,36.0,190.0,v6_mask_aware_pseudo_label,needs_review,two_nuclei_near_budneck; budneck_idx=8; mask_source=v6_ml_detection\sam_masks\prompted_mobile_sam_from_source_tifs\instances\_ess dense_frame_014.png; box_source=mask_union;seeds=n6+n8+b8
_ess_dense_frame_014,early_bud_pair,47.0,115.0,96.0,153.0,v6_mask_aware_pseudo_label,needs_review,one_nucleus_near_budneck; budneck_idx=6; mask_source=v6_ml_detection\sam_masks\prompted_mobile_sam_from_source_tifs\instances\_ess dense_frame_014.png; box_source=mask_union;seeds=n5+b6
_ess_dense_frame_014,early_bud_pair,75.0,81.0,134.0,130.0,v6_mask_aware_pseudo_label,needs_review,one_nucleus_near_budneck; budneck_idx=0; mask_source=v6_ml_detection\sam_masks\prompted_mobile_sam_from_source_tifs\instances\_ess dense_frame_014.png; box_source=mask_union;seeds=n1+b0
_ess_dense_frame_014,early_bud_pair,0.0,187.0,35.0,232.0,v6_mask_aware_pseudo_label,needs_review,one_nucleus_near_budneck; budneck_idx=13; mask_source=v6_ml_detection\sam_masks\prompted_mobile_sam_from_source_tifs\instances\_ess dense_frame_014.png; box_source=mask_union;seeds=n9+b13
_ess_dense_frame_014,early_bud_pair,165.0,106.0,203.0,139.0,v6_mask_aware_pseudo_label,needs_review,one_nucleus_near_budneck; budneck_idx=3; mask_source=v6_ml_detection\sam_masks\prompted_mobile_sam_from_source_tifs\instances\_ess dense_frame_014.png; box_source=mask_union;seeds=n3+b3
_ess_dense_frame_015,mother_bud_pair,78.0,52.0,139.0,113.0,v6_mask_aware_pseudo_label,needs_review,two_nuclei_near_budneck; budneck_idx=0; mask_source=v6_ml_detection\sam_masks\prompted_mobile_sam_from_source_tifs\instances\_ess dense_frame_015.png; box_source=mask_union;seeds=n0+n2+b0
_ess_dense_frame_015,mother_bud_pair,72.0,119.0,118.0,176.0,v6_mask_aware_pseudo_label,needs_review,two_nuclei_near_budneck; budneck_idx=8; mask_source=v6_ml_detection\sam_masks\prompted_mobile_sam_from_source_tifs\instances\_ess dense_frame_015.png; box_source=mask_union;seeds=n9+n8+b8
_ess_dense_frame_015,mother_bud_pair,211.0,202.0,255.0,255.0,v6_mask_aware_pseudo_label,needs_review,two_nuclei_near_budneck; budneck_idx=9; mask_source=v6_ml_detection\sam_masks\prompted_mobile_sam_from_source_tifs\instances\_ess dense_frame_015.png; box_source=mask_union;seeds=n11+n10+b9
_ess_dense_frame_015,mother_bud_pair,4.0,86.0,69.0,147.0,v6_mask_aware_pseudo_label,needs_review,two_nuclei_near_budneck; budneck_idx=5; mask_source=v6_ml_detection\sam_masks\prompted_mobile_sam_from_source_tifs\instances\_ess dense_frame_015.png; box_source=mask_union;seeds=n4+n7+b5
_ess_dense_frame_015,mother_bud_pair,171.0,77.0,223.0,132.0,v6_mask_aware_pseudo_label,needs_review,two_nuclei_near_budneck; budneck_idx=4; mask_source=v6_ml_detection\sam_masks\prompted_mobile_sam_from_source_tifs\instances\_ess dense_frame_015.png; box_source=mask_union;seeds=n3+n6+b4
_ess_dense_frame_015,early_bud_pair,110.0,85.0,154.0,132.0,v6_mask_aware_pseudo_label,needs_review,one_nucleus_near_budneck; budneck_idx=3; mask_source=v6_ml_detection\sam_masks\prompted_mobile_sam_from_source_tifs\instances\_ess dense_frame_015.png; box_source=mask_union;seeds=n5+b3
_ess_dense_frame_015,early_bud_pair,3.0,75.0,55.0,111.0,v6_mask_aware_pseudo_label,needs_review,one_nucleus_near_budneck; budneck_idx=2; mask_source=v6_ml_detection\sam_masks\prompted_mobile_sam_from_source_tifs\instances\_ess dense_frame_015.png; box_source=mask_union;seeds=n1+b2
_ess_dense_frame_016,mother_bud_pair,164.0,128.0,235.0,184.0,v6_mask_aware_pseudo_label,needs_review,two_nuclei_near_budneck; budneck_idx=6; mask_source=v6_ml_detection\sam_masks\prompted_mobile_sam_from_source_tifs\instances\_ess dense_frame_016.png; box_source=mask_union;seeds=n5+n7+b6
_ess_dense_frame_016,mother_bud_pair,87.0,69.0,138.0,133.0,v6_mask_aware_pseudo_label,needs_review,two_nuclei_near_budneck; budneck_idx=2; mask_source=v6_ml_detection\sam_masks\prompted_mobile_sam_from_source_tifs\instances\_ess dense_frame_016.png; box_source=mask_union;seeds=n2+n1+b2
_ess_dense_frame_016,mother_bud_pair,125.0,58.0,176.0,135.0,v6_mask_aware_pseudo_label,needs_review,two_nuclei_near_budneck; budneck_idx=1; mask_source=v6_ml_detection\sam_masks\prompted_mobile_sam_from_source_tifs\instances\_ess dense_frame_016.png; box_source=mask_union;seeds=n0+n3+b1
_ess_dense_frame_016,early_bud_pair,194.0,152.0,240.0,195.0,v6_mask_aware_pseudo_label,needs_review,one_nucleus_near_budneck; budneck_idx=9; mask_source=v6_ml_detection\sam_masks\prompted_mobile_sam_from_source_tifs\instances\_ess dense_frame_016.png; box_source=mask_union;seeds=n8+b9
_ess_dense_frame_016,early_bud_pair,70.0,120.0,107.0,157.0,v6_mask_aware_pseudo_label,needs_review,one_nucleus_near_budneck; budneck_idx=4; mask_source=v6_ml_detection\sam_masks\prompted_mobile_sam_from_source_tifs\instances\_ess dense_frame_016.png; box_source=mask_union;seeds=n4+b4
_ess_dense_frame_016,early_bud_pair,108.0,139.0,154.0,178.0,v6_mask_aware_pseudo_label,needs_review,one_nucleus_near_budneck; budneck_idx=5; mask_source=v6_ml_detection\sam_masks\prompted_mobile_sam_from_source_tifs\instances\_ess dense_frame_016.png; box_source=mask_union;seeds=n6+b5
_ess_dense_frame_017,mother_bud_pair,152.0,99.0,218.0,167.0,v6_mask_aware_pseudo_label,needs_review,two_nuclei_near_budneck; budneck_idx=6; mask_source=v6_ml_detection\sam_masks\prompted_mobile_sam_from_source_tifs\instances\_ess dense_frame_017.png; box_source=mask_union;seeds=n5+n3+b6
_ess_dense_frame_017,mother_bud_pair,3.0,134.0,58.0,205.0,v6_mask_aware_pseudo_label,needs_review,two_nuclei_near_budneck; budneck_idx=7; mask_source=v6_ml_detection\sam_masks\prompted_mobile_sam_from_source_tifs\instances\_ess dense_frame_017.png; box_source=mask_union;seeds=n7+n6+b7
_ess_dense_frame_017,early_bud_pair,58.0,0.0,99.0,39.0,v6_mask_aware_pseudo_label,needs_review,one_nucleus_near_budneck; budneck_idx=0; mask_source=v6_ml_detection\sam_masks\prompted_mobile_sam_from_source_tifs\instances\_ess dense_frame_017.png; box_source=mask_union;seeds=n0+b0
_ess_dense_frame_017,early_bud_pair,155.0,62.0,188.0,107.0,v6_mask_aware_pseudo_label,needs_review,one_nucleus_near_budneck; budneck_idx=4; mask_source=v6_ml_detection\sam_masks\prompted_mobile_sam_from_source_tifs\instances\_ess dense_frame_017.png; box_source=mask_union;seeds=n1+b4
_ess_dense_frame_017,early_bud_pair,97.0,68.0,161.0,118.0,v6_mask_aware_pseudo_label,needs_review,one_nucleus_near_budneck; budneck_idx=3; mask_source=v6_ml_detection\sam_masks\prompted_mobile_sam_from_source_tifs\instances\_ess dense_frame_017.png; box_source=mask_union;seeds=n2+b3
_ess_dense_frame_017,early_bud_pair,11.0,102.0,51.0,145.0,v6_mask_aware_pseudo_label,needs_review,one_nucleus_near_budneck; budneck_idx=5; mask_source=v6_ml_detection\sam_masks\prompted_mobile_sam_from_source_tifs\instances\_ess dense_frame_017.png; box_source=mask_union;seeds=n4+b5
_ess_dense_frame_018,mother_bud_pair,182.0,92.0,241.0,144.0,v6_mask_aware_pseudo_label,needs_review,two_nuclei_near_budneck; budneck_idx=4; mask_source=v6_ml_detection\sam_masks\prompted_mobile_sam_from_source_tifs\instances\_ess dense_frame_018.png; box_source=mask_union;seeds=n6+n4+b4
_ess_dense_frame_018,mother_bud_pair,108.0,80.0,166.0,159.0,v6_mask_aware_pseudo_label,needs_review,two_nuclei_near_budneck; budneck_idx=5; mask_source=v6_ml_detection\sam_masks\prompted_mobile_sam_from_source_tifs\instances\_ess dense_frame_018.png; box_source=mask_union;seeds=n7+n3+b5
_ess_dense_frame_018,mother_bud_pair,138.0,120.0,178.0,181.0,v6_mask_aware_pseudo_label,needs_review,two_nuclei_near_budneck; budneck_idx=10; mask_source=v6_ml_detection\sam_masks\prompted_mobile_sam_from_source_tifs\instances\_ess dense_frame_018.png; box_source=mask_union;seeds=n8+n10+b10
_ess_dense_frame_018,mother_bud_pair,41.0,68.0,105.0,114.0,v6_mask_aware_pseudo_label,needs_review,two_nuclei_near_budneck; budneck_idx=1; mask_source=v6_ml_detection\sam_masks\prompted_mobile_sam_from_source_tifs\instances\_ess dense_frame_018.png; box_source=mask_union;seeds=n0+n1+b1
_ess_dense_frame_018,mother_bud_pair,83.0,80.0,146.0,146.0,v6_mask_aware_pseudo_label,needs_review,two_nuclei_near_budneck; budneck_idx=6; mask_source=v6_ml_detection\sam_masks\prompted_mobile_sam_from_source_tifs\instances\_ess dense_frame_018.png; box_source=mask_union;seeds=n5+n2+b6
_ess_dense_frame_018,early_bud_pair,153.0,106.0,199.0,161.0,v6_mask_aware_pseudo_label,needs_review,one_nucleus_near_budneck; budneck_idx=7; mask_source=v6_ml_detection\sam_masks\prompted_mobile_sam_from_source_tifs\instances\_ess dense_frame_018.png; box_source=mask_union;seeds=n9+b7
_ess_dense_frame_019,mother_bud_pair,40.0,85.0,91.0,138.0,v6_mask_aware_pseudo_label,needs_review,two_nuclei_near_budneck; budneck_idx=10; mask_source=v6_ml_detection\sam_masks\prompted_mobile_sam_from_source_tifs\instances\_ess dense_frame_019.png; box_source=mask_union;seeds=n2+n6+b10
_ess_dense_frame_019,mother_bud_pair,180.0,86.0,224.0,144.0,v6_mask_aware_pseudo_label,needs_review,two_nuclei_near_budneck; budneck_idx=12; mask_source=v6_ml_detection\sam_masks\prompted_mobile_sam_from_source_tifs\instances\_ess dense_frame_019.png; box_source=mask_union;seeds=n5+n7+b12
_ess_dense_frame_019,early_bud_pair,150.0,26.0,194.0,80.0,v6_mask_aware_pseudo_label,needs_review,one_nucleus_near_budneck; budneck_idx=4; mask_source=v6_ml_detection\sam_masks\prompted_mobile_sam_from_source_tifs\instances\_ess dense_frame_019.png; box_source=mask_union;seeds=n0+b4
_ess_dense_frame_019,early_bud_pair,97.0,80.0,162.0,123.0,v6_mask_aware_pseudo_label,needs_review,one_nucleus_near_budneck; budneck_idx=8; mask_source=v6_ml_detection\sam_masks\prompted_mobile_sam_from_source_tifs\instances\_ess dense_frame_019.png; box_source=mask_union;seeds=n3+b8
_ess_dense_frame_019,early_bud_pair,24.0,40.0,65.0,87.0,v6_mask_aware_pseudo_label,needs_review,one_nucleus_near_budneck; budneck_idx=2; mask_source=v6_ml_detection\sam_masks\prompted_mobile_sam_from_source_tifs\instances\_ess dense_frame_019.png; box_source=mask_union;seeds=n1+b2
_ess_dense_frame_019,early_bud_pair,198.0,85.0,230.0,122.0,v6_mask_aware_pseudo_label,needs_review,one_nucleus_near_budneck; budneck_idx=11; mask_source=v6_ml_detection\sam_masks\prompted_mobile_sam_from_source_tifs\instances\_ess dense_frame_019.png; box_source=mask_union;seeds=n4+b11
_ess_dense_frame_020,mother_bud_pair,118.0,120.0,178.0,165.0,v6_mask_aware_pseudo_label,needs_review,two_nuclei_near_budneck; budneck_idx=9; mask_source=v6_ml_detection\sam_masks\prompted_mobile_sam_from_source_tifs\instances\_ess dense_frame_020.png; box_source=mask_union;seeds=n9+n8+b9
_ess_dense_frame_020,mother_bud_pair,38.0,91.0,99.0,154.0,v6_mask_aware_pseudo_label,needs_review,two_nuclei_near_budneck; budneck_idx=5; mask_source=v6_ml_detection\sam_masks\prompted_mobile_sam_from_source_tifs\instances\_ess dense_frame_020.png; box_source=mask_union;seeds=n4+n7+b5
_ess_dense_frame_020,mother_bud_pair,83.0,68.0,123.0,133.0,v6_mask_aware_pseudo_label,needs_review,two_nuclei_near_budneck; budneck_idx=2; mask_source=v6_ml_detection\sam_masks\prompted_mobile_sam_from_source_tifs\instances\_ess dense_frame_020.png; box_source=mask_union;seeds=n5+n1+b2
_ess_dense_frame_020,mother_bud_pair,166.0,63.0,218.0,140.0,v6_mask_aware_pseudo_label,needs_review,two_nuclei_near_budneck; budneck_idx=1; mask_source=v6_ml_detection\sam_masks\prompted_mobile_sam_from_source_tifs\instances\_ess dense_frame_020.png; box_source=mask_union;seeds=n0+n3+b1
_ess_dense_frame_020,early_bud_pair,111.0,81.0,152.0,134.0,v6_mask_aware_pseudo_label,needs_review,one_nucleus_near_budneck; budneck_idx=4; mask_source=v6_ml_detection\sam_masks\prompted_mobile_sam_from_source_tifs\instances\_ess dense_frame_020.png; box_source=mask_union;seeds=n2+b4
_ess_dense_frame_020,single_cell,200.0,102.0,240.0,140.0,v6_mask_aware_pseudo_label,needs_review,unpaired_green_nucleus; nucleus_idx=6; mask_source=v6_ml_detection\sam_masks\prompted_mobile_sam_from_source_tifs\instances\_ess dense_frame_020.png; box_source=mask_union;seeds=n6
_ess_dense_frame_020,single_cell,109.0,239.0,144.0,255.0,v6_mask_aware_pseudo_label,needs_review,unpaired_green_nucleus; nucleus_idx=10; mask_source=v6_ml_detection\sam_masks\prompted_mobile_sam_from_source_tifs\instances\_ess dense_frame_020.png; box_source=mask_union;seeds=n10
alphafactor_arrest_frame_000,early_bud_pair,85.0,166.0,144.0,215.0,v6_mask_aware_pseudo_label,needs_review,one_nucleus_near_budneck; budneck_idx=17; mask_source=v6_ml_detection\sam_masks\prompted_mobile_sam_from_source_tifs\instances\alphafactor arrest_frame_000.png; box_source=mask_union;seeds=n4+b17
alphafactor_arrest_frame_000,early_bud_pair,165.0,182.0,231.0,234.0,v6_mask_aware_pseudo_label,needs_review,one_nucleus_near_budneck; budneck_idx=18; mask_source=v6_ml_detection\sam_masks\prompted_mobile_sam_from_source_tifs\instances\alphafactor arrest_frame_000.png; box_source=mask_union;seeds=n5+b18
alphafactor_arrest_frame_000,early_bud_pair,110.0,17.0,153.0,71.0,v6_mask_aware_pseudo_label,needs_review,one_nucleus_near_budneck; budneck_idx=0; mask_source=v6_ml_detection\sam_masks\prompted_mobile_sam_from_source_tifs\instances\alphafactor arrest_frame_000.png; box_source=mask_union;seeds=n1+b0
alphafactor_arrest_frame_000,early_bud_pair,65.0,82.0,119.0,136.0,v6_mask_aware_pseudo_label,needs_review,one_nucleus_near_budneck; budneck_idx=7; mask_source=v6_ml_detection\sam_masks\prompted_mobile_sam_from_source_tifs\instances\alphafactor arrest_frame_000.png; box_source=mask_union;seeds=n2+b7
alphafactor_arrest_frame_000,early_bud_pair,94.0,89.0,152.0,149.0,v6_mask_aware_pseudo_label,needs_review,one_nucleus_near_budneck; budneck_idx=9; mask_source=v6_ml_detection\sam_masks\prompted_mobile_sam_from_source_tifs\instances\alphafactor arrest_frame_000.png; box_source=mask_union;seeds=n3+b9
alphafactor_arrest_frame_000,single_cell,191.0,0.0,238.0,24.0,v6_mask_aware_pseudo_label,needs_review,unpaired_green_nucleus; nucleus_idx=0; mask_source=v6_ml_detection\sam_masks\prompted_mobile_sam_from_source_tifs\instances\alphafactor arrest_frame_000.png; box_source=mask_union;seeds=n0
alphafactor_arrest_frame_001,mother_bud_pair,67.0,39.0,135.0,94.0,v6_mask_aware_pseudo_label,needs_review,two_nuclei_near_budneck; budneck_idx=11; mask_source=v6_ml_detection\sam_masks\prompted_mobile_sam_from_source_tifs\instances\alphafactor arrest_frame_001.png; box_source=mask_union;seeds=n2+n1+b11
alphafactor_arrest_frame_001,early_bud_pair,202.0,11.0,238.0,77.0,v6_mask_aware_pseudo_label,needs_review,one_nucleus_near_budneck; budneck_idx=5; mask_source=v6_ml_detection\sam_masks\prompted_mobile_sam_from_source_tifs\instances\alphafactor arrest_frame_001.png; box_source=mask_union;seeds=n0+b5
alphafactor_arrest_frame_002,mother_bud_pair,107.0,78.0,158.0,142.0,v6_mask_aware_pseudo_label,needs_review,two_nuclei_near_budneck; budneck_idx=18; mask_source=v6_ml_detection\sam_masks\prompted_mobile_sam_from_source_tifs\instances\alphafactor arrest_frame_002.png; box_source=mask_union;seeds=n3+n5+b18
alphafactor_arrest_frame_002,early_bud_pair,107.0,42.0,161.0,86.0,v6_mask_aware_pseudo_label,needs_review,one_nucleus_near_budneck; budneck_idx=12; mask_source=v6_ml_detection\sam_masks\prompted_mobile_sam_from_source_tifs\instances\alphafactor arrest_frame_002.png; box_source=mask_union;seeds=n1+b12
alphafactor_arrest_frame_002,early_bud_pair,85.0,91.0,126.0,134.0,v6_mask_aware_pseudo_label,needs_review,one_nucleus_near_budneck; budneck_idx=21; mask_source=v6_ml_detection\sam_masks\prompted_mobile_sam_from_source_tifs\instances\alphafactor arrest_frame_002.png; box_source=mask_union;seeds=n4+b21
alphafactor_arrest_frame_002,early_bud_pair,180.0,26.0,240.0,88.0,v6_mask_aware_pseudo_label,needs_review,one_nucleus_near_budneck; budneck_idx=13; mask_source=v6_ml_detection\sam_masks\prompted_mobile_sam_from_source_tifs\instances\alphafactor arrest_frame_002.png; box_source=mask_union;seeds=n0+b13
alphafactor_arrest_frame_002,single_cell,16.0,51.0,54.0,100.0,v6_mask_aware_pseudo_label,needs_review,unpaired_green_nucleus; nucleus_idx=2; mask_source=v6_ml_detection\sam_masks\prompted_mobile_sam_from_source_tifs\instances\alphafactor arrest_frame_002.png; box_source=mask_union;seeds=n2
alphafactor_arrest_frame_003,mother_bud_pair,210.0,75.0,255.0,129.0,v6_mask_aware_pseudo_label,needs_review,two_nuclei_near_budneck; budneck_idx=8; mask_source=v6_ml_detection\sam_masks\prompted_mobile_sam_from_source_tifs\instances\alphafactor arrest_frame_003.png; box_source=mask_union;seeds=n1+n0+b8
alphafactor_arrest_frame_003,mother_bud_pair,108.0,134.0,161.0,204.0,v6_mask_aware_pseudo_label,needs_review,two_nuclei_near_budneck; budneck_idx=14; mask_source=v6_ml_detection\sam_masks\prompted_mobile_sam_from_source_tifs\instances\alphafactor arrest_frame_003.png; box_source=mask_union;seeds=n5+n4+b14
alphafactor_arrest_frame_003,mother_bud_pair,225.0,201.0,255.0,251.0,v6_mask_aware_pseudo_label,needs_review,two_nuclei_near_budneck; budneck_idx=17; mask_source=v6_ml_detection\sam_masks\prompted_mobile_sam_from_source_tifs\instances\alphafactor arrest_frame_003.png; box_source=mask_union;seeds=n7+n6+b17
alphafactor_arrest_frame_003,early_bud_pair,220.0,224.0,255.0,255.0,v6_mask_aware_pseudo_label,needs_review,one_nucleus_near_budneck; budneck_idx=18; mask_source=v6_ml_detection\sam_masks\prompted_mobile_sam_from_source_tifs\instances\alphafactor arrest_frame_003.png; box_source=mask_union;seeds=n8+b18
alphafactor_arrest_frame_003,early_bud_pair,94.0,91.0,153.0,139.0,v6_mask_aware_pseudo_label,needs_review,one_nucleus_near_budneck; budneck_idx=9; mask_source=v6_ml_detection\sam_masks\prompted_mobile_sam_from_source_tifs\instances\alphafactor arrest_frame_003.png; box_source=mask_union;seeds=n2+b9
alphafactor_arrest_frame_003,single_cell,0.0,102.0,36.0,153.0,v6_mask_aware_pseudo_label,needs_review,unpaired_green_nucleus; nucleus_idx=3; mask_source=v6_ml_detection\sam_masks\prompted_mobile_sam_from_source_tifs\instances\alphafactor arrest_frame_003.png; box_source=mask_union;seeds=n3
alphafactor_arrest_frame_004,mother_bud_pair,117.0,44.0,167.0,112.0,v6_mask_aware_pseudo_label,needs_review,two_nuclei_near_budneck; budneck_idx=3; mask_source=v6_ml_detection\sam_masks\prompted_mobile_sam_from_source_tifs\instances\alphafactor arrest_frame_004.png; box_source=mask_union;seeds=n2+n4+b3
alphafactor_arrest_frame_004,mother_bud_pair,113.0,101.0,161.0,145.0,v6_mask_aware_pseudo_label,needs_review,two_nuclei_near_budneck; budneck_idx=8; mask_source=v6_ml_detection\sam_masks\prompted_mobile_sam_from_source_tifs\instances\alphafactor arrest_frame_004.png; box_source=mask_union;seeds=n5+n6+b8
alphafactor_arrest_frame_004,early_bud_pair,179.0,0.0,234.0,35.0,v6_mask_aware_pseudo_label,needs_review,one_nucleus_near_budneck; budneck_idx=1; mask_source=v6_ml_detection\sam_masks\prompted_mobile_sam_from_source_tifs\instances\alphafactor arrest_frame_004.png; box_source=mask_union;seeds=n0+b1
alphafactor_arrest_frame_004,early_bud_pair,86.0,107.0,145.0,156.0,v6_mask_aware_pseudo_label,needs_review,one_nucleus_near_budneck; budneck_idx=11; mask_source=v6_ml_detection\sam_masks\prompted_mobile_sam_from_source_tifs\instances\alphafactor arrest_frame_004.png; box_source=mask_union;seeds=n7+b11
alphafactor_arrest_frame_004,single_cell,97.0,37.0,131.0,73.0,v6_mask_aware_pseudo_label,needs_review,unpaired_green_nucleus; nucleus_idx=1; mask_source=v6_ml_detection\sam_masks\prompted_mobile_sam_from_source_tifs\instances\alphafactor arrest_frame_004.png; box_source=mask_union;seeds=n1
alphafactor_arrest_frame_004,single_cell,92.0,59.0,129.0,99.0,v6_mask_aware_pseudo_label,needs_review,unpaired_green_nucleus; nucleus_idx=3; mask_source=v6_ml_detection\sam_masks\prompted_mobile_sam_from_source_tifs\instances\alphafactor arrest_frame_004.png; box_source=mask_union;seeds=n3
alphafactor_arrest_frame_004,single_cell,0.0,222.0,26.0,255.0,v6_mask_aware_pseudo_label,needs_review,unpaired_green_nucleus; nucleus_idx=8; mask_source=v6_ml_detection\sam_masks\prompted_mobile_sam_from_source_tifs\instances\alphafactor arrest_frame_004.png; box_source=mask_union;seeds=n8
alphafactor_arrest_frame_005,mother_bud_pair,102.0,55.0,166.0,123.0,v6_mask_aware_pseudo_label,needs_review,two_nuclei_near_budneck; budneck_idx=5; mask_source=v6_ml_detection\sam_masks\prompted_mobile_sam_from_source_tifs\instances\alphafactor arrest_frame_005.png; box_source=mask_union;seeds=n3+n5+b5
alphafactor_arrest_frame_005,mother_bud_pair,197.0,8.0,255.0,85.0,v6_mask_aware_pseudo_label,needs_review,two_nuclei_near_budneck; budneck_idx=3; mask_source=v6_ml_detection\sam_masks\prompted_mobile_sam_from_source_tifs\instances\alphafactor arrest_frame_005.png; box_source=mask_union;seeds=n0+n2+b3
alphafactor_arrest_frame_005,early_bud_pair,71.0,78.0,110.0,113.0,v6_mask_aware_pseudo_label,needs_review,one_nucleus_near_budneck; budneck_idx=6; mask_source=v6_ml_detection\sam_masks\prompted_mobile_sam_from_source_tifs\instances\alphafactor arrest_frame_005.png; box_source=mask_union;seeds=n4+b6
alphafactor_arrest_frame_005,early_bud_pair,96.0,128.0,131.0,160.0,v6_mask_aware_pseudo_label,needs_review,one_nucleus_near_budneck; budneck_idx=9; mask_source=v6_ml_detection\sam_masks\prompted_mobile_sam_from_source_tifs\instances\alphafactor arrest_frame_005.png; box_source=mask_union;seeds=n6+b9
alphafactor_arrest_frame_005,single_cell,201.0,23.0,243.0,59.0,v6_mask_aware_pseudo_label,needs_review,unpaired_green_nucleus; nucleus_idx=1; mask_source=v6_ml_detection\sam_masks\prompted_mobile_sam_from_source_tifs\instances\alphafactor arrest_frame_005.png; box_source=mask_union;seeds=n1
alphafactor_arrest_frame_006,mother_bud_pair,91.0,111.0,144.0,187.0,v6_mask_aware_pseudo_label,needs_review,two_nuclei_near_budneck; budneck_idx=12; mask_source=v6_ml_detection\sam_masks\prompted_mobile_sam_from_source_tifs\instances\alphafactor arrest_frame_006.png; box_source=mask_union;seeds=n4+n2+b12
alphafactor_arrest_frame_006,mother_bud_pair,111.0,107.0,185.0,163.0,v6_mask_aware_pseudo_label,needs_review,two_nuclei_near_budneck; budneck_idx=9; mask_source=v6_ml_detection\sam_masks\prompted_mobile_sam_from_source_tifs\instances\alphafactor arrest_frame_006.png; box_source=mask_union;seeds=n1+n3+b9
alphafactor_arrest_frame_006,early_bud_pair,68.0,44.0,127.0,106.0,v6_mask_aware_pseudo_label,needs_review,one_nucleus_near_budneck; budneck_idx=5; mask_source=v6_ml_detection\sam_masks\prompted_mobile_sam_from_source_tifs\instances\alphafactor arrest_frame_006.png; box_source=mask_union;seeds=n0+b5
alphafactor_arrest_frame_006,early_bud_pair,91.0,164.0,123.0,202.0,v6_mask_aware_pseudo_label,needs_review,one_nucleus_near_budneck; budneck_idx=20; mask_source=v6_ml_detection\sam_masks\prompted_mobile_sam_from_source_tifs\instances\alphafactor arrest_frame_006.png; box_source=mask_union;seeds=n5+b20
alphafactor_arrest_frame_007,mother_bud_pair,126.0,88.0,175.0,143.0,v6_mask_aware_pseudo_label,needs_review,two_nuclei_near_budneck; budneck_idx=9; mask_source=v6_ml_detection\sam_masks\prompted_mobile_sam_from_source_tifs\instances\alphafactor arrest_frame_007.png; box_source=mask_union;seeds=n2+n1+b9
alphafactor_arrest_frame_007,early_bud_pair,104.0,62.0,148.0,109.0,v6_mask_aware_pseudo_label,needs_review,one_nucleus_near_budneck; budneck_idx=0; mask_source=v6_ml_detection\sam_masks\prompted_mobile_sam_from_source_tifs\instances\alphafactor arrest_frame_007.png; box_source=mask_union;seeds=n0+b0
alphafactor_arrest_frame_007,single_cell,77.0,205.0,113.0,239.0,v6_mask_aware_pseudo_label,needs_review,unpaired_green_nucleus; nucleus_idx=3; mask_source=v6_ml_detection\sam_masks\prompted_mobile_sam_from_source_tifs\instances\alphafactor arrest_frame_007.png; box_source=mask_union;seeds=n3
alphafactor_arrest_frame_008,early_bud_pair,97.0,84.0,162.0,136.0,v6_mask_aware_pseudo_label,needs_review,one_nucleus_near_budneck; budneck_idx=6; mask_source=v6_ml_detection\sam_masks\prompted_mobile_sam_from_source_tifs\instances\alphafactor arrest_frame_008.png; box_source=mask_union;seeds=n0+b6
alphafactor_arrest_frame_008,early_bud_pair,9.0,143.0,57.0,194.0,v6_mask_aware_pseudo_label,needs_review,one_nucleus_near_budneck; budneck_idx=7; mask_source=v6_ml_detection\sam_masks\prompted_mobile_sam_from_source_tifs\instances\alphafactor arrest_frame_008.png; box_source=mask_union;seeds=n1+b7
alphafactor_arrest_frame_009,mother_bud_pair,75.0,44.0,151.0,95.0,v6_mask_aware_pseudo_label,needs_review,two_nuclei_near_budneck; budneck_idx=2; mask_source=v6_ml_detection\sam_masks\prompted_mobile_sam_from_source_tifs\instances\alphafactor arrest_frame_009.png; box_source=mask_union;seeds=n1+n0+b2
alphafactor_arrest_frame_009,mother_bud_pair,157.0,63.0,231.0,120.0,v6_mask_aware_pseudo_label,needs_review,two_nuclei_near_budneck; budneck_idx=6; mask_source=v6_ml_detection\sam_masks\prompted_mobile_sam_from_source_tifs\instances\alphafactor arrest_frame_009.png; box_source=mask_union;seeds=n3+n5+b6
alphafactor_arrest_frame_009,mother_bud_pair,138.0,44.0,218.0,120.0,v6_mask_aware_pseudo_label,needs_review,two_nuclei_near_budneck; budneck_idx=3; mask_source=v6_ml_detection\sam_masks\prompted_mobile_sam_from_source_tifs\instances\alphafactor arrest_frame_009.png; box_source=mask_union;seeds=n4+n2+b3
alphafactor_arrest_frame_009,early_bud_pair,55.0,96.0,104.0,140.0,v6_mask_aware_pseudo_label,needs_review,one_nucleus_near_budneck; budneck_idx=11; mask_source=v6_ml_detection\sam_masks\prompted_mobile_sam_from_source_tifs\instances\alphafactor arrest_frame_009.png; box_source=mask_union;seeds=n6+b11
alphafactor_arrest_frame_009,early_bud_pair,156.0,110.0,200.0,157.0,v6_mask_aware_pseudo_label,needs_review,one_nucleus_near_budneck; budneck_idx=16; mask_source=v6_ml_detection\sam_masks\prompted_mobile_sam_from_source_tifs\instances\alphafactor arrest_frame_009.png; box_source=mask_union;seeds=n7+b16
alphafactor_arrest_frame_010,mother_bud_pair,94.0,62.0,160.0,132.0,v6_mask_aware_pseudo_label,needs_review,two_nuclei_near_budneck; budneck_idx=13; mask_source=v6_ml_detection\sam_masks\prompted_mobile_sam_from_source_tifs\instances\alphafactor arrest_frame_010.png; box_source=mask_union;seeds=n3+n6+b13
alphafactor_arrest_frame_010,mother_bud_pair,85.0,17.0,154.0,90.0,v6_mask_aware_pseudo_label,needs_review,two_nuclei_near_budneck; budneck_idx=8; mask_source=v6_ml_detection\sam_masks\prompted_mobile_sam_from_source_tifs\instances\alphafactor arrest_frame_010.png; box_source=mask_union;seeds=n1+n0+b8
alphafactor_arrest_frame_010,mother_bud_pair,35.0,77.0,78.0,139.0,v6_mask_aware_pseudo_label,needs_review,two_nuclei_near_budneck; budneck_idx=17; mask_source=v6_ml_detection\sam_masks\prompted_mobile_sam_from_source_tifs\instances\alphafactor arrest_frame_010.png; box_source=mask_union;seeds=n8+n5+b17
alphafactor_arrest_frame_010,early_bud_pair,135.0,60.0,169.0,102.0,v6_mask_aware_pseudo_label,needs_review,one_nucleus_near_budneck; budneck_idx=14; mask_source=v6_ml_detection\sam_masks\prompted_mobile_sam_from_source_tifs\instances\alphafactor arrest_frame_010.png; box_source=mask_union;seeds=n2+b14
alphafactor_arrest_frame_010,single_cell,0.0,61.0,28.0,106.0,v6_mask_aware_pseudo_label,needs_review,unpaired_green_nucleus; nucleus_idx=4; mask_source=v6_ml_detection\sam_masks\prompted_mobile_sam_from_source_tifs\instances\alphafactor arrest_frame_010.png; box_source=mask_union;seeds=n4
alphafactor_arrest_frame_010,single_cell,0.0,91.0,24.0,128.0,v6_mask_aware_pseudo_label,needs_review,unpaired_green_nucleus; nucleus_idx=7; mask_source=v6_ml_detection\sam_masks\prompted_mobile_sam_from_source_tifs\instances\alphafactor arrest_frame_010.png; box_source=mask_union;seeds=n7
alphafactor_arrest_frame_011,mother_bud_pair,101.0,92.0,169.0,142.0,v6_mask_aware_pseudo_label,needs_review,two_nuclei_near_budneck; budneck_idx=8; mask_source=v6_ml_detection\sam_masks\prompted_mobile_sam_from_source_tifs\instances\alphafactor arrest_frame_011.png; box_source=mask_union;seeds=n0+n1+b8
alphafactor_arrest_frame_011,early_bud_pair,30.0,108.0,73.0,153.0,v6_mask_aware_pseudo_label,needs_review,one_nucleus_near_budneck; budneck_idx=11; mask_source=v6_ml_detection\sam_masks\prompted_mobile_sam_from_source_tifs\instances\alphafactor arrest_frame_011.png; box_source=mask_union;seeds=n2+b11
alphafactor_arrest_frame_011,early_bud_pair,149.0,176.0,195.0,209.0,v6_mask_aware_pseudo_label,needs_review,one_nucleus_near_budneck; budneck_idx=15; mask_source=v6_ml_detection\sam_masks\prompted_mobile_sam_from_source_tifs\instances\alphafactor arrest_frame_011.png; box_source=mask_union;seeds=n3+b15
alphafactor_arrest_frame_012,mother_bud_pair,140.0,67.0,214.0,103.0,v6_mask_aware_pseudo_label,needs_review,two_nuclei_near_budneck; budneck_idx=3; mask_source=v6_ml_detection\sam_masks\prompted_mobile_sam_from_source_tifs\instances\alphafactor arrest_frame_012.png; box_source=mask_union;seeds=n2+n3+b3
alphafactor_arrest_frame_012,mother_bud_pair,93.0,40.0,165.0,120.0,v6_mask_aware_pseudo_label,needs_review,two_nuclei_near_budneck; budneck_idx=7; mask_source=v6_ml_detection\sam_masks\prompted_mobile_sam_from_source_tifs\instances\alphafactor arrest_frame_012.png; box_source=mask_union;seeds=n1+n6+b7
alphafactor_arrest_frame_012,mother_bud_pair,71.0,46.0,120.0,104.0,v6_mask_aware_pseudo_label,needs_review,two_nuclei_near_budneck; budneck_idx=1; mask_source=v6_ml_detection\sam_masks\prompted_mobile_sam_from_source_tifs\instances\alphafactor arrest_frame_012.png; box_source=mask_union;seeds=n0+n4+b1
alphafactor_arrest_frame_012,early_bud_pair,123.0,92.0,173.0,143.0,v6_mask_aware_pseudo_label,needs_review,one_nucleus_near_budneck; budneck_idx=17; mask_source=v6_ml_detection\sam_masks\prompted_mobile_sam_from_source_tifs\instances\alphafactor arrest_frame_012.png; box_source=mask_union;seeds=n7+b17
alphafactor_arrest_frame_012,early_bud_pair,182.0,70.0,241.0,111.0,v6_mask_aware_pseudo_label,needs_review,one_nucleus_near_budneck; budneck_idx=10; mask_source=v6_ml_detection\sam_masks\prompted_mobile_sam_from_source_tifs\instances\alphafactor arrest_frame_012.png; box_source=mask_union;seeds=n5+b10
alphafactor_arrest_frame_013,mother_bud_pair,116.0,94.0,170.0,154.0,v6_mask_aware_pseudo_label,needs_review,two_nuclei_near_budneck; budneck_idx=17; mask_source=v6_ml_detection\sam_masks\prompted_mobile_sam_from_source_tifs\instances\alphafactor arrest_frame_013.png; box_source=mask_union;seeds=n4+n2+b17
alphafactor_arrest_frame_013,mother_bud_pair,79.0,77.0,143.0,148.0,v6_mask_aware_pseudo_label,needs_review,two_nuclei_near_budneck; budneck_idx=16; mask_source=v6_ml_detection\sam_masks\prompted_mobile_sam_from_source_tifs\instances\alphafactor arrest_frame_013.png; box_source=mask_union;seeds=n1+n3+b16
alphafactor_arrest_frame_013,mother_bud_pair,101.0,122.0,168.0,194.0,v6_mask_aware_pseudo_label,needs_review,two_nuclei_near_budneck; budneck_idx=24; mask_source=v6_ml_detection\sam_masks\prompted_mobile_sam_from_source_tifs\instances\alphafactor arrest_frame_013.png; box_source=mask_union;seeds=n5+n6+b24
alphafactor_arrest_frame_013,early_bud_pair,79.0,10.0,131.0,47.0,v6_mask_aware_pseudo_label,needs_review,one_nucleus_near_budneck; budneck_idx=1; mask_source=v6_ml_detection\sam_masks\prompted_mobile_sam_from_source_tifs\instances\alphafactor arrest_frame_013.png; box_source=mask_union;seeds=n0+b1
alphafactor_arrest_frame_013,single_cell,0.0,178.0,25.0,217.0,v6_mask_aware_pseudo_label,needs_review,unpaired_green_nucleus; nucleus_idx=7; mask_source=v6_ml_detection\sam_masks\prompted_mobile_sam_from_source_tifs\instances\alphafactor arrest_frame_013.png; box_source=mask_union;seeds=n7
alphafactor_arrest_frame_014,mother_bud_pair,123.0,79.0,201.0,139.0,v6_mask_aware_pseudo_label,needs_review,two_nuclei_near_budneck; budneck_idx=5; mask_source=v6_ml_detection\sam_masks\prompted_mobile_sam_from_source_tifs\instances\alphafactor arrest_frame_014.png; box_source=mask_union;seeds=n4+n2+b5
alphafactor_arrest_frame_014,mother_bud_pair,63.0,62.0,146.0,126.0,v6_mask_aware_pseudo_label,needs_review,two_nuclei_near_budneck; budneck_idx=3; mask_source=v6_ml_detection\sam_masks\prompted_mobile_sam_from_source_tifs\instances\alphafactor arrest_frame_014.png; box_source=mask_union;seeds=n1+n3+b3
alphafactor_arrest_frame_014,early_bud_pair,30.0,137.0,78.0,185.0,v6_mask_aware_pseudo_label,needs_review,one_nucleus_near_budneck; budneck_idx=10; mask_source=v6_ml_detection\sam_masks\prompted_mobile_sam_from_source_tifs\instances\alphafactor arrest_frame_014.png; box_source=mask_union;seeds=n5+b10
alphafactor_arrest_frame_014,early_bud_pair,154.0,34.0,199.0,73.0,v6_mask_aware_pseudo_label,needs_review,one_nucleus_near_budneck; budneck_idx=0; mask_source=v6_ml_detection\sam_masks\prompted_mobile_sam_from_source_tifs\instances\alphafactor arrest_frame_014.png; box_source=mask_union;seeds=n0+b0
alphafactor_arrest_frame_015,mother_bud_pair,98.0,45.0,154.0,117.0,v6_mask_aware_pseudo_label,needs_review,two_nuclei_near_budneck; budneck_idx=4; mask_source=v6_ml_detection\sam_masks\prompted_mobile_sam_from_source_tifs\instances\alphafactor arrest_frame_015.png; box_source=mask_union;seeds=n3+n2+b4
alphafactor_arrest_frame_015,early_bud_pair,50.0,153.0,110.0,191.0,v6_mask_aware_pseudo_label,needs_review,one_nucleus_near_budneck; budneck_idx=13; mask_source=v6_ml_detection\sam_masks\prompted_mobile_sam_from_source_tifs\instances\alphafactor arrest_frame_015.png; box_source=mask_union;seeds=n4+b13
alphafactor_arrest_frame_015,early_bud_pair,111.0,7.0,166.0,59.0,v6_mask_aware_pseudo_label,needs_review,one_nucleus_near_budneck; budneck_idx=2; mask_source=v6_ml_detection\sam_masks\prompted_mobile_sam_from_source_tifs\instances\alphafactor arrest_frame_015.png; box_source=mask_union;seeds=n0+b2
alphafactor_arrest_frame_015,early_bud_pair,214.0,9.0,255.0,47.0,v6_mask_aware_pseudo_label,needs_review,one_nucleus_near_budneck; budneck_idx=0; mask_source=v6_ml_detection\sam_masks\prompted_mobile_sam_from_source_tifs\instances\alphafactor arrest_frame_015.png; box_source=mask_union;seeds=n1+b0
alphafactor_arrest_frame_016,mother_bud_pair,71.0,99.0,133.0,155.0,v6_mask_aware_pseudo_label,needs_review,two_nuclei_near_budneck; budneck_idx=11; mask_source=v6_ml_detection\sam_masks\prompted_mobile_sam_from_source_tifs\instances\alphafactor arrest_frame_016.png; box_source=mask_union;seeds=n3+n4+b11
alphafactor_arrest_frame_016,early_bud_pair,182.0,48.0,238.0,94.0,v6_mask_aware_pseudo_label,needs_review,one_nucleus_near_budneck; budneck_idx=3; mask_source=v6_ml_detection\sam_masks\prompted_mobile_sam_from_source_tifs\instances\alphafactor arrest_frame_016.png; box_source=mask_union;seeds=n1+b3
alphafactor_arrest_frame_016,early_bud_pair,50.0,89.0,94.0,136.0,v6_mask_aware_pseudo_label,needs_review,one_nucleus_near_budneck; budneck_idx=7; mask_source=v6_ml_detection\sam_masks\prompted_mobile_sam_from_source_tifs\instances\alphafactor arrest_frame_016.png; box_source=mask_union;seeds=n2+b7
alphafactor_arrest_frame_016,early_bud_pair,95.0,119.0,163.0,165.0,v6_mask_aware_pseudo_label,needs_review,one_nucleus_near_budneck; budneck_idx=15; mask_source=v6_ml_detection\sam_masks\prompted_mobile_sam_from_source_tifs\instances\alphafactor arrest_frame_016.png; box_source=mask_union;seeds=n5+b15
alphafactor_arrest_frame_016,early_bud_pair,41.0,20.0,100.0,63.0,v6_mask_aware_pseudo_label,needs_review,one_nucleus_near_budneck; budneck_idx=0; mask_source=v6_ml_detection\sam_masks\prompted_mobile_sam_from_source_tifs\instances\alphafactor arrest_frame_016.png; box_source=mask_union;seeds=n0+b0
alphafactor_arrest_frame_016,single_cell,233.0,231.0,255.0,255.0,v6_mask_aware_pseudo_label,needs_review,unpaired_green_nucleus; nucleus_idx=6; mask_source=v6_ml_detection\sam_masks\prompted_mobile_sam_from_source_tifs\instances\alphafactor arrest_frame_016.png; box_source=mask_union;seeds=n6
alphafactor_arrest_frame_017,mother_bud_pair,179.0,0.0,244.0,65.0,v6_mask_aware_pseudo_label,needs_review,two_nuclei_near_budneck; budneck_idx=2; mask_source=v6_ml_detection\sam_masks\prompted_mobile_sam_from_source_tifs\instances\alphafactor arrest_frame_017.png; box_source=mask_union;seeds=n2+n0+b2
alphafactor_arrest_frame_017,mother_bud_pair,186.0,119.0,247.0,177.0,v6_mask_aware_pseudo_label,needs_review,two_nuclei_near_budneck; budneck_idx=20; mask_source=v6_ml_detection\sam_masks\prompted_mobile_sam_from_source_tifs\instances\alphafactor arrest_frame_017.png; box_source=mask_union;seeds=n5+n6+b20
alphafactor_arrest_frame_017,mother_bud_pair,0.0,48.0,53.0,107.0,v6_mask_aware_pseudo_label,needs_review,two_nuclei_near_budneck; budneck_idx=9; mask_source=v6_ml_detection\sam_masks\prompted_mobile_sam_from_source_tifs\instances\alphafactor arrest_frame_017.png; box_source=mask_union;seeds=n3+n4+b9
alphafactor_arrest_frame_017,early_bud_pair,229.0,0.0,255.0,40.0,v6_mask_aware_pseudo_label,needs_review,one_nucleus_near_budneck; budneck_idx=0; mask_source=v6_ml_detection\sam_masks\prompted_mobile_sam_from_source_tifs\instances\alphafactor arrest_frame_017.png; box_source=mask_union;seeds=n1+b0
alphafactor_arrest_frame_018,mother_bud_pair,181.0,60.0,227.0,128.0,v6_mask_aware_pseudo_label,needs_review,two_nuclei_near_budneck; budneck_idx=4; mask_source=v6_ml_detection\sam_masks\prompted_mobile_sam_from_source_tifs\instances\alphafactor arrest_frame_018.png; box_source=mask_union;seeds=n4+n7+b4
alphafactor_arrest_frame_018,mother_bud_pair,48.0,18.0,107.0,62.0,v6_mask_aware_pseudo_label,needs_review,two_nuclei_near_budneck; budneck_idx=0; mask_source=v6_ml_detection\sam_masks\prompted_mobile_sam_from_source_tifs\instances\alphafactor arrest_frame_018.png; box_source=mask_union;seeds=n1+n0+b0
alphafactor_arrest_frame_018,mother_bud_pair,108.0,127.0,166.0,205.0,v6_mask_aware_pseudo_label,needs_review,two_nuclei_near_budneck; budneck_idx=14; mask_source=v6_ml_detection\sam_masks\prompted_mobile_sam_from_source_tifs\instances\alphafactor arrest_frame_018.png; box_source=mask_union;seeds=n12+n13+b14
alphafactor_arrest_frame_018,mother_bud_pair,27.0,59.0,108.0,120.0,v6_mask_aware_pseudo_label,needs_review,two_nuclei_near_budneck; budneck_idx=2; mask_source=v6_ml_detection\sam_masks\prompted_mobile_sam_from_source_tifs\instances\alphafactor arrest_frame_018.png; box_source=mask_union;seeds=n2+n5+b2
alphafactor_arrest_frame_018,mother_bud_pair,137.0,108.0,204.0,153.0,v6_mask_aware_pseudo_label,needs_review,two_nuclei_near_budneck; budneck_idx=9; mask_source=v6_ml_detection\sam_masks\prompted_mobile_sam_from_source_tifs\instances\alphafactor arrest_frame_018.png; box_source=mask_union;seeds=n8+n9+b9
alphafactor_arrest_frame_018,mother_bud_pair,132.0,61.0,183.0,130.0,v6_mask_aware_pseudo_label,needs_review,two_nuclei_near_budneck; budneck_idx=7; mask_source=v6_ml_detection\sam_masks\prompted_mobile_sam_from_source_tifs\instances\alphafactor arrest_frame_018.png; box_source=mask_union;seeds=n6+n3+b7
alphafactor_arrest_frame_018,mother_bud_pair,159.0,119.0,225.0,172.0,v6_mask_aware_pseudo_label,needs_review,two_nuclei_near_budneck; budneck_idx=11; mask_source=v6_ml_detection\sam_masks\prompted_mobile_sam_from_source_tifs\instances\alphafactor arrest_frame_018.png; box_source=mask_union;seeds=n10+n11+b11
alphafactor_arrest_frame_019,mother_bud_pair,143.0,35.0,217.0,91.0,v6_mask_aware_pseudo_label,needs_review,two_nuclei_near_budneck; budneck_idx=4; mask_source=v6_ml_detection\sam_masks\prompted_mobile_sam_from_source_tifs\instances\alphafactor arrest_frame_019.png; box_source=mask_union;seeds=n1+n0+b4
alphafactor_arrest_frame_019,mother_bud_pair,63.0,117.0,127.0,194.0,v6_mask_aware_pseudo_label,needs_review,two_nuclei_near_budneck; budneck_idx=13; mask_source=v6_ml_detection\sam_masks\prompted_mobile_sam_from_source_tifs\instances\alphafactor arrest_frame_019.png; box_source=mask_union;seeds=n5+n4+b13
alphafactor_arrest_frame_019,early_bud_pair,118.0,68.0,174.0,132.0,v6_mask_aware_pseudo_label,needs_review,one_nucleus_near_budneck; budneck_idx=10; mask_source=v6_ml_detection\sam_masks\prompted_mobile_sam_from_source_tifs\instances\alphafactor arrest_frame_019.png; box_source=mask_union;seeds=n2+b10
alphafactor_arrest_frame_019,early_bud_pair,232.0,91.0,255.0,131.0,v6_mask_aware_pseudo_label,needs_review,one_nucleus_near_budneck; budneck_idx=11; mask_source=v6_ml_detection\sam_masks\prompted_mobile_sam_from_source_tifs\instances\alphafactor arrest_frame_019.png; box_source=mask_union;seeds=n3+b11
alphafactor_arrest_frame_020,mother_bud_pair,41.0,65.0,102.0,123.0,v6_mask_aware_pseudo_label,needs_review,two_nuclei_near_budneck; budneck_idx=9; mask_source=v6_ml_detection\sam_masks\prompted_mobile_sam_from_source_tifs\instances\alphafactor arrest_frame_020.png; box_source=mask_union;seeds=n3+n1+b9
alphafactor_arrest_frame_020,early_bud_pair,162.0,90.0,194.0,132.0,v6_mask_aware_pseudo_label,needs_review,one_nucleus_near_budneck; budneck_idx=7; mask_source=v6_ml_detection\sam_masks\prompted_mobile_sam_from_source_tifs\instances\alphafactor arrest_frame_020.png; box_source=mask_union;seeds=n4+b7
alphafactor_arrest_frame_020,early_bud_pair,16.0,0.0,56.0,44.0,v6_mask_aware_pseudo_label,needs_review,one_nucleus_near_budneck; budneck_idx=0; mask_source=v6_ml_detection\sam_masks\prompted_mobile_sam_from_source_tifs\instances\alphafactor arrest_frame_020.png; box_source=mask_union;seeds=n0+b0
alphafactor_arrest_frame_020,early_bud_pair,77.13,67.17,145.6,112.8,v6_mask_aware_pseudo_label,needs_review,one_nucleus_near_budneck; budneck_idx=4; mask_source=v6_ml_detection\sam_masks\prompted_mobile_sam_from_source_tifs\instances\alphafactor arrest_frame_020.png; box_source=fallback_dot;mask_reason=matched_mask_misses_signal
alphafactor_arrest_frame_021,early_bud_pair,104.0,69.0,157.0,109.0,v6_mask_aware_pseudo_label,needs_review,one_nucleus_near_budneck; budneck_idx=13; mask_source=v6_ml_detection\sam_masks\prompted_mobile_sam_from_source_tifs\instances\alphafactor arrest_frame_021.png; box_source=mask_union;seeds=n1+b13
alphafactor_arrest_frame_021,early_bud_pair,179.0,41.0,248.0,90.0,v6_mask_aware_pseudo_label,needs_review,one_nucleus_near_budneck; budneck_idx=8; mask_source=v6_ml_detection\sam_masks\prompted_mobile_sam_from_source_tifs\instances\alphafactor arrest_frame_021.png; box_source=mask_union;seeds=n0+b8
alphafactor_arrest_frame_021,single_cell,133.0,115.0,184.0,156.0,v6_mask_aware_pseudo_label,needs_review,unpaired_green_nucleus; nucleus_idx=2; mask_source=v6_ml_detection\sam_masks\prompted_mobile_sam_from_source_tifs\instances\alphafactor arrest_frame_021.png; box_source=mask_union;seeds=n2
alphafactor_arrest_frame_022,mother_bud_pair,118.0,61.0,187.0,131.0,v6_mask_aware_pseudo_label,needs_review,two_nuclei_near_budneck; budneck_idx=1; mask_source=v6_ml_detection\sam_masks\prompted_mobile_sam_from_source_tifs\instances\alphafactor arrest_frame_022.png; box_source=mask_union;seeds=n1+n4+b1
alphafactor_arrest_frame_022,mother_bud_pair,190.0,54.0,234.0,124.0,v6_mask_aware_pseudo_label,needs_review,two_nuclei_near_budneck; budneck_idx=6; mask_source=v6_ml_detection\sam_masks\prompted_mobile_sam_from_source_tifs\instances\alphafactor arrest_frame_022.png; box_source=mask_union;seeds=n3+n0+b6
alphafactor_arrest_frame_022,early_bud_pair,89.0,185.0,145.0,230.0,v6_mask_aware_pseudo_label,needs_review,one_nucleus_near_budneck; budneck_idx=15; mask_source=v6_ml_detection\sam_masks\prompted_mobile_sam_from_source_tifs\instances\alphafactor arrest_frame_022.png; box_source=mask_union;seeds=n7+b15
alphafactor_arrest_frame_022,early_bud_pair,173.0,130.0,211.0,183.0,v6_mask_aware_pseudo_label,needs_review,one_nucleus_near_budneck; budneck_idx=12; mask_source=v6_ml_detection\sam_masks\prompted_mobile_sam_from_source_tifs\instances\alphafactor arrest_frame_022.png; box_source=mask_union;seeds=n5+b12
alphafactor_arrest_frame_022,early_bud_pair,55.0,73.0,99.0,111.0,v6_mask_aware_pseudo_label,needs_review,one_nucleus_near_budneck; budneck_idx=2; mask_source=v6_ml_detection\sam_masks\prompted_mobile_sam_from_source_tifs\instances\alphafactor arrest_frame_022.png; box_source=mask_union;seeds=n2+b2
alphafactor_arrest_frame_022,single_cell,66.0,153.0,103.0,188.0,v6_mask_aware_pseudo_label,needs_review,unpaired_green_nucleus; nucleus_idx=6; mask_source=v6_ml_detection\sam_masks\prompted_mobile_sam_from_source_tifs\instances\alphafactor arrest_frame_022.png; box_source=mask_union;seeds=n6
alphafactor_arrest_frame_023,mother_bud_pair,30.0,114.0,84.0,185.0,v6_mask_aware_pseudo_label,needs_review,two_nuclei_near_budneck; budneck_idx=18; mask_source=v6_ml_detection\sam_masks\prompted_mobile_sam_from_source_tifs\instances\alphafactor arrest_frame_023.png; box_source=mask_union;seeds=n4+n3+b18
alphafactor_arrest_frame_023,early_bud_pair,79.0,99.0,125.0,148.0,v6_mask_aware_pseudo_label,needs_review,one_nucleus_near_budneck; budneck_idx=12; mask_source=v6_ml_detection\sam_masks\prompted_mobile_sam_from_source_tifs\instances\alphafactor arrest_frame_023.png; box_source=mask_union;seeds=n2+b12
alphafactor_arrest_frame_023,early_bud_pair,181.0,60.0,221.0,125.0,v6_mask_aware_pseudo_label,needs_review,one_nucleus_near_budneck; budneck_idx=13; mask_source=v6_ml_detection\sam_masks\prompted_mobile_sam_from_source_tifs\instances\alphafactor arrest_frame_023.png; box_source=mask_union;seeds=n1+b13
alphafactor_arrest_frame_023,single_cell,119.0,0.0,160.0,33.0,v6_mask_aware_pseudo_label,needs_review,unpaired_green_nucleus; nucleus_idx=0; mask_source=v6_ml_detection\sam_masks\prompted_mobile_sam_from_source_tifs\instances\alphafactor arrest_frame_023.png; box_source=mask_union;seeds=n0
alphafactor_arrest_frame_023,single_cell,79.0,198.0,114.0,238.0,v6_mask_aware_pseudo_label,needs_review,unpaired_green_nucleus; nucleus_idx=5; mask_source=v6_ml_detection\sam_masks\prompted_mobile_sam_from_source_tifs\instances\alphafactor arrest_frame_023.png; box_source=mask_union;seeds=n5
alphafactor_arrest_frame_023,single_cell,50.0,211.0,91.0,255.0,v6_mask_aware_pseudo_label,needs_review,unpaired_green_nucleus; nucleus_idx=6; mask_source=v6_ml_detection\sam_masks\prompted_mobile_sam_from_source_tifs\instances\alphafactor arrest_frame_023.png; box_source=mask_union;seeds=n6
alphafactor_arrest_frame_023,single_cell,79.0,230.0,116.0,255.0,v6_mask_aware_pseudo_label,needs_review,unpaired_green_nucleus; nucleus_idx=7; mask_source=v6_ml_detection\sam_masks\prompted_mobile_sam_from_source_tifs\instances\alphafactor arrest_frame_023.png; box_source=mask_union;seeds=n7
alphafactor_arrest_frame_024,mother_bud_pair,120.0,10.0,159.0,70.0,v6_mask_aware_pseudo_label,needs_review,two_nuclei_near_budneck; budneck_idx=6; mask_source=v6_ml_detection\sam_masks\prompted_mobile_sam_from_source_tifs\instances\alphafactor arrest_frame_024.png; box_source=mask_union;seeds=n3+n1+b6
alphafactor_arrest_frame_024,mother_bud_pair,66.0,0.0,124.0,61.0,v6_mask_aware_pseudo_label,needs_review,two_nuclei_near_budneck; budneck_idx=1; mask_source=v6_ml_detection\sam_masks\prompted_mobile_sam_from_source_tifs\instances\alphafactor arrest_frame_024.png; box_source=mask_union;seeds=n0+n2+b1
alphafactor_arrest_frame_024,early_bud_pair,142.0,120.0,187.0,171.0,v6_mask_aware_pseudo_label,needs_review,one_nucleus_near_budneck; budneck_idx=14; mask_source=v6_ml_detection\sam_masks\prompted_mobile_sam_from_source_tifs\instances\alphafactor arrest_frame_024.png; box_source=mask_union;seeds=n5+b14
alphafactor_arrest_frame_024,early_bud_pair,10.0,132.0,67.0,161.0,v6_mask_aware_pseudo_label,needs_review,one_nucleus_near_budneck; budneck_idx=19; mask_source=v6_ml_detection\sam_masks\prompted_mobile_sam_from_source_tifs\instances\alphafactor arrest_frame_024.png; box_source=mask_union;seeds=n6+b19
alphafactor_arrest_frame_024,single_cell,202.0,121.0,229.0,161.0,v6_mask_aware_pseudo_label,needs_review,unpaired_green_nucleus; nucleus_idx=4; mask_source=v6_ml_detection\sam_masks\prompted_mobile_sam_from_source_tifs\instances\alphafactor arrest_frame_024.png; box_source=mask_union;seeds=n4
alphafactor_arrest_frame_025,mother_bud_pair,66.0,41.0,136.0,110.0,v6_mask_aware_pseudo_label,needs_review,two_nuclei_near_budneck; budneck_idx=0; mask_source=v6_ml_detection\sam_masks\prompted_mobile_sam_from_source_tifs\instances\alphafactor arrest_frame_025.png; box_source=mask_union;seeds=n0+n1+b0
alphafactor_arrest_frame_025,early_bud_pair,132.0,89.0,178.0,148.0,v6_mask_aware_pseudo_label,needs_review,one_nucleus_near_budneck; budneck_idx=9; mask_source=v6_ml_detection\sam_masks\prompted_mobile_sam_from_source_tifs\instances\alphafactor arrest_frame_025.png; box_source=mask_union;seeds=n2+b9
alphafactor_arrest_frame_026,mother_bud_pair,95.0,0.0,153.0,36.0,v6_mask_aware_pseudo_label,needs_review,two_nuclei_near_budneck; budneck_idx=3; mask_source=v6_ml_detection\sam_masks\prompted_mobile_sam_from_source_tifs\instances\alphafactor arrest_frame_026.png; box_source=mask_union;seeds=n3+n1+b3
alphafactor_arrest_frame_026,mother_bud_pair,93.0,21.0,153.0,64.0,v6_mask_aware_pseudo_label,needs_review,two_nuclei_near_budneck; budneck_idx=5; mask_source=v6_ml_detection\sam_masks\prompted_mobile_sam_from_source_tifs\instances\alphafactor arrest_frame_026.png; box_source=mask_union;seeds=n4+n6+b5
alphafactor_arrest_frame_026,early_bud_pair,196.0,42.0,255.0,97.0,v6_mask_aware_pseudo_label,needs_review,one_nucleus_near_budneck; budneck_idx=9; mask_source=v6_ml_detection\sam_masks\prompted_mobile_sam_from_source_tifs\instances\alphafactor arrest_frame_026.png; box_source=mask_union;seeds=n8+b9
alphafactor_arrest_frame_026,early_bud_pair,121.0,74.0,167.0,134.0,v6_mask_aware_pseudo_label,needs_review,one_nucleus_near_budneck; budneck_idx=11; mask_source=v6_ml_detection\sam_masks\prompted_mobile_sam_from_source_tifs\instances\alphafactor arrest_frame_026.png; box_source=mask_union;seeds=n9+b11
alphafactor_arrest_frame_026,early_bud_pair,205.0,117.0,255.0,167.0,v6_mask_aware_pseudo_label,needs_review,one_nucleus_near_budneck; budneck_idx=15; mask_source=v6_ml_detection\sam_masks\prompted_mobile_sam_from_source_tifs\instances\alphafactor arrest_frame_026.png; box_source=mask_union;seeds=n10+b15
alphafactor_arrest_frame_026,early_bud_pair,103.0,137.0,161.0,209.0,v6_mask_aware_pseudo_label,needs_review,one_nucleus_near_budneck; budneck_idx=17; mask_source=v6_ml_detection\sam_masks\prompted_mobile_sam_from_source_tifs\instances\alphafactor arrest_frame_026.png; box_source=mask_union;seeds=n11+b17
alphafactor_arrest_frame_026,single_cell,83.0,0.0,105.0,16.0,v6_mask_aware_pseudo_label,needs_review,unpaired_green_nucleus; nucleus_idx=0; mask_source=v6_ml_detection\sam_masks\prompted_mobile_sam_from_source_tifs\instances\alphafactor arrest_frame_026.png; box_source=mask_union;seeds=n0
alphafactor_arrest_frame_026,single_cell,82.0,8.0,108.0,39.0,v6_mask_aware_pseudo_label,needs_review,unpaired_green_nucleus; nucleus_idx=2; mask_source=v6_ml_detection\sam_masks\prompted_mobile_sam_from_source_tifs\instances\alphafactor arrest_frame_026.png; box_source=mask_union;seeds=n2
alphafactor_arrest_frame_026,single_cell,83.0,31.0,108.0,62.0,v6_mask_aware_pseudo_label,needs_review,unpaired_green_nucleus; nucleus_idx=5; mask_source=v6_ml_detection\sam_masks\prompted_mobile_sam_from_source_tifs\instances\alphafactor arrest_frame_026.png; box_source=mask_union;seeds=n5
alphafactor_arrest_frame_026,single_cell,85.0,54.0,106.0,78.0,v6_mask_aware_pseudo_label,needs_review,unpaired_green_nucleus; nucleus_idx=7; mask_source=v6_ml_detection\sam_masks\prompted_mobile_sam_from_source_tifs\instances\alphafactor arrest_frame_026.png; box_source=mask_union;seeds=n7
alphafactor_arrest_frame_027,early_bud_pair,77.0,76.0,128.0,130.0,v6_mask_aware_pseudo_label,needs_review,one_nucleus_near_budneck; budneck_idx=6; mask_source=v6_ml_detection\sam_masks\prompted_mobile_sam_from_source_tifs\instances\alphafactor arrest_frame_027.png; box_source=mask_union;seeds=n0+b6
alphafactor_arrest_frame_028,mother_bud_pair,111.0,134.0,181.0,174.0,v6_mask_aware_pseudo_label,needs_review,two_nuclei_near_budneck; budneck_idx=15; mask_source=v6_ml_detection\sam_masks\prompted_mobile_sam_from_source_tifs\instances\alphafactor arrest_frame_028.png; box_source=mask_union;seeds=n2+n1+b15
alphafactor_arrest_frame_028,early_bud_pair,133.0,99.0,180.0,146.0,v6_mask_aware_pseudo_label,needs_review,one_nucleus_near_budneck; budneck_idx=13; mask_source=v6_ml_detection\sam_masks\prompted_mobile_sam_from_source_tifs\instances\alphafactor arrest_frame_028.png; box_source=mask_union;seeds=n0+b13
training_1_frame_000,mother_bud_pair,133.0,63.0,204.0,100.0,v6_mask_aware_pseudo_label,needs_review,two_nuclei_near_budneck; budneck_idx=0; mask_source=v6_ml_detection\sam_masks\prompted_mobile_sam_from_source_tifs\instances\training_1_frame_000.png; box_source=mask_union;seeds=n1+n0+b0
training_1_frame_000,early_bud_pair,9.0,65.0,63.0,112.0,v6_mask_aware_pseudo_label,needs_review,one_nucleus_near_budneck; budneck_idx=1; mask_source=v6_ml_detection\sam_masks\prompted_mobile_sam_from_source_tifs\instances\training_1_frame_000.png; box_source=mask_union;seeds=n2+b1
training_1_frame_000,early_bud_pair,113.0,84.0,164.0,144.0,v6_mask_aware_pseudo_label,needs_review,one_nucleus_near_budneck; budneck_idx=2; mask_source=v6_ml_detection\sam_masks\prompted_mobile_sam_from_source_tifs\instances\training_1_frame_000.png; box_source=mask_union;seeds=n3+b2
training_1_frame_001,mother_bud_pair,155.0,0.0,217.0,52.0,v6_mask_aware_pseudo_label,needs_review,two_nuclei_near_budneck; budneck_idx=0; mask_source=v6_ml_detection\sam_masks\prompted_mobile_sam_from_source_tifs\instances\training_1_frame_001.png; box_source=mask_union;seeds=n1+n0+b0
training_1_frame_001,mother_bud_pair,79.0,121.0,130.0,184.0,v6_mask_aware_pseudo_label,needs_review,two_nuclei_near_budneck; budneck_idx=5; mask_source=v6_ml_detection\sam_masks\prompted_mobile_sam_from_source_tifs\instances\training_1_frame_001.png; box_source=mask_union;seeds=n4+n5+b5
training_1_frame_001,early_bud_pair,156.0,43.0,203.0,95.0,v6_mask_aware_pseudo_label,needs_review,one_nucleus_near_budneck; budneck_idx=3; mask_source=v6_ml_detection\sam_masks\prompted_mobile_sam_from_source_tifs\instances\training_1_frame_001.png; box_source=mask_union;seeds=n3+b3
training_1_frame_001,early_bud_pair,105.0,170.0,148.0,221.0,v6_mask_aware_pseudo_label,needs_review,one_nucleus_near_budneck; budneck_idx=6; mask_source=v6_ml_detection\sam_masks\prompted_mobile_sam_from_source_tifs\instances\training_1_frame_001.png; box_source=mask_union;seeds=n6+b6
training_1_frame_001,early_bud_pair,83.0,10.0,125.0,50.0,v6_mask_aware_pseudo_label,needs_review,one_nucleus_near_budneck; budneck_idx=1; mask_source=v6_ml_detection\sam_masks\prompted_mobile_sam_from_source_tifs\instances\training_1_frame_001.png; box_source=mask_union;seeds=n2+b1
training_1_frame_002,mother_bud_pair,152.0,61.0,204.0,114.0,v6_mask_aware_pseudo_label,needs_review,two_nuclei_near_budneck; budneck_idx=2; mask_source=v6_ml_detection\sam_masks\prompted_mobile_sam_from_source_tifs\instances\training_1_frame_002.png; box_source=mask_union;seeds=n1+n0+b2
training_1_frame_002,mother_bud_pair,81.0,64.0,139.0,133.0,v6_mask_aware_pseudo_label,needs_review,two_nuclei_near_budneck; budneck_idx=1; mask_source=v6_ml_detection\sam_masks\prompted_mobile_sam_from_source_tifs\instances\training_1_frame_002.png; box_source=mask_union;seeds=n2+n3+b1
training_1_frame_002,early_bud_pair,96.0,118.0,137.0,159.0,v6_mask_aware_pseudo_label,needs_review,one_nucleus_near_budneck; budneck_idx=3; mask_source=v6_ml_detection\sam_masks\prompted_mobile_sam_from_source_tifs\instances\training_1_frame_002.png; box_source=mask_union;seeds=n4+b3
training_1_frame_003,mother_bud_pair,133.0,88.0,213.0,154.0,v6_mask_aware_pseudo_label,needs_review,two_nuclei_near_budneck; budneck_idx=5; mask_source=v6_ml_detection\sam_masks\prompted_mobile_sam_from_source_tifs\instances\training_1_frame_003.png; box_source=mask_union;seeds=n5+n3+b5
training_1_frame_003,mother_bud_pair,102.0,22.0,180.0,70.0,v6_mask_aware_pseudo_label,needs_review,two_nuclei_near_budneck; budneck_idx=0; mask_source=v6_ml_detection\sam_masks\prompted_mobile_sam_from_source_tifs\instances\training_1_frame_003.png; box_source=mask_union;seeds=n0+n1+b0
training_1_frame_003,mother_bud_pair,34.0,93.0,97.0,160.0,v6_mask_aware_pseudo_label,needs_review,two_nuclei_near_budneck; budneck_idx=6; mask_source=v6_ml_detection\sam_masks\prompted_mobile_sam_from_source_tifs\instances\training_1_frame_003.png; box_source=mask_union;seeds=n6+n4+b6
training_1_frame_003,early_bud_pair,0.0,57.0,46.0,101.0,v6_mask_aware_pseudo_label,needs_review,one_nucleus_near_budneck; budneck_idx=1; mask_source=v6_ml_detection\sam_masks\prompted_mobile_sam_from_source_tifs\instances\training_1_frame_003.png; box_source=mask_union;seeds=n2+b1
training_1_frame_004,mother_bud_pair,95.0,131.0,141.0,171.0,v6_mask_aware_pseudo_label,needs_review,two_nuclei_near_budneck; budneck_idx=4; mask_source=v6_ml_detection\sam_masks\prompted_mobile_sam_from_source_tifs\instances\training_1_frame_004.png; box_source=mask_union;seeds=n2+n3+b4
training_1_frame_004,early_bud_pair,102.0,13.0,144.0,59.0,v6_mask_aware_pseudo_label,needs_review,one_nucleus_near_budneck; budneck_idx=0; mask_source=v6_ml_detection\sam_masks\prompted_mobile_sam_from_source_tifs\instances\training_1_frame_004.png; box_source=mask_union;seeds=n0+b0
training_1_frame_004,early_bud_pair,109.0,96.0,144.0,130.0,v6_mask_aware_pseudo_label,needs_review,one_nucleus_near_budneck; budneck_idx=2; mask_source=v6_ml_detection\sam_masks\prompted_mobile_sam_from_source_tifs\instances\training_1_frame_004.png; box_source=mask_union;seeds=n1+b2
training_1_frame_004,early_bud_pair,175.0,232.0,220.0,255.0,v6_mask_aware_pseudo_label,needs_review,one_nucleus_near_budneck; budneck_idx=7; mask_source=v6_ml_detection\sam_masks\prompted_mobile_sam_from_source_tifs\instances\training_1_frame_004.png; box_source=mask_union;seeds=n4+b7
training_1_frame_005,mother_bud_pair,162.0,71.0,214.0,130.0,v6_mask_aware_pseudo_label,needs_review,two_nuclei_near_budneck; budneck_idx=1; mask_source=v6_ml_detection\sam_masks\prompted_mobile_sam_from_source_tifs\instances\training_1_frame_005.png; box_source=mask_union;seeds=n2+n0+b1
training_1_frame_005,mother_bud_pair,136.0,126.0,192.0,178.0,v6_mask_aware_pseudo_label,needs_review,two_nuclei_near_budneck; budneck_idx=4; mask_source=v6_ml_detection\sam_masks\prompted_mobile_sam_from_source_tifs\instances\training_1_frame_005.png; box_source=mask_union;seeds=n4+n3+b4
training_1_frame_005,early_bud_pair,30.0,88.0,90.0,136.0,v6_mask_aware_pseudo_label,needs_review,one_nucleus_near_budneck; budneck_idx=2; mask_source=v6_ml_detection\sam_masks\prompted_mobile_sam_from_source_tifs\instances\training_1_frame_005.png; box_source=mask_union;seeds=n1+b2
training_1_frame_006,mother_bud_pair,29.0,64.0,100.0,108.0,v6_mask_aware_pseudo_label,needs_review,two_nuclei_near_budneck; budneck_idx=0; mask_source=v6_ml_detection\sam_masks\prompted_mobile_sam_from_source_tifs\instances\training_1_frame_006.png; box_source=mask_union;seeds=n1+n2+b0
training_1_frame_006,mother_bud_pair,172.0,52.0,219.0,119.0,v6_mask_aware_pseudo_label,needs_review,two_nuclei_near_budneck; budneck_idx=1; mask_source=v6_ml_detection\sam_masks\prompted_mobile_sam_from_source_tifs\instances\training_1_frame_006.png; box_source=mask_union;seeds=n3+n0+b1
training_1_frame_006,early_bud_pair,148.0,105.0,199.0,151.0,v6_mask_aware_pseudo_label,needs_review,one_nucleus_near_budneck; budneck_idx=2; mask_source=v6_ml_detection\sam_masks\prompted_mobile_sam_from_source_tifs\instances\training_1_frame_006.png; box_source=mask_union;seeds=n4+b2
training_1_frame_006,early_bud_pair,82.0,167.0,133.0,209.0,v6_mask_aware_pseudo_label,needs_review,one_nucleus_near_budneck; budneck_idx=3; mask_source=v6_ml_detection\sam_masks\prompted_mobile_sam_from_source_tifs\instances\training_1_frame_006.png; box_source=mask_union;seeds=n5+b3
training_1_frame_007,early_bud_pair,97.0,172.0,153.0,208.0,v6_mask_aware_pseudo_label,needs_review,one_nucleus_near_budneck; budneck_idx=3; mask_source=v6_ml_detection\sam_masks\prompted_mobile_sam_from_source_tifs\instances\training_1_frame_007.png; box_source=mask_union;seeds=n2+b3
training_1_frame_007,early_bud_pair,76.0,12.0,118.0,65.0,v6_mask_aware_pseudo_label,needs_review,one_nucleus_near_budneck; budneck_idx=2; mask_source=v6_ml_detection\sam_masks\prompted_mobile_sam_from_source_tifs\instances\training_1_frame_007.png; box_source=mask_union;seeds=n1+b2
training_1_frame_007,early_bud_pair,100.0,0.0,141.0,15.0,v6_mask_aware_pseudo_label,needs_review,one_nucleus_near_budneck; budneck_idx=1; mask_source=v6_ml_detection\sam_masks\prompted_mobile_sam_from_source_tifs\instances\training_1_frame_007.png; box_source=mask_union;seeds=n0+b1
training_1_frame_007,early_bud_pair,229.0,230.0,255.0,255.0,v6_mask_aware_pseudo_label,needs_review,one_nucleus_near_budneck; budneck_idx=5; mask_source=v6_ml_detection\sam_masks\prompted_mobile_sam_from_source_tifs\instances\training_1_frame_007.png; box_source=mask_union;seeds=n3+b5
training_1_frame_008,mother_bud_pair,42.0,113.0,85.0,175.0,v6_mask_aware_pseudo_label,needs_review,two_nuclei_near_budneck; budneck_idx=4; mask_source=v6_ml_detection\sam_masks\prompted_mobile_sam_from_source_tifs\instances\training_1_frame_008.png; box_source=mask_union;seeds=n4+n3+b4
training_1_frame_008,early_bud_pair,11.0,86.0,62.0,143.0,v6_mask_aware_pseudo_label,needs_review,one_nucleus_near_budneck; budneck_idx=3; mask_source=v6_ml_detection\sam_masks\prompted_mobile_sam_from_source_tifs\instances\training_1_frame_008.png; box_source=mask_union;seeds=n2+b3
training_1_frame_008,early_bud_pair,107.0,0.0,150.0,45.0,v6_mask_aware_pseudo_label,needs_review,one_nucleus_near_budneck; budneck_idx=0; mask_source=v6_ml_detection\sam_masks\prompted_mobile_sam_from_source_tifs\instances\training_1_frame_008.png; box_source=mask_union;seeds=n0+b0
training_1_frame_008,early_bud_pair,156.0,66.0,203.0,108.0,v6_mask_aware_pseudo_label,needs_review,one_nucleus_near_budneck; budneck_idx=1; mask_source=v6_ml_detection\sam_masks\prompted_mobile_sam_from_source_tifs\instances\training_1_frame_008.png; box_source=mask_union;seeds=n1+b1
training_1_frame_009,mother_bud_pair,74.0,0.0,121.0,72.0,v6_mask_aware_pseudo_label,needs_review,two_nuclei_near_budneck; budneck_idx=3; mask_source=v6_ml_detection\sam_masks\prompted_mobile_sam_from_source_tifs\instances\training_1_frame_009.png; box_source=mask_union;seeds=n4+n1+b3
training_1_frame_009,mother_bud_pair,132.0,0.0,197.0,54.0,v6_mask_aware_pseudo_label,needs_review,two_nuclei_near_budneck; budneck_idx=2; mask_source=v6_ml_detection\sam_masks\prompted_mobile_sam_from_source_tifs\instances\training_1_frame_009.png; box_source=mask_union;seeds=n3+n2+b2
training_1_frame_009,early_bud_pair,176.0,148.0,245.0,191.0,v6_mask_aware_pseudo_label,needs_review,one_nucleus_near_budneck; budneck_idx=7; mask_source=v6_ml_detection\sam_masks\prompted_mobile_sam_from_source_tifs\instances\training_1_frame_009.png; box_source=mask_union;seeds=n7+b7
training_1_frame_009,early_bud_pair,118.0,0.0,162.0,43.0,v6_mask_aware_pseudo_label,needs_review,one_nucleus_near_budneck; budneck_idx=1; mask_source=v6_ml_detection\sam_masks\prompted_mobile_sam_from_source_tifs\instances\training_1_frame_009.png; box_source=mask_union;seeds=n0+b1
training_1_frame_009,early_bud_pair,0.0,80.0,42.0,115.0,v6_mask_aware_pseudo_label,needs_review,one_nucleus_near_budneck; budneck_idx=4; mask_source=v6_ml_detection\sam_masks\prompted_mobile_sam_from_source_tifs\instances\training_1_frame_009.png; box_source=mask_union;seeds=n5+b4
training_1_frame_009,early_bud_pair,49.0,114.0,109.0,154.0,v6_mask_aware_pseudo_label,needs_review,one_nucleus_near_budneck; budneck_idx=5; mask_source=v6_ml_detection\sam_masks\prompted_mobile_sam_from_source_tifs\instances\training_1_frame_009.png; box_source=mask_union;seeds=n6+b5
training_1_frame_010,mother_bud_pair,60.0,32.0,126.0,76.0,v6_mask_aware_pseudo_label,needs_review,two_nuclei_near_budneck; budneck_idx=0; mask_source=v6_ml_detection\sam_masks\prompted_mobile_sam_from_source_tifs\instances\training_1_frame_010.png; box_source=mask_union;seeds=n1+n0+b0
training_1_frame_010,mother_bud_pair,47.0,66.0,117.0,121.0,v6_mask_aware_pseudo_label,needs_review,two_nuclei_near_budneck; budneck_idx=4; mask_source=v6_ml_detection\sam_masks\prompted_mobile_sam_from_source_tifs\instances\training_1_frame_010.png; box_source=mask_union;seeds=n2+n3+b4
training_1_frame_010,early_bud_pair,164.0,129.0,204.0,171.0,v6_mask_aware_pseudo_label,needs_review,one_nucleus_near_budneck; budneck_idx=6; mask_source=v6_ml_detection\sam_masks\prompted_mobile_sam_from_source_tifs\instances\training_1_frame_010.png; box_source=mask_union;seeds=n5+b6
training_1_frame_010,early_bud_pair,79.0,103.0,122.0,152.0,v6_mask_aware_pseudo_label,needs_review,one_nucleus_near_budneck; budneck_idx=5; mask_source=v6_ml_detection\sam_masks\prompted_mobile_sam_from_source_tifs\instances\training_1_frame_010.png; box_source=mask_union;seeds=n4+b5
training_1_frame_011,mother_bud_pair,142.0,95.0,197.0,148.0,v6_mask_aware_pseudo_label,needs_review,two_nuclei_near_budneck; budneck_idx=4; mask_source=v6_ml_detection\sam_masks\prompted_mobile_sam_from_source_tifs\instances\training_1_frame_011.png; box_source=mask_union;seeds=n6+n4+b4
training_1_frame_011,mother_bud_pair,98.0,112.0,162.0,157.0,v6_mask_aware_pseudo_label,needs_review,two_nuclei_near_budneck; budneck_idx=5; mask_source=v6_ml_detection\sam_masks\prompted_mobile_sam_from_source_tifs\instances\training_1_frame_011.png; box_source=mask_union;seeds=n5+n7+b5
training_1_frame_011,mother_bud_pair,129.0,55.0,206.0,111.0,v6_mask_aware_pseudo_label,needs_review,two_nuclei_near_budneck; budneck_idx=1; mask_source=v6_ml_detection\sam_masks\prompted_mobile_sam_from_source_tifs\instances\training_1_frame_011.png; box_source=mask_union;seeds=n1+n2+b1
training_1_frame_011,early_bud_pair,232.0,121.0,255.0,183.0,v6_mask_aware_pseudo_label,needs_review,one_nucleus_near_budneck; budneck_idx=7; mask_source=v6_ml_detection\sam_masks\prompted_mobile_sam_from_source_tifs\instances\training_1_frame_011.png; box_source=mask_union;seeds=n8+b7
training_1_frame_011,early_bud_pair,108.0,30.0,154.0,70.0,v6_mask_aware_pseudo_label,needs_review,one_nucleus_near_budneck; budneck_idx=0; mask_source=v6_ml_detection\sam_masks\prompted_mobile_sam_from_source_tifs\instances\training_1_frame_011.png; box_source=mask_union;seeds=n0+b0
training_1_frame_011,early_bud_pair,168.0,94.0,234.0,131.0,v6_mask_aware_pseudo_label,needs_review,one_nucleus_near_budneck; budneck_idx=2; mask_source=v6_ml_detection\sam_masks\prompted_mobile_sam_from_source_tifs\instances\training_1_frame_011.png; box_source=mask_union;seeds=n3+b2
training_1_frame_012,mother_bud_pair,98.0,97.0,165.0,164.0,v6_mask_aware_pseudo_label,needs_review,two_nuclei_near_budneck; budneck_idx=4; mask_source=v6_ml_detection\sam_masks\prompted_mobile_sam_from_source_tifs\instances\training_1_frame_012.png; box_source=mask_union;seeds=n4+n3+b4
training_1_frame_012,mother_bud_pair,93.0,58.0,148.0,123.0,v6_mask_aware_pseudo_label,needs_review,two_nuclei_near_budneck; budneck_idx=1; mask_source=v6_ml_detection\sam_masks\prompted_mobile_sam_from_source_tifs\instances\training_1_frame_012.png; box_source=mask_union;seeds=n2+n0+b1
training_1_frame_012,early_bud_pair,151.0,77.0,193.0,131.0,v6_mask_aware_pseudo_label,needs_review,one_nucleus_near_budneck; budneck_idx=3; mask_source=v6_ml_detection\sam_masks\prompted_mobile_sam_from_source_tifs\instances\training_1_frame_012.png; box_source=mask_union;seeds=n1+b3
training_1_frame_012,early_bud_pair,196.0,155.0,239.0,197.0,v6_mask_aware_pseudo_label,needs_review,one_nucleus_near_budneck; budneck_idx=5; mask_source=v6_ml_detection\sam_masks\prompted_mobile_sam_from_source_tifs\instances\training_1_frame_012.png; box_source=mask_union;seeds=n5+b5
training_1_frame_013,mother_bud_pair,92.0,107.0,152.0,161.0,v6_mask_aware_pseudo_label,needs_review,two_nuclei_near_budneck; budneck_idx=0; mask_source=v6_ml_detection\sam_masks\prompted_mobile_sam_from_source_tifs\instances\training_1_frame_013.png; box_source=mask_union;seeds=n4+n3+b0
training_1_frame_013,early_bud_pair,152.0,107.0,219.0,148.0,v6_mask_aware_pseudo_label,needs_review,one_nucleus_near_budneck; budneck_idx=2; mask_source=v6_ml_detection\sam_masks\prompted_mobile_sam_from_source_tifs\instances\training_1_frame_013.png; box_source=mask_union;seeds=n2+b2
training_1_frame_013,single_cell,108.0,17.0,147.0,56.0,v6_mask_aware_pseudo_label,needs_review,unpaired_green_nucleus; nucleus_idx=0; mask_source=v6_ml_detection\sam_masks\prompted_mobile_sam_from_source_tifs\instances\training_1_frame_013.png; box_source=mask_union;seeds=n0
training_1_frame_013,single_cell,122.0,97.0,167.0,137.0,v6_mask_aware_pseudo_label,needs_review,unpaired_green_nucleus; nucleus_idx=1; mask_source=v6_ml_detection\sam_masks\prompted_mobile_sam_from_source_tifs\instances\training_1_frame_013.png; box_source=mask_union;seeds=n1
training_1_frame_013,single_cell,117.0,134.0,161.0,174.0,v6_mask_aware_pseudo_label,needs_review,unpaired_green_nucleus; nucleus_idx=5; mask_source=v6_ml_detection\sam_masks\prompted_mobile_sam_from_source_tifs\instances\training_1_frame_013.png; box_source=mask_union;seeds=n5
training_1_frame_014,mother_bud_pair,35.0,88.0,106.0,145.0,v6_mask_aware_pseudo_label,needs_review,two_nuclei_near_budneck; budneck_idx=3; mask_source=v6_ml_detection\sam_masks\prompted_mobile_sam_from_source_tifs\instances\training_1_frame_014.png; box_source=mask_union;seeds=n6+n7+b3
training_1_frame_014,mother_bud_pair,92.0,122.0,147.0,165.0,v6_mask_aware_pseudo_label,needs_review,two_nuclei_near_budneck; budneck_idx=5; mask_source=v6_ml_detection\sam_masks\prompted_mobile_sam_from_source_tifs\instances\training_1_frame_014.png; box_source=mask_union;seeds=n9+n8+b5
training_1_frame_014,mother_bud_pair,143.0,44.0,182.0,99.0,v6_mask_aware_pseudo_label,needs_review,two_nuclei_near_budneck; budneck_idx=1; mask_source=v6_ml_detection\sam_masks\prompted_mobile_sam_from_source_tifs\instances\training_1_frame_014.png; box_source=mask_union;seeds=n1+n2+b1
training_1_frame_014,mother_bud_pair,210.0,157.0,255.0,225.0,v6_mask_aware_pseudo_label,needs_review,two_nuclei_near_budneck; budneck_idx=6; mask_source=v6_ml_detection\sam_masks\prompted_mobile_sam_from_source_tifs\instances\training_1_frame_014.png; box_source=mask_union;seeds=n12+n10+b6
training_1_frame_014,mother_bud_pair,101.0,91.0,175.0,135.0,v6_mask_aware_pseudo_label,needs_review,two_nuclei_near_budneck; budneck_idx=4; mask_source=v6_ml_detection\sam_masks\prompted_mobile_sam_from_source_tifs\instances\training_1_frame_014.png; box_source=mask_union;seeds=n5+n4+b4
training_1_frame_014,mother_bud_pair,186.0,211.0,231.0,255.0,v6_mask_aware_pseudo_label,needs_review,two_nuclei_near_budneck; budneck_idx=7; mask_source=v6_ml_detection\sam_masks\prompted_mobile_sam_from_source_tifs\instances\training_1_frame_014.png; box_source=mask_union;seeds=n13+n14+b7
training_1_frame_014,early_bud_pair,114.0,67.0,169.0,111.0,v6_mask_aware_pseudo_label,needs_review,one_nucleus_near_budneck; budneck_idx=2; mask_source=v6_ml_detection\sam_masks\prompted_mobile_sam_from_source_tifs\instances\training_1_frame_014.png; box_source=mask_union;seeds=n3+b2
training_1_frame_014,early_bud_pair,178.0,0.0,218.0,35.0,v6_mask_aware_pseudo_label,needs_review,one_nucleus_near_budneck; budneck_idx=0; mask_source=v6_ml_detection\sam_masks\prompted_mobile_sam_from_source_tifs\instances\training_1_frame_014.png; box_source=mask_union;seeds=n0+b0
training_1_frame_014,single_cell,203.0,156.0,236.0,195.0,v6_mask_aware_pseudo_label,needs_review,unpaired_green_nucleus; nucleus_idx=11; mask_source=v6_ml_detection\sam_masks\prompted_mobile_sam_from_source_tifs\instances\training_1_frame_014.png; box_source=mask_union;seeds=n11
training_1_frame_015,mother_bud_pair,107.0,116.0,185.0,176.0,v6_mask_aware_pseudo_label,needs_review,two_nuclei_near_budneck; budneck_idx=5; mask_source=v6_ml_detection\sam_masks\prompted_mobile_sam_from_source_tifs\instances\training_1_frame_015.png; box_source=mask_union;seeds=n6+n7+b5
training_1_frame_015,mother_bud_pair,143.0,25.0,193.0,85.0,v6_mask_aware_pseudo_label,needs_review,two_nuclei_near_budneck; budneck_idx=0; mask_source=v6_ml_detection\sam_masks\prompted_mobile_sam_from_source_tifs\instances\training_1_frame_015.png; box_source=mask_union;seeds=n1+n0+b0
training_1_frame_015,mother_bud_pair,104.0,62.0,168.0,136.0,v6_mask_aware_pseudo_label,needs_review,two_nuclei_near_budneck; budneck_idx=2; mask_source=v6_ml_detection\sam_masks\prompted_mobile_sam_from_source_tifs\instances\training_1_frame_015.png; box_source=mask_union;seeds=n4+n5+b2
training_1_frame_015,mother_bud_pair,54.0,184.0,97.0,250.0,v6_mask_aware_pseudo_label,needs_review,two_nuclei_near_budneck; budneck_idx=7; mask_source=v6_ml_detection\sam_masks\prompted_mobile_sam_from_source_tifs\instances\training_1_frame_015.png; box_source=mask_union;seeds=n8+n9+b7
training_1_frame_015,early_bud_pair,180.0,62.0,225.0,100.0,v6_mask_aware_pseudo_label,needs_review,one_nucleus_near_budneck; budneck_idx=1; mask_source=v6_ml_detection\sam_masks\prompted_mobile_sam_from_source_tifs\instances\training_1_frame_015.png; box_source=mask_union;seeds=n3+b1
training_1_frame_015,early_bud_pair,138.0,70.0,188.0,108.0,v6_mask_aware_pseudo_label,needs_review,one_nucleus_near_budneck; budneck_idx=3; mask_source=v6_ml_detection\sam_masks\prompted_mobile_sam_from_source_tifs\instances\training_1_frame_015.png; box_source=mask_union;seeds=n2+b3
training_1_frame_016,mother_bud_pair,83.0,59.0,137.0,115.0,v6_mask_aware_pseudo_label,needs_review,two_nuclei_near_budneck; budneck_idx=0; mask_source=v6_ml_detection\sam_masks\prompted_mobile_sam_from_source_tifs\instances\training_1_frame_016.png; box_source=mask_union;seeds=n1+n0+b0
training_1_frame_016,early_bud_pair,134.0,94.0,174.0,139.0,v6_mask_aware_pseudo_label,needs_review,one_nucleus_near_budneck; budneck_idx=2; mask_source=v6_ml_detection\sam_masks\prompted_mobile_sam_from_source_tifs\instances\training_1_frame_016.png; box_source=mask_union;seeds=n2+b2
training_1_frame_016,early_bud_pair,163.0,143.0,200.0,181.0,v6_mask_aware_pseudo_label,needs_review,one_nucleus_near_budneck; budneck_idx=4; mask_source=v6_ml_detection\sam_masks\prompted_mobile_sam_from_source_tifs\instances\training_1_frame_016.png; box_source=mask_union;seeds=n3+b4
training_1_frame_017,mother_bud_pair,76.0,0.0,152.0,56.0,v6_mask_aware_pseudo_label,needs_review,two_nuclei_near_budneck; budneck_idx=2; mask_source=v6_ml_detection\sam_masks\prompted_mobile_sam_from_source_tifs\instances\training_1_frame_017.png; box_source=mask_union;seeds=n2+n0+b2
training_1_frame_017,mother_bud_pair,112.0,107.0,179.0,177.0,v6_mask_aware_pseudo_label,needs_review,two_nuclei_near_budneck; budneck_idx=6; mask_source=v6_ml_detection\sam_masks\prompted_mobile_sam_from_source_tifs\instances\training_1_frame_017.png; box_source=mask_union;seeds=n8+n5+b6
training_1_frame_017,early_bud_pair,9.0,137.0,78.0,188.0,v6_mask_aware_pseudo_label,needs_review,one_nucleus_near_budneck; budneck_idx=7; mask_source=v6_ml_detection\sam_masks\prompted_mobile_sam_from_source_tifs\instances\training_1_frame_017.png; box_source=mask_union;seeds=n9+b7
training_1_frame_017,early_bud_pair,157.0,77.0,216.0,131.0,v6_mask_aware_pseudo_label,needs_review,one_nucleus_near_budneck; budneck_idx=3; mask_source=v6_ml_detection\sam_masks\prompted_mobile_sam_from_source_tifs\instances\training_1_frame_017.png; box_source=mask_union;seeds=n4+b3
training_1_frame_017,early_bud_pair,33.0,79.0,90.0,148.0,v6_mask_aware_pseudo_label,needs_review,one_nucleus_near_budneck; budneck_idx=5; mask_source=v6_ml_detection\sam_masks\prompted_mobile_sam_from_source_tifs\instances\training_1_frame_017.png; box_source=mask_union;seeds=n3+b5
training_1_frame_017,early_bud_pair,143.0,0.0,178.0,45.0,v6_mask_aware_pseudo_label,needs_review,one_nucleus_near_budneck; budneck_idx=0; mask_source=v6_ml_detection\sam_masks\prompted_mobile_sam_from_source_tifs\instances\training_1_frame_017.png; box_source=mask_union;seeds=n1+b0
training_1_frame_017,single_cell,184.0,112.0,221.0,150.0,v6_mask_aware_pseudo_label,needs_review,unpaired_green_nucleus; nucleus_idx=6; mask_source=v6_ml_detection\sam_masks\prompted_mobile_sam_from_source_tifs\instances\training_1_frame_017.png; box_source=mask_union;seeds=n6
training_1_frame_017,single_cell,164.0,120.0,195.0,155.0,v6_mask_aware_pseudo_label,needs_review,unpaired_green_nucleus; nucleus_idx=7; mask_source=v6_ml_detection\sam_masks\prompted_mobile_sam_from_source_tifs\instances\training_1_frame_017.png; box_source=mask_union;seeds=n7
training_1_frame_018,mother_bud_pair,69.0,75.0,131.0,140.0,v6_mask_aware_pseudo_label,needs_review,two_nuclei_near_budneck; budneck_idx=1; mask_source=v6_ml_detection\sam_masks\prompted_mobile_sam_from_source_tifs\instances\training_1_frame_018.png; box_source=mask_union;seeds=n0+n3+b1
training_1_frame_018,mother_bud_pair,139.0,98.0,183.0,160.0,v6_mask_aware_pseudo_label,needs_review,two_nuclei_near_budneck; budneck_idx=3; mask_source=v6_ml_detection\sam_masks\prompted_mobile_sam_from_source_tifs\instances\training_1_frame_018.png; box_source=mask_union;seeds=n5+n2+b3
training_1_frame_018,mother_bud_pair,83.0,97.0,143.0,155.0,v6_mask_aware_pseudo_label,needs_review,two_nuclei_near_budneck; budneck_idx=2; mask_source=v6_ml_detection\sam_masks\prompted_mobile_sam_from_source_tifs\instances\training_1_frame_018.png; box_source=mask_union;seeds=n1+n4+b2
training_1_frame_018,early_bud_pair,158.0,126.0,194.0,172.0,v6_mask_aware_pseudo_label,needs_review,one_nucleus_near_budneck; budneck_idx=4; mask_source=v6_ml_detection\sam_masks\prompted_mobile_sam_from_source_tifs\instances\training_1_frame_018.png; box_source=mask_union;seeds=n6+b4
training_1_frame_019,mother_bud_pair,174.0,117.0,230.0,170.0,v6_mask_aware_pseudo_label,needs_review,two_nuclei_near_budneck; budneck_idx=3; mask_source=v6_ml_detection\sam_masks\prompted_mobile_sam_from_source_tifs\instances\training_1_frame_019.png; box_source=mask_union;seeds=n3+n5+b3
training_1_frame_019,mother_bud_pair,144.0,101.0,187.0,177.0,v6_mask_aware_pseudo_label,needs_review,two_nuclei_near_budneck; budneck_idx=4; mask_source=v6_ml_detection\sam_masks\prompted_mobile_sam_from_source_tifs\instances\training_1_frame_019.png; box_source=mask_union;seeds=n4+n2+b4
training_1_frame_019,early_bud_pair,79.0,66.0,120.0,132.0,v6_mask_aware_pseudo_label,needs_review,one_nucleus_near_budneck; budneck_idx=1; mask_source=v6_ml_detection\sam_masks\prompted_mobile_sam_from_source_tifs\instances\training_1_frame_019.png; box_source=mask_union;seeds=n1+b1
training_1_frame_019,early_bud_pair,90.0,33.0,130.0,79.0,v6_mask_aware_pseudo_label,needs_review,one_nucleus_near_budneck; budneck_idx=0; mask_source=v6_ml_detection\sam_masks\prompted_mobile_sam_from_source_tifs\instances\training_1_frame_019.png; box_source=mask_union;seeds=n0+b0
training_1_frame_020,mother_bud_pair,113.0,86.0,181.0,134.0,v6_mask_aware_pseudo_label,needs_review,two_nuclei_near_budneck; budneck_idx=8; mask_source=v6_ml_detection\sam_masks\prompted_mobile_sam_from_source_tifs\instances\training_1_frame_020.png; box_source=mask_union;seeds=n10+n11+b8
training_1_frame_020,mother_bud_pair,215.0,22.0,252.0,85.0,v6_mask_aware_pseudo_label,needs_review,two_nuclei_near_budneck; budneck_idx=2; mask_source=v6_ml_detection\sam_masks\prompted_mobile_sam_from_source_tifs\instances\training_1_frame_020.png; box_source=mask_union;seeds=n5+n0+b2
training_1_frame_020,mother_bud_pair,150.0,14.0,204.0,70.0,v6_mask_aware_pseudo_label,needs_review,two_nuclei_near_budneck; budneck_idx=1; mask_source=v6_ml_detection\sam_masks\prompted_mobile_sam_from_source_tifs\instances\training_1_frame_020.png; box_source=mask_union;seeds=n3+n1+b1
training_1_frame_020,mother_bud_pair,142.0,110.0,209.0,158.0,v6_mask_aware_pseudo_label,needs_review,two_nuclei_near_budneck; budneck_idx=10; mask_source=v6_ml_detection\sam_masks\prompted_mobile_sam_from_source_tifs\instances\training_1_frame_020.png; box_source=mask_union;seeds=n12+n13+b10
training_1_frame_020,mother_bud_pair,118.0,54.0,197.0,104.0,v6_mask_aware_pseudo_label,needs_review,two_nuclei_near_budneck; budneck_idx=7; mask_source=v6_ml_detection\sam_masks\prompted_mobile_sam_from_source_tifs\instances\training_1_frame_020.png; box_source=mask_union;seeds=n6+n7+b7
training_1_frame_020,mother_bud_pair,178.0,46.0,226.0,108.0,v6_mask_aware_pseudo_label,needs_review,two_nuclei_near_budneck; budneck_idx=5; mask_source=v6_ml_detection\sam_masks\prompted_mobile_sam_from_source_tifs\instances\training_1_frame_020.png; box_source=mask_union;seeds=n8+n4+b5
training_1_frame_020,early_bud_pair,216.0,63.0,255.0,117.0,v6_mask_aware_pseudo_label,needs_review,one_nucleus_near_budneck; budneck_idx=6; mask_source=v6_ml_detection\sam_masks\prompted_mobile_sam_from_source_tifs\instances\training_1_frame_020.png; box_source=mask_union;seeds=n9+b6
training_1_frame_020,early_bud_pair,195.0,19.0,232.0,68.0,v6_mask_aware_pseudo_label,needs_review,one_nucleus_near_budneck; budneck_idx=3; mask_source=v6_ml_detection\sam_masks\prompted_mobile_sam_from_source_tifs\instances\training_1_frame_020.png; box_source=mask_union;seeds=n2+b3
training_1_frame_021,mother_bud_pair,105.0,81.0,167.0,145.0,v6_mask_aware_pseudo_label,needs_review,two_nuclei_near_budneck; budneck_idx=2; mask_source=v6_ml_detection\sam_masks\prompted_mobile_sam_from_source_tifs\instances\training_1_frame_021.png; box_source=mask_union;seeds=n4+n3+b2
training_1_frame_021,mother_bud_pair,83.0,50.0,159.0,114.0,v6_mask_aware_pseudo_label,needs_review,two_nuclei_near_budneck; budneck_idx=1; mask_source=v6_ml_detection\sam_masks\prompted_mobile_sam_from_source_tifs\instances\training_1_frame_021.png; box_source=mask_union;seeds=n2+n1+b1
training_1_frame_021,mother_bud_pair,64.0,168.0,128.0,238.0,v6_mask_aware_pseudo_label,needs_review,two_nuclei_near_budneck; budneck_idx=5; mask_source=v6_ml_detection\sam_masks\prompted_mobile_sam_from_source_tifs\instances\training_1_frame_021.png; box_source=mask_union;seeds=n6+n7+b5
training_1_frame_021,early_bud_pair,85.0,51.0,134.0,88.0,v6_mask_aware_pseudo_label,needs_review,one_nucleus_near_budneck; budneck_idx=0; mask_source=v6_ml_detection\sam_masks\prompted_mobile_sam_from_source_tifs\instances\training_1_frame_021.png; box_source=mask_union;seeds=n0+b0
training_1_frame_021,early_bud_pair,90.0,171.0,133.0,215.0,v6_mask_aware_pseudo_label,needs_review,one_nucleus_near_budneck; budneck_idx=4; mask_source=v6_ml_detection\sam_masks\prompted_mobile_sam_from_source_tifs\instances\training_1_frame_021.png; box_source=mask_union;seeds=n5+b4
training_1_frame_022,mother_bud_pair,19.0,47.0,98.0,95.0,v6_mask_aware_pseudo_label,needs_review,two_nuclei_near_budneck; budneck_idx=2; mask_source=v6_ml_detection\sam_masks\prompted_mobile_sam_from_source_tifs\instances\training_1_frame_022.png; box_source=mask_union;seeds=n2+n3+b2
training_1_frame_022,mother_bud_pair,25.0,78.0,90.0,128.0,v6_mask_aware_pseudo_label,needs_review,two_nuclei_near_budneck; budneck_idx=3; mask_source=v6_ml_detection\sam_masks\prompted_mobile_sam_from_source_tifs\instances\training_1_frame_022.png; box_source=mask_union;seeds=n5+n4+b3
training_1_frame_022,early_bud_pair,102.0,27.0,165.0,71.0,v6_mask_aware_pseudo_label,needs_review,one_nucleus_near_budneck; budneck_idx=1; mask_source=v6_ml_detection\sam_masks\prompted_mobile_sam_from_source_tifs\instances\training_1_frame_022.png; box_source=mask_union;seeds=n1+b1
training_1_frame_022,early_bud_pair,150.0,2.0,188.0,56.0,v6_mask_aware_pseudo_label,needs_review,one_nucleus_near_budneck; budneck_idx=0; mask_source=v6_ml_detection\sam_masks\prompted_mobile_sam_from_source_tifs\instances\training_1_frame_022.png; box_source=mask_union;seeds=n0+b0
training_1_frame_022,early_bud_pair,43.0,103.0,89.0,143.0,v6_mask_aware_pseudo_label,needs_review,one_nucleus_near_budneck; budneck_idx=4; mask_source=v6_ml_detection\sam_masks\prompted_mobile_sam_from_source_tifs\instances\training_1_frame_022.png; box_source=mask_union;seeds=n6+b4
training_1_frame_023,mother_bud_pair,133.0,58.0,186.0,118.0,v6_mask_aware_pseudo_label,needs_review,two_nuclei_near_budneck; budneck_idx=3; mask_source=v6_ml_detection\sam_masks\prompted_mobile_sam_from_source_tifs\instances\training_1_frame_023.png; box_source=mask_union;seeds=n6+n7+b3
training_1_frame_023,mother_bud_pair,68.0,24.0,128.0,74.0,v6_mask_aware_pseudo_label,needs_review,two_nuclei_near_budneck; budneck_idx=2; mask_source=v6_ml_detection\sam_masks\prompted_mobile_sam_from_source_tifs\instances\training_1_frame_023.png; box_source=mask_union;seeds=n4+n3+b2
training_1_frame_023,mother_bud_pair,120.0,137.0,186.0,182.0,v6_mask_aware_pseudo_label,needs_review,two_nuclei_near_budneck; budneck_idx=4; mask_source=v6_ml_detection\sam_masks\prompted_mobile_sam_from_source_tifs\instances\training_1_frame_023.png; box_source=mask_union;seeds=n9+n8+b4
training_1_frame_023,mother_bud_pair,119.0,4.0,166.0,59.0,v6_mask_aware_pseudo_label,needs_review,two_nuclei_near_budneck; budneck_idx=0; mask_source=v6_ml_detection\sam_masks\prompted_mobile_sam_from_source_tifs\instances\training_1_frame_023.png; box_source=mask_union;seeds=n0+n1+b0
training_1_frame_023,mother_bud_pair,117.0,27.0,186.0,89.0,v6_mask_aware_pseudo_label,needs_review,two_nuclei_near_budneck; budneck_idx=1; mask_source=v6_ml_detection\sam_masks\prompted_mobile_sam_from_source_tifs\instances\training_1_frame_023.png; box_source=mask_union;seeds=n2+n5+b1
training_1_frame_023,early_bud_pair,146.0,166.0,200.0,213.0,v6_mask_aware_pseudo_label,needs_review,one_nucleus_near_budneck; budneck_idx=5; mask_source=v6_ml_detection\sam_masks\prompted_mobile_sam_from_source_tifs\instances\training_1_frame_023.png; box_source=mask_union;seeds=n10+b5
training_1_frame_024,mother_bud_pair,218.0,79.0,255.0,128.0,v6_mask_aware_pseudo_label,needs_review,two_nuclei_near_budneck; budneck_idx=2; mask_source=v6_ml_detection\sam_masks\prompted_mobile_sam_from_source_tifs\instances\training_1_frame_024.png; box_source=mask_union;seeds=n3+n2+b2
training_1_frame_024,early_bud_pair,40.0,46.0,93.0,95.0,v6_mask_aware_pseudo_label,needs_review,one_nucleus_near_budneck; budneck_idx=0; mask_source=v6_ml_detection\sam_masks\prompted_mobile_sam_from_source_tifs\instances\training_1_frame_024.png; box_source=mask_union;seeds=n0+b0
training_1_frame_024,early_bud_pair,205.0,60.0,247.0,117.0,v6_mask_aware_pseudo_label,needs_review,one_nucleus_near_budneck; budneck_idx=1; mask_source=v6_ml_detection\sam_masks\prompted_mobile_sam_from_source_tifs\instances\training_1_frame_024.png; box_source=mask_union;seeds=n1+b1
training_1_frame_024,early_bud_pair,78.0,126.0,117.0,177.0,v6_mask_aware_pseudo_label,needs_review,one_nucleus_near_budneck; budneck_idx=4; mask_source=v6_ml_detection\sam_masks\prompted_mobile_sam_from_source_tifs\instances\training_1_frame_024.png; box_source=mask_union;seeds=n4+b4
training_1_frame_025,mother_bud_pair,107.0,43.0,155.0,106.0,v6_mask_aware_pseudo_label,needs_review,two_nuclei_near_budneck; budneck_idx=0; mask_source=v6_ml_detection\sam_masks\prompted_mobile_sam_from_source_tifs\instances\training_1_frame_025.png; box_source=mask_union;seeds=n2+n0+b0
training_1_frame_025,mother_bud_pair,129.0,99.0,203.0,157.0,v6_mask_aware_pseudo_label,needs_review,two_nuclei_near_budneck; budneck_idx=3; mask_source=v6_ml_detection\sam_masks\prompted_mobile_sam_from_source_tifs\instances\training_1_frame_025.png; box_source=mask_union;seeds=n7+n6+b3
training_1_frame_025,mother_bud_pair,145.0,46.0,207.0,113.0,v6_mask_aware_pseudo_label,needs_review,two_nuclei_near_budneck; budneck_idx=1; mask_source=v6_ml_detection\sam_masks\prompted_mobile_sam_from_source_tifs\instances\training_1_frame_025.png; box_source=mask_union;seeds=n4+n1+b1
training_1_frame_025,early_bud_pair,94.0,207.0,142.0,255.0,v6_mask_aware_pseudo_label,needs_review,one_nucleus_near_budneck; budneck_idx=5; mask_source=v6_ml_detection\sam_masks\prompted_mobile_sam_from_source_tifs\instances\training_1_frame_025.png; box_source=mask_union;seeds=n8+b5
training_1_frame_025,single_cell,92.0,70.0,127.0,104.0,v6_mask_aware_pseudo_label,needs_review,unpaired_green_nucleus; nucleus_idx=3; mask_source=v6_ml_detection\sam_masks\prompted_mobile_sam_from_source_tifs\instances\training_1_frame_025.png; box_source=mask_union;seeds=n3
training_1_frame_025,single_cell,105.0,90.0,142.0,128.0,v6_mask_aware_pseudo_label,needs_review,unpaired_green_nucleus; nucleus_idx=5; mask_source=v6_ml_detection\sam_masks\prompted_mobile_sam_from_source_tifs\instances\training_1_frame_025.png; box_source=mask_union;seeds=n5
training_1_frame_026,mother_bud_pair,117.0,84.0,163.0,146.0,v6_mask_aware_pseudo_label,needs_review,two_nuclei_near_budneck; budneck_idx=3; mask_source=v6_ml_detection\sam_masks\prompted_mobile_sam_from_source_tifs\instances\training_1_frame_026.png; box_source=mask_union;seeds=n5+n6+b3
training_1_frame_026,mother_bud_pair,148.0,63.0,199.0,117.0,v6_mask_aware_pseudo_label,needs_review,two_nuclei_near_budneck; budneck_idx=2; mask_source=v6_ml_detection\sam_masks\prompted_mobile_sam_from_source_tifs\instances\training_1_frame_026.png; box_source=mask_union;seeds=n4+n3+b2
training_1_frame_026,mother_bud_pair,100.0,34.0,168.0,97.0,v6_mask_aware_pseudo_label,needs_review,two_nuclei_near_budneck; budneck_idx=1; mask_source=v6_ml_detection\sam_masks\prompted_mobile_sam_from_source_tifs\instances\training_1_frame_026.png; box_source=mask_union;seeds=n1+n2+b1
training_1_frame_026,early_bud_pair,109.0,18.0,166.0,60.0,v6_mask_aware_pseudo_label,needs_review,one_nucleus_near_budneck; budneck_idx=0; mask_source=v6_ml_detection\sam_masks\prompted_mobile_sam_from_source_tifs\instances\training_1_frame_026.png; box_source=mask_union;seeds=n0+b0
training_1_frame_026,early_bud_pair,0.0,156.0,16.0,193.0,v6_mask_aware_pseudo_label,needs_review,one_nucleus_near_budneck; budneck_idx=4; mask_source=v6_ml_detection\sam_masks\prompted_mobile_sam_from_source_tifs\instances\training_1_frame_026.png; box_source=mask_union;seeds=n7+b4
training_1_frame_027,mother_bud_pair,116.0,73.0,161.0,122.0,v6_mask_aware_pseudo_label,needs_review,two_nuclei_near_budneck; budneck_idx=1; mask_source=v6_ml_detection\sam_masks\prompted_mobile_sam_from_source_tifs\instances\training_1_frame_027.png; box_source=mask_union;seeds=n0+n1+b1
training_1_frame_027,mother_bud_pair,128.0,69.0,186.0,141.0,v6_mask_aware_pseudo_label,needs_review,two_nuclei_near_budneck; budneck_idx=0; mask_source=v6_ml_detection\sam_masks\prompted_mobile_sam_from_source_tifs\instances\training_1_frame_027.png; box_source=mask_union;seeds=n2+n3+b0
training_1_frame_027,single_cell,151.0,125.0,186.0,162.0,v6_mask_aware_pseudo_label,needs_review,unpaired_green_nucleus; nucleus_idx=4; mask_source=v6_ml_detection\sam_masks\prompted_mobile_sam_from_source_tifs\instances\training_1_frame_027.png; box_source=mask_union;seeds=n4
training_1_frame_027,single_cell,121.0,130.0,159.0,167.0,v6_mask_aware_pseudo_label,needs_review,unpaired_green_nucleus; nucleus_idx=5; mask_source=v6_ml_detection\sam_masks\prompted_mobile_sam_from_source_tifs\instances\training_1_frame_027.png; box_source=mask_union;seeds=n5
training_1_frame_028,mother_bud_pair,41.0,57.0,93.0,124.0,v6_mask_aware_pseudo_label,needs_review,two_nuclei_near_budneck; budneck_idx=2; mask_source=v6_ml_detection\sam_masks\prompted_mobile_sam_from_source_tifs\instances\training_1_frame_028.png; box_source=mask_union;seeds=n5+n2+b2
training_1_frame_028,mother_bud_pair,154.0,60.0,225.0,114.0,v6_mask_aware_pseudo_label,needs_review,two_nuclei_near_budneck; budneck_idx=1; mask_source=v6_ml_detection\sam_masks\prompted_mobile_sam_from_source_tifs\instances\training_1_frame_028.png; box_source=mask_union;seeds=n4+n1+b1
training_1_frame_028,early_bud_pair,20.0,169.0,77.0,205.0,v6_mask_aware_pseudo_label,needs_review,one_nucleus_near_budneck; budneck_idx=5; mask_source=v6_ml_detection\sam_masks\prompted_mobile_sam_from_source_tifs\instances\training_1_frame_028.png; box_source=mask_union;seeds=n8+b5
training_1_frame_028,early_bud_pair,139.0,19.0,178.0,74.0,v6_mask_aware_pseudo_label,needs_review,one_nucleus_near_budneck; budneck_idx=0; mask_source=v6_ml_detection\sam_masks\prompted_mobile_sam_from_source_tifs\instances\training_1_frame_028.png; box_source=mask_union;seeds=n0+b0
training_1_frame_028,early_bud_pair,0.0,155.0,28.0,196.0,v6_mask_aware_pseudo_label,needs_review,one_nucleus_near_budneck; budneck_idx=4; mask_source=v6_ml_detection\sam_masks\prompted_mobile_sam_from_source_tifs\instances\training_1_frame_028.png; box_source=mask_union;seeds=n7+b4
training_1_frame_028,single_cell,79.0,76.0,110.0,115.0,v6_mask_aware_pseudo_label,needs_review,unpaired_green_nucleus; nucleus_idx=3; mask_source=v6_ml_detection\sam_masks\prompted_mobile_sam_from_source_tifs\instances\training_1_frame_028.png; box_source=mask_union;seeds=n3
training_1_frame_028,single_cell,68.0,104.0,104.0,136.0,v6_mask_aware_pseudo_label,needs_review,unpaired_green_nucleus; nucleus_idx=6; mask_source=v6_ml_detection\sam_masks\prompted_mobile_sam_from_source_tifs\instances\training_1_frame_028.png; box_source=mask_union;seeds=n6
training_1_frame_029,mother_bud_pair,124.0,47.0,167.0,109.0,v6_mask_aware_pseudo_label,needs_review,two_nuclei_near_budneck; budneck_idx=1; mask_source=v6_ml_detection\sam_masks\prompted_mobile_sam_from_source_tifs\instances\training_1_frame_029.png; box_source=mask_union;seeds=n0+n4+b1
training_1_frame_029,mother_bud_pair,42.0,64.0,107.0,117.0,v6_mask_aware_pseudo_label,needs_review,two_nuclei_near_budneck; budneck_idx=2; mask_source=v6_ml_detection\sam_masks\prompted_mobile_sam_from_source_tifs\instances\training_1_frame_029.png; box_source=mask_union;seeds=n3+n1+b2
training_1_frame_029,mother_bud_pair,93.0,58.0,141.0,129.0,v6_mask_aware_pseudo_label,needs_review,two_nuclei_near_budneck; budneck_idx=3; mask_source=v6_ml_detection\sam_masks\prompted_mobile_sam_from_source_tifs\instances\training_1_frame_029.png; box_source=mask_union;seeds=n5+n2+b3
training_1_frame_030,mother_bud_pair,58.0,165.0,116.0,225.0,v6_mask_aware_pseudo_label,needs_review,two_nuclei_near_budneck; budneck_idx=4; mask_source=v6_ml_detection\sam_masks\prompted_mobile_sam_from_source_tifs\instances\training_1_frame_030.png; box_source=mask_union;seeds=n5+n6+b4
training_1_frame_030,mother_bud_pair,154.0,14.0,208.0,80.0,v6_mask_aware_pseudo_label,needs_review,two_nuclei_near_budneck; budneck_idx=1; mask_source=v6_ml_detection\sam_masks\prompted_mobile_sam_from_source_tifs\instances\training_1_frame_030.png; box_source=mask_union;seeds=n2+n1+b1
training_1_frame_030,mother_bud_pair,58.0,214.0,125.0,255.0,v6_mask_aware_pseudo_label,needs_review,two_nuclei_near_budneck; budneck_idx=6; mask_source=v6_ml_detection\sam_masks\prompted_mobile_sam_from_source_tifs\instances\training_1_frame_030.png; box_source=mask_union;seeds=n7+n8+b6
training_1_frame_030,early_bud_pair,74.0,155.0,120.0,201.0,v6_mask_aware_pseudo_label,needs_review,one_nucleus_near_budneck; budneck_idx=3; mask_source=v6_ml_detection\sam_masks\prompted_mobile_sam_from_source_tifs\instances\training_1_frame_030.png; box_source=mask_union;seeds=n4+b3
training_1_frame_030,early_bud_pair,128.0,41.0,163.0,95.0,v6_mask_aware_pseudo_label,needs_review,one_nucleus_near_budneck; budneck_idx=2; mask_source=v6_ml_detection\sam_masks\prompted_mobile_sam_from_source_tifs\instances\training_1_frame_030.png; box_source=mask_union;seeds=n3+b2
training_1_frame_030,early_bud_pair,134.0,2.0,176.0,48.0,v6_mask_aware_pseudo_label,needs_review,one_nucleus_near_budneck; budneck_idx=0; mask_source=v6_ml_detection\sam_masks\prompted_mobile_sam_from_source_tifs\instances\training_1_frame_030.png; box_source=mask_union;seeds=n0+b0
training_1_frame_031,mother_bud_pair,26.0,0.0,89.0,49.0,v6_mask_aware_pseudo_label,needs_review,two_nuclei_near_budneck; budneck_idx=0; mask_source=v6_ml_detection\sam_masks\prompted_mobile_sam_from_source_tifs\instances\training_1_frame_031.png; box_source=mask_union;seeds=n0+n1+b0
training_1_frame_031,mother_bud_pair,162.0,72.0,213.0,137.0,v6_mask_aware_pseudo_label,needs_review,two_nuclei_near_budneck; budneck_idx=5; mask_source=v6_ml_detection\sam_masks\prompted_mobile_sam_from_source_tifs\instances\training_1_frame_031.png; box_source=mask_union;seeds=n6+n5+b5
training_1_frame_031,mother_bud_pair,195.0,126.0,228.0,181.0,v6_mask_aware_pseudo_label,needs_review,two_nuclei_near_budneck; budneck_idx=6; mask_source=v6_ml_detection\sam_masks\prompted_mobile_sam_from_source_tifs\instances\training_1_frame_031.png; box_source=mask_union;seeds=n8+n7+b6
training_1_frame_031,mother_bud_pair,12.0,25.0,71.0,90.0,v6_mask_aware_pseudo_label,needs_review,two_nuclei_near_budneck; budneck_idx=2; mask_source=v6_ml_detection\sam_masks\prompted_mobile_sam_from_source_tifs\instances\training_1_frame_031.png; box_source=mask_union;seeds=n3+n2+b2
training_1_frame_031,early_bud_pair,55.0,75.0,102.0,109.0,v6_mask_aware_pseudo_label,needs_review,one_nucleus_near_budneck; budneck_idx=4; mask_source=v6_ml_detection\sam_masks\prompted_mobile_sam_from_source_tifs\instances\training_1_frame_031.png; box_source=mask_union;seeds=n4+b4
training_1_frame_032,mother_bud_pair,99.0,42.0,162.0,113.0,v6_mask_aware_pseudo_label,needs_review,two_nuclei_near_budneck; budneck_idx=0; mask_source=v6_ml_detection\sam_masks\prompted_mobile_sam_from_source_tifs\instances\training_1_frame_032.png; box_source=mask_union;seeds=n0+n2+b0
training_1_frame_032,mother_bud_pair,60.0,78.0,125.0,140.0,v6_mask_aware_pseudo_label,needs_review,two_nuclei_near_budneck; budneck_idx=1; mask_source=v6_ml_detection\sam_masks\prompted_mobile_sam_from_source_tifs\instances\training_1_frame_032.png; box_source=mask_union;seeds=n3+n4+b1
training_1_frame_032,single_cell,82.0,75.0,128.0,109.0,v6_mask_aware_pseudo_label,needs_review,unpaired_green_nucleus; nucleus_idx=1; mask_source=v6_ml_detection\sam_masks\prompted_mobile_sam_from_source_tifs\instances\training_1_frame_032.png; box_source=mask_union;seeds=n1
training_1_frame_033,mother_bud_pair,137.0,55.0,202.0,102.0,v6_mask_aware_pseudo_label,needs_review,two_nuclei_near_budneck; budneck_idx=0; mask_source=v6_ml_detection\sam_masks\prompted_mobile_sam_from_source_tifs\instances\training_1_frame_033.png; box_source=mask_union;seeds=n0+n1+b0
training_1_frame_033,mother_bud_pair,159.0,80.0,213.0,139.0,v6_mask_aware_pseudo_label,needs_review,two_nuclei_near_budneck; budneck_idx=1; mask_source=v6_ml_detection\sam_masks\prompted_mobile_sam_from_source_tifs\instances\training_1_frame_033.png; box_source=mask_union;seeds=n2+n4+b1
training_1_frame_033,mother_bud_pair,71.0,138.0,138.0,186.0,v6_mask_aware_pseudo_label,needs_review,two_nuclei_near_budneck; budneck_idx=3; mask_source=v6_ml_detection\sam_masks\prompted_mobile_sam_from_source_tifs\instances\training_1_frame_033.png; box_source=mask_union;seeds=n7+n6+b3
training_1_frame_033,mother_bud_pair,50.0,93.0,104.0,152.0,v6_mask_aware_pseudo_label,needs_review,two_nuclei_near_budneck; budneck_idx=2; mask_source=v6_ml_detection\sam_masks\prompted_mobile_sam_from_source_tifs\instances\training_1_frame_033.png; box_source=mask_union;seeds=n3+n5+b2
training_1_frame_034,mother_bud_pair,113.0,89.0,174.0,138.0,v6_mask_aware_pseudo_label,needs_review,two_nuclei_near_budneck; budneck_idx=2; mask_source=v6_ml_detection\sam_masks\prompted_mobile_sam_from_source_tifs\instances\training_1_frame_034.png; box_source=mask_union;seeds=n3+n5+b2
training_1_frame_034,mother_bud_pair,39.0,91.0,106.0,137.0,v6_mask_aware_pseudo_label,needs_review,two_nuclei_near_budneck; budneck_idx=3; mask_source=v6_ml_detection\sam_masks\prompted_mobile_sam_from_source_tifs\instances\training_1_frame_034.png; box_source=mask_union;seeds=n2+n4+b3
training_1_frame_034,mother_bud_pair,45.0,48.0,101.0,103.0,v6_mask_aware_pseudo_label,needs_review,two_nuclei_near_budneck; budneck_idx=0; mask_source=v6_ml_detection\sam_masks\prompted_mobile_sam_from_source_tifs\instances\training_1_frame_034.png; box_source=mask_union;seeds=n1+n0+b0
training_1_frame_035,mother_bud_pair,79.0,22.0,160.0,71.0,v6_mask_aware_pseudo_label,needs_review,two_nuclei_near_budneck; budneck_idx=0; mask_source=v6_ml_detection\sam_masks\prompted_mobile_sam_from_source_tifs\instances\training_1_frame_035.png; box_source=mask_union;seeds=n0+n1+b0
training_1_frame_035,mother_bud_pair,120.0,87.0,182.0,160.0,v6_mask_aware_pseudo_label,needs_review,two_nuclei_near_budneck; budneck_idx=4; mask_source=v6_ml_detection\sam_masks\prompted_mobile_sam_from_source_tifs\instances\training_1_frame_035.png; box_source=mask_union;seeds=n5+n3+b4
training_1_frame_035,mother_bud_pair,175.0,115.0,242.0,160.0,v6_mask_aware_pseudo_label,needs_review,two_nuclei_near_budneck; budneck_idx=8; mask_source=v6_ml_detection\sam_masks\prompted_mobile_sam_from_source_tifs\instances\training_1_frame_035.png; box_source=mask_union;seeds=n7+n6+b8
training_1_frame_035,early_bud_pair,135.0,51.0,174.0,107.0,v6_mask_aware_pseudo_label,needs_review,one_nucleus_near_budneck; budneck_idx=3; mask_source=v6_ml_detection\sam_masks\prompted_mobile_sam_from_source_tifs\instances\training_1_frame_035.png; box_source=mask_union;seeds=n2+b3
training_1_frame_035,early_bud_pair,178.0,104.0,221.0,137.0,v6_mask_aware_pseudo_label,needs_review,one_nucleus_near_budneck; budneck_idx=6; mask_source=v6_ml_detection\sam_masks\prompted_mobile_sam_from_source_tifs\instances\training_1_frame_035.png; box_source=mask_union;seeds=n4+b6
training_1_frame_036,mother_bud_pair,75.0,61.0,126.0,128.0,v6_mask_aware_pseudo_label,needs_review,two_nuclei_near_budneck; budneck_idx=1; mask_source=v6_ml_detection\sam_masks\prompted_mobile_sam_from_source_tifs\instances\training_1_frame_036.png; box_source=mask_union;seeds=n3+n5+b1
training_1_frame_036,mother_bud_pair,113.0,61.0,182.0,102.0,v6_mask_aware_pseudo_label,needs_review,two_nuclei_near_budneck; budneck_idx=0; mask_source=v6_ml_detection\sam_masks\prompted_mobile_sam_from_source_tifs\instances\training_1_frame_036.png; box_source=mask_union;seeds=n1+n2+b0
training_1_frame_036,single_cell,93.0,46.0,137.0,89.0,v6_mask_aware_pseudo_label,needs_review,unpaired_green_nucleus; nucleus_idx=0; mask_source=v6_ml_detection\sam_masks\prompted_mobile_sam_from_source_tifs\instances\training_1_frame_036.png; box_source=mask_union;seeds=n0
training_1_frame_036,single_cell,108.0,81.0,138.0,116.0,v6_mask_aware_pseudo_label,needs_review,unpaired_green_nucleus; nucleus_idx=4; mask_source=v6_ml_detection\sam_masks\prompted_mobile_sam_from_source_tifs\instances\training_1_frame_036.png; box_source=mask_union;seeds=n4
training_1_frame_036,single_cell,63.0,93.0,106.0,133.0,v6_mask_aware_pseudo_label,needs_review,unpaired_green_nucleus; nucleus_idx=6; mask_source=v6_ml_detection\sam_masks\prompted_mobile_sam_from_source_tifs\instances\training_1_frame_036.png; box_source=mask_union;seeds=n6
training_1_frame_037,mother_bud_pair,92.0,23.0,139.0,79.0,v6_mask_aware_pseudo_label,needs_review,two_nuclei_near_budneck; budneck_idx=0; mask_source=v6_ml_detection\sam_masks\prompted_mobile_sam_from_source_tifs\instances\training_1_frame_037.png; box_source=mask_union;seeds=n0+n1+b0
training_1_frame_037,mother_bud_pair,101.0,55.0,149.0,132.0,v6_mask_aware_pseudo_label,needs_review,two_nuclei_near_budneck; budneck_idx=1; mask_source=v6_ml_detection\sam_masks\prompted_mobile_sam_from_source_tifs\instances\training_1_frame_037.png; box_source=mask_union;seeds=n3+n5+b1
training_1_frame_037,early_bud_pair,68.0,54.0,110.0,114.0,v6_mask_aware_pseudo_label,needs_review,one_nucleus_near_budneck; budneck_idx=2; mask_source=v6_ml_detection\sam_masks\prompted_mobile_sam_from_source_tifs\instances\training_1_frame_037.png; box_source=mask_union;seeds=n4+b2
training_1_frame_037,early_bud_pair,139.0,75.0,168.0,111.0,v6_mask_aware_pseudo_label,needs_review,one_nucleus_near_budneck; budneck_idx=3; mask_source=v6_ml_detection\sam_masks\prompted_mobile_sam_from_source_tifs\instances\training_1_frame_037.png; box_source=mask_union;seeds=n2+b3
training_1_frame_038,mother_bud_pair,61.0,116.0,137.0,185.0,v6_mask_aware_pseudo_label,needs_review,two_nuclei_near_budneck; budneck_idx=5; mask_source=v6_ml_detection\sam_masks\prompted_mobile_sam_from_source_tifs\instances\training_1_frame_038.png; box_source=mask_union;seeds=n3+n4+b5
training_1_frame_038,early_bud_pair,41.0,32.0,95.0,105.0,v6_mask_aware_pseudo_label,needs_review,one_nucleus_near_budneck; budneck_idx=1; mask_source=v6_ml_detection\sam_masks\prompted_mobile_sam_from_source_tifs\instances\training_1_frame_038.png; box_source=mask_union;seeds=n1+b1
training_1_frame_038,early_bud_pair,41.0,0.0,80.0,48.0,v6_mask_aware_pseudo_label,needs_review,one_nucleus_near_budneck; budneck_idx=0; mask_source=v6_ml_detection\sam_masks\prompted_mobile_sam_from_source_tifs\instances\training_1_frame_038.png; box_source=mask_union;seeds=n0+b0
training_1_frame_038,early_bud_pair,38.0,102.0,78.0,163.0,v6_mask_aware_pseudo_label,needs_review,one_nucleus_near_budneck; budneck_idx=3; mask_source=v6_ml_detection\sam_masks\prompted_mobile_sam_from_source_tifs\instances\training_1_frame_038.png; box_source=mask_union;seeds=n2+b3
training_1_frame_038,early_bud_pair,126.0,119.0,168.0,187.0,v6_mask_aware_pseudo_label,needs_review,one_nucleus_near_budneck; budneck_idx=6; mask_source=v6_ml_detection\sam_masks\prompted_mobile_sam_from_source_tifs\instances\training_1_frame_038.png; box_source=mask_union;seeds=n5+b6
training_1_frame_039,mother_bud_pair,33.0,23.0,104.0,82.0,v6_mask_aware_pseudo_label,needs_review,two_nuclei_near_budneck; budneck_idx=1; mask_source=v6_ml_detection\sam_masks\prompted_mobile_sam_from_source_tifs\instances\training_1_frame_039.png; box_source=mask_union;seeds=n0+n1+b1
training_1_frame_039,mother_bud_pair,18.0,118.0,77.0,171.0,v6_mask_aware_pseudo_label,needs_review,two_nuclei_near_budneck; budneck_idx=4; mask_source=v6_ml_detection\sam_masks\prompted_mobile_sam_from_source_tifs\instances\training_1_frame_039.png; box_source=mask_union;seeds=n4+n3+b4
training_1_frame_039,early_bud_pair,177.0,83.0,231.0,142.0,v6_mask_aware_pseudo_label,needs_review,one_nucleus_near_budneck; budneck_idx=2; mask_source=v6_ml_detection\sam_masks\prompted_mobile_sam_from_source_tifs\instances\training_1_frame_039.png; box_source=mask_union;seeds=n2+b2
training_1_frame_040,mother_bud_pair,66.0,13.0,109.0,81.0,v6_mask_aware_pseudo_label,needs_review,two_nuclei_near_budneck; budneck_idx=1; mask_source=v6_ml_detection\sam_masks\prompted_mobile_sam_from_source_tifs\instances\training_1_frame_040.png; box_source=mask_union;seeds=n0+n1+b1
training_1_frame_040,early_bud_pair,134.0,93.0,181.0,146.0,v6_mask_aware_pseudo_label,needs_review,one_nucleus_near_budneck; budneck_idx=3; mask_source=v6_ml_detection\sam_masks\prompted_mobile_sam_from_source_tifs\instances\training_1_frame_040.png; box_source=mask_union;seeds=n2+b3
training_1_frame_041,mother_bud_pair,117.0,22.0,162.0,91.0,v6_mask_aware_pseudo_label,needs_review,two_nuclei_near_budneck; budneck_idx=0; mask_source=v6_ml_detection\sam_masks\prompted_mobile_sam_from_source_tifs\instances\training_1_frame_041.png; box_source=mask_union;seeds=n1+n0+b0
training_1_frame_041,mother_bud_pair,115.0,80.0,169.0,138.0,v6_mask_aware_pseudo_label,needs_review,two_nuclei_near_budneck; budneck_idx=1; mask_source=v6_ml_detection\sam_masks\prompted_mobile_sam_from_source_tifs\instances\training_1_frame_041.png; box_source=mask_union;seeds=n2+n3+b1
training_1_frame_042,mother_bud_pair,15.0,117.0,65.0,179.0,v6_mask_aware_pseudo_label,needs_review,two_nuclei_near_budneck; budneck_idx=4; mask_source=v6_ml_detection\sam_masks\prompted_mobile_sam_from_source_tifs\instances\training_1_frame_042.png; box_source=mask_union;seeds=n8+n7+b4
training_1_frame_042,mother_bud_pair,57.0,56.0,109.0,133.0,v6_mask_aware_pseudo_label,needs_review,two_nuclei_near_budneck; budneck_idx=3; mask_source=v6_ml_detection\sam_masks\prompted_mobile_sam_from_source_tifs\instances\training_1_frame_042.png; box_source=mask_union;seeds=n4+n6+b3
training_1_frame_042,mother_bud_pair,35.0,51.0,80.0,112.0,v6_mask_aware_pseudo_label,needs_review,two_nuclei_near_budneck; budneck_idx=2; mask_source=v6_ml_detection\sam_masks\prompted_mobile_sam_from_source_tifs\instances\training_1_frame_042.png; box_source=mask_union;seeds=n3+n5+b2
training_1_frame_042,mother_bud_pair,92.0,39.0,160.0,84.0,v6_mask_aware_pseudo_label,needs_review,two_nuclei_near_budneck; budneck_idx=1; mask_source=v6_ml_detection\sam_masks\prompted_mobile_sam_from_source_tifs\instances\training_1_frame_042.png; box_source=mask_union;seeds=n2+n1+b1
training_1_frame_042,early_bud_pair,99.0,16.0,151.0,55.0,v6_mask_aware_pseudo_label,needs_review,one_nucleus_near_budneck; budneck_idx=0; mask_source=v6_ml_detection\sam_masks\prompted_mobile_sam_from_source_tifs\instances\training_1_frame_042.png; box_source=mask_union;seeds=n0+b0
training_1_frame_043,mother_bud_pair,134.0,143.0,190.0,209.0,v6_mask_aware_pseudo_label,needs_review,two_nuclei_near_budneck; budneck_idx=1; mask_source=v6_ml_detection\sam_masks\prompted_mobile_sam_from_source_tifs\instances\training_1_frame_043.png; box_source=mask_union;seeds=n1+n2+b1
training_1_frame_043,mother_bud_pair,99.0,175.0,159.0,213.0,v6_mask_aware_pseudo_label,needs_review,two_nuclei_near_budneck; budneck_idx=2; mask_source=v6_ml_detection\sam_masks\prompted_mobile_sam_from_source_tifs\instances\training_1_frame_043.png; box_source=mask_union;seeds=n3+n4+b2
training_1_frame_043,early_bud_pair,0.0,25.0,26.0,66.0,v6_mask_aware_pseudo_label,needs_review,one_nucleus_near_budneck; budneck_idx=0; mask_source=v6_ml_detection\sam_masks\prompted_mobile_sam_from_source_tifs\instances\training_1_frame_043.png; box_source=mask_union;seeds=n0+b0
training_1_frame_044,mother_bud_pair,73.0,47.0,114.0,90.0,v6_mask_aware_pseudo_label,needs_review,two_nuclei_near_budneck; budneck_idx=0; mask_source=v6_ml_detection\sam_masks\prompted_mobile_sam_from_source_tifs\instances\training_1_frame_044.png; box_source=mask_union;seeds=n0+n1+b0
training_1_frame_044,mother_bud_pair,140.0,124.0,197.0,176.0,v6_mask_aware_pseudo_label,needs_review,two_nuclei_near_budneck; budneck_idx=3; mask_source=v6_ml_detection\sam_masks\prompted_mobile_sam_from_source_tifs\instances\training_1_frame_044.png; box_source=mask_union;seeds=n4+n5+b3
training_1_frame_044,early_bud_pair,201.0,115.0,238.0,156.0,v6_mask_aware_pseudo_label,needs_review,one_nucleus_near_budneck; budneck_idx=2; mask_source=v6_ml_detection\sam_masks\prompted_mobile_sam_from_source_tifs\instances\training_1_frame_044.png; box_source=mask_union;seeds=n3+b2
training_1_frame_044,early_bud_pair,75.0,79.0,126.0,116.0,v6_mask_aware_pseudo_label,needs_review,one_nucleus_near_budneck; budneck_idx=1; mask_source=v6_ml_detection\sam_masks\prompted_mobile_sam_from_source_tifs\instances\training_1_frame_044.png; box_source=mask_union;seeds=n2+b1
training_1_frame_045,mother_bud_pair,161.0,83.0,222.0,137.0,v6_mask_aware_pseudo_label,needs_review,two_nuclei_near_budneck; budneck_idx=4; mask_source=v6_ml_detection\sam_masks\prompted_mobile_sam_from_source_tifs\instances\training_1_frame_045.png; box_source=mask_union;seeds=n4+n5+b4
training_1_frame_045,mother_bud_pair,135.0,50.0,185.0,116.0,v6_mask_aware_pseudo_label,needs_review,two_nuclei_near_budneck; budneck_idx=2; mask_source=v6_ml_detection\sam_masks\prompted_mobile_sam_from_source_tifs\instances\training_1_frame_045.png; box_source=mask_union;seeds=n3+n1+b2
training_1_frame_045,mother_bud_pair,52.0,26.0,124.0,104.0,v6_mask_aware_pseudo_label,needs_review,two_nuclei_near_budneck; budneck_idx=0; mask_source=v6_ml_detection\sam_masks\prompted_mobile_sam_from_source_tifs\instances\training_1_frame_045.png; box_source=mask_union;seeds=n0+n2+b0
training_1_frame_046,mother_bud_pair,28.0,147.0,100.0,201.0,v6_mask_aware_pseudo_label,needs_review,two_nuclei_near_budneck; budneck_idx=4; mask_source=v6_ml_detection\sam_masks\prompted_mobile_sam_from_source_tifs\instances\training_1_frame_046.png; box_source=mask_union;seeds=n6+n5+b4
training_1_frame_046,mother_bud_pair,124.0,58.0,188.0,97.0,v6_mask_aware_pseudo_label,needs_review,two_nuclei_near_budneck; budneck_idx=2; mask_source=v6_ml_detection\sam_masks\prompted_mobile_sam_from_source_tifs\instances\training_1_frame_046.png; box_source=mask_union;seeds=n1+n2+b2
training_1_frame_046,mother_bud_pair,53.0,92.0,105.0,147.0,v6_mask_aware_pseudo_label,needs_review,two_nuclei_near_budneck; budneck_idx=3; mask_source=v6_ml_detection\sam_masks\prompted_mobile_sam_from_source_tifs\instances\training_1_frame_046.png; box_source=mask_union;seeds=n4+n3+b3
training_1_frame_046,early_bud_pair,125.0,26.0,192.0,68.0,v6_mask_aware_pseudo_label,needs_review,one_nucleus_near_budneck; budneck_idx=0; mask_source=v6_ml_detection\sam_masks\prompted_mobile_sam_from_source_tifs\instances\training_1_frame_046.png; box_source=mask_union;seeds=n0+b0
training_1_frame_046,single_cell,0.0,238.0,26.0,255.0,v6_mask_aware_pseudo_label,needs_review,unpaired_green_nucleus; nucleus_idx=7; mask_source=v6_ml_detection\sam_masks\prompted_mobile_sam_from_source_tifs\instances\training_1_frame_046.png; box_source=mask_union;seeds=n7
training_1_frame_047,mother_bud_pair,136.0,139.0,202.0,179.0,v6_mask_aware_pseudo_label,needs_review,two_nuclei_near_budneck; budneck_idx=2; mask_source=v6_ml_detection\sam_masks\prompted_mobile_sam_from_source_tifs\instances\training_1_frame_047.png; box_source=mask_union;seeds=n5+n4+b2
training_1_frame_047,mother_bud_pair,29.0,103.0,85.0,150.0,v6_mask_aware_pseudo_label,needs_review,two_nuclei_near_budneck; budneck_idx=0; mask_source=v6_ml_detection\sam_masks\prompted_mobile_sam_from_source_tifs\instances\training_1_frame_047.png; box_source=mask_union;seeds=n3+n2+b0
training_1_frame_047,early_bud_pair,184.0,101.0,231.0,142.0,v6_mask_aware_pseudo_label,needs_review,one_nucleus_near_budneck; budneck_idx=1; mask_source=v6_ml_detection\sam_masks\prompted_mobile_sam_from_source_tifs\instances\training_1_frame_047.png; box_source=mask_union;seeds=n1+b1
training_1_frame_047,single_cell,153.0,96.0,196.0,132.0,v6_mask_aware_pseudo_label,needs_review,unpaired_green_nucleus; nucleus_idx=0; mask_source=v6_ml_detection\sam_masks\prompted_mobile_sam_from_source_tifs\instances\training_1_frame_047.png; box_source=mask_union;seeds=n0
training_1_frame_048,mother_bud_pair,85.0,13.0,144.0,67.0,v6_mask_aware_pseudo_label,needs_review,two_nuclei_near_budneck; budneck_idx=0; mask_source=v6_ml_detection\sam_masks\prompted_mobile_sam_from_source_tifs\instances\training_1_frame_048.png; box_source=mask_union;seeds=n1+n0+b0
training_1_frame_048,mother_bud_pair,78.0,74.0,122.0,128.0,v6_mask_aware_pseudo_label,needs_review,two_nuclei_near_budneck; budneck_idx=1; mask_source=v6_ml_detection\sam_masks\prompted_mobile_sam_from_source_tifs\instances\training_1_frame_048.png; box_source=mask_union;seeds=n4+n3+b1
training_1_frame_048,single_cell,78.0,63.0,121.0,93.0,v6_mask_aware_pseudo_label,needs_review,unpaired_green_nucleus; nucleus_idx=2; mask_source=v6_ml_detection\sam_masks\prompted_mobile_sam_from_source_tifs\instances\training_1_frame_048.png; box_source=mask_union;seeds=n2
training_1_frame_048,single_cell,89.0,204.0,132.0,245.0,v6_mask_aware_pseudo_label,needs_review,unpaired_green_nucleus; nucleus_idx=5; mask_source=v6_ml_detection\sam_masks\prompted_mobile_sam_from_source_tifs\instances\training_1_frame_048.png; box_source=mask_union;seeds=n5
training_1_frame_049,mother_bud_pair,89.0,78.0,159.0,130.0,v6_mask_aware_pseudo_label,needs_review,two_nuclei_near_budneck; budneck_idx=3; mask_source=v6_ml_detection\sam_masks\prompted_mobile_sam_from_source_tifs\instances\training_1_frame_049.png; box_source=mask_union;seeds=n3+n4+b3
training_1_frame_049,mother_bud_pair,64.0,37.0,119.0,97.0,v6_mask_aware_pseudo_label,needs_review,two_nuclei_near_budneck; budneck_idx=0; mask_source=v6_ml_detection\sam_masks\prompted_mobile_sam_from_source_tifs\instances\training_1_frame_049.png; box_source=mask_union;seeds=n1+n0+b0
training_1_frame_049,early_bud_pair,161.0,233.0,204.0,255.0,v6_mask_aware_pseudo_label,needs_review,one_nucleus_near_budneck; budneck_idx=4; mask_source=v6_ml_detection\sam_masks\prompted_mobile_sam_from_source_tifs\instances\training_1_frame_049.png; box_source=mask_union;seeds=n5+b4
training_1_frame_049,early_bud_pair,106.0,56.0,159.0,97.0,v6_mask_aware_pseudo_label,needs_review,one_nucleus_near_budneck; budneck_idx=2; mask_source=v6_ml_detection\sam_masks\prompted_mobile_sam_from_source_tifs\instances\training_1_frame_049.png; box_source=mask_union;seeds=n2+b2
training_1_frame_050,mother_bud_pair,79.0,73.0,142.0,122.0,v6_mask_aware_pseudo_label,needs_review,two_nuclei_near_budneck; budneck_idx=0; mask_source=v6_ml_detection\sam_masks\prompted_mobile_sam_from_source_tifs\instances\training_1_frame_050.png; box_source=mask_union;seeds=n0+n1+b0
training_1_frame_050,early_bud_pair,60.0,209.0,97.0,251.0,v6_mask_aware_pseudo_label,needs_review,one_nucleus_near_budneck; budneck_idx=1; mask_source=v6_ml_detection\sam_masks\prompted_mobile_sam_from_source_tifs\instances\training_1_frame_050.png; box_source=mask_union;seeds=n4+b1
training_1_frame_050,single_cell,83.0,104.0,128.0,146.0,v6_mask_aware_pseudo_label,needs_review,unpaired_green_nucleus; nucleus_idx=2; mask_source=v6_ml_detection\sam_masks\prompted_mobile_sam_from_source_tifs\instances\training_1_frame_050.png; box_source=mask_union;seeds=n2
training_1_frame_050,single_cell,106.0,120.0,146.0,161.0,v6_mask_aware_pseudo_label,needs_review,unpaired_green_nucleus; nucleus_idx=3; mask_source=v6_ml_detection\sam_masks\prompted_mobile_sam_from_source_tifs\instances\training_1_frame_050.png; box_source=mask_union;seeds=n3
training_1_frame_051,mother_bud_pair,141.0,65.0,203.0,108.0,v6_mask_aware_pseudo_label,needs_review,two_nuclei_near_budneck; budneck_idx=1; mask_source=v6_ml_detection\sam_masks\prompted_mobile_sam_from_source_tifs\instances\training_1_frame_051.png; box_source=mask_union;seeds=n3+n1+b1
training_1_frame_051,mother_bud_pair,143.0,99.0,205.0,149.0,v6_mask_aware_pseudo_label,needs_review,two_nuclei_near_budneck; budneck_idx=4; mask_source=v6_ml_detection\sam_masks\prompted_mobile_sam_from_source_tifs\instances\training_1_frame_051.png; box_source=mask_union;seeds=n5+n4+b4
training_1_frame_051,early_bud_pair,15.0,59.0,75.0,98.0,v6_mask_aware_pseudo_label,needs_review,one_nucleus_near_budneck; budneck_idx=0; mask_source=v6_ml_detection\sam_masks\prompted_mobile_sam_from_source_tifs\instances\training_1_frame_051.png; box_source=mask_union;seeds=n0+b0
training_1_frame_051,early_bud_pair,63.0,62.0,107.0,125.0,v6_mask_aware_pseudo_label,needs_review,one_nucleus_near_budneck; budneck_idx=3; mask_source=v6_ml_detection\sam_masks\prompted_mobile_sam_from_source_tifs\instances\training_1_frame_051.png; box_source=mask_union;seeds=n2+b3
training_1_frame_052,mother_bud_pair,100.0,76.0,154.0,131.0,v6_mask_aware_pseudo_label,needs_review,two_nuclei_near_budneck; budneck_idx=1; mask_source=v6_ml_detection\sam_masks\prompted_mobile_sam_from_source_tifs\instances\training_1_frame_052.png; box_source=mask_union;seeds=n3+n4+b1
training_1_frame_052,early_bud_pair,107.0,70.0,176.0,130.0,v6_mask_aware_pseudo_label,needs_review,one_nucleus_near_budneck; budneck_idx=2; mask_source=v6_ml_detection\sam_masks\prompted_mobile_sam_from_source_tifs\instances\training_1_frame_052.png; box_source=mask_union;seeds=n1+b2
training_1_frame_052,early_bud_pair,4.0,72.0,46.0,109.0,v6_mask_aware_pseudo_label,needs_review,one_nucleus_near_budneck; budneck_idx=0; mask_source=v6_ml_detection\sam_masks\prompted_mobile_sam_from_source_tifs\instances\training_1_frame_052.png; box_source=mask_union;seeds=n2+b0
training_1_frame_052,single_cell,130.0,43.0,166.0,82.0,v6_mask_aware_pseudo_label,needs_review,unpaired_green_nucleus; nucleus_idx=0; mask_source=v6_ml_detection\sam_masks\prompted_mobile_sam_from_source_tifs\instances\training_1_frame_052.png; box_source=mask_union;seeds=n0
training_1_frame_053,mother_bud_pair,33.0,91.0,94.0,162.0,v6_mask_aware_pseudo_label,needs_review,two_nuclei_near_budneck; budneck_idx=4; mask_source=v6_ml_detection\sam_masks\prompted_mobile_sam_from_source_tifs\instances\training_1_frame_053.png; box_source=mask_union;seeds=n4+n7+b4
training_1_frame_053,mother_bud_pair,139.0,27.0,196.0,94.0,v6_mask_aware_pseudo_label,needs_review,two_nuclei_near_budneck; budneck_idx=1; mask_source=v6_ml_detection\sam_masks\prompted_mobile_sam_from_source_tifs\instances\training_1_frame_053.png; box_source=mask_union;seeds=n1+n0+b1
training_1_frame_053,mother_bud_pair,125.0,82.0,191.0,138.0,v6_mask_aware_pseudo_label,needs_review,two_nuclei_near_budneck; budneck_idx=3; mask_source=v6_ml_detection\sam_masks\prompted_mobile_sam_from_source_tifs\instances\training_1_frame_053.png; box_source=mask_union;seeds=n3+n5+b3
training_1_frame_053,early_bud_pair,56.0,76.0,110.0,116.0,v6_mask_aware_pseudo_label,needs_review,one_nucleus_near_budneck; budneck_idx=2; mask_source=v6_ml_detection\sam_masks\prompted_mobile_sam_from_source_tifs\instances\training_1_frame_053.png; box_source=mask_union;seeds=n2+b2
training_1_frame_053,single_cell,22.0,114.0,63.0,150.0,v6_mask_aware_pseudo_label,needs_review,unpaired_green_nucleus; nucleus_idx=6; mask_source=v6_ml_detection\sam_masks\prompted_mobile_sam_from_source_tifs\instances\training_1_frame_053.png; box_source=mask_union;seeds=n6
training_1_frame_054,mother_bud_pair,59.0,60.0,113.0,119.0,v6_mask_aware_pseudo_label,needs_review,two_nuclei_near_budneck; budneck_idx=0; mask_source=v6_ml_detection\sam_masks\prompted_mobile_sam_from_source_tifs\instances\training_1_frame_054.png; box_source=mask_union;seeds=n2+n0+b0
training_1_frame_054,mother_bud_pair,0.0,206.0,55.0,246.0,v6_mask_aware_pseudo_label,needs_review,two_nuclei_near_budneck; budneck_idx=4; mask_source=v6_ml_detection\sam_masks\prompted_mobile_sam_from_source_tifs\instances\training_1_frame_054.png; box_source=mask_union;seeds=n6+n7+b4
training_1_frame_054,mother_bud_pair,104.0,76.0,144.0,134.0,v6_mask_aware_pseudo_label,needs_review,two_nuclei_near_budneck; budneck_idx=1; mask_source=v6_ml_detection\sam_masks\prompted_mobile_sam_from_source_tifs\instances\training_1_frame_054.png; box_source=mask_union;seeds=n1+n3+b1
training_1_frame_054,early_bud_pair,70.0,104.0,116.0,150.0,v6_mask_aware_pseudo_label,needs_review,one_nucleus_near_budneck; budneck_idx=2; mask_source=v6_ml_detection\sam_masks\prompted_mobile_sam_from_source_tifs\instances\training_1_frame_054.png; box_source=mask_union;seeds=n4+b2
training_1_frame_054,early_bud_pair,19.0,172.0,78.0,215.0,v6_mask_aware_pseudo_label,needs_review,one_nucleus_near_budneck; budneck_idx=3; mask_source=v6_ml_detection\sam_masks\prompted_mobile_sam_from_source_tifs\instances\training_1_frame_054.png; box_source=mask_union;seeds=n5+b3
training_1_frame_055,mother_bud_pair,58.0,73.0,117.0,142.0,v6_mask_aware_pseudo_label,needs_review,two_nuclei_near_budneck; budneck_idx=4; mask_source=v6_ml_detection\sam_masks\prompted_mobile_sam_from_source_tifs\instances\training_1_frame_055.png; box_source=mask_union;seeds=n4+n7+b4
training_1_frame_055,mother_bud_pair,162.0,10.0,220.0,76.0,v6_mask_aware_pseudo_label,needs_review,two_nuclei_near_budneck; budneck_idx=1; mask_source=v6_ml_detection\sam_masks\prompted_mobile_sam_from_source_tifs\instances\training_1_frame_055.png; box_source=mask_union;seeds=n1+n0+b1
training_1_frame_055,mother_bud_pair,148.0,67.0,213.0,119.0,v6_mask_aware_pseudo_label,needs_review,two_nuclei_near_budneck; budneck_idx=5; mask_source=v6_ml_detection\sam_masks\prompted_mobile_sam_from_source_tifs\instances\training_1_frame_055.png; box_source=mask_union;seeds=n3+n5+b5
training_1_frame_055,early_bud_pair,88.0,60.0,134.0,93.0,v6_mask_aware_pseudo_label,needs_review,one_nucleus_near_budneck; budneck_idx=2; mask_source=v6_ml_detection\sam_masks\prompted_mobile_sam_from_source_tifs\instances\training_1_frame_055.png; box_source=mask_union;seeds=n2+b2
training_1_frame_055,single_cell,46.0,97.0,87.0,131.0,v6_mask_aware_pseudo_label,needs_review,unpaired_green_nucleus; nucleus_idx=6; mask_source=v6_ml_detection\sam_masks\prompted_mobile_sam_from_source_tifs\instances\training_1_frame_055.png; box_source=mask_union;seeds=n6
training_1_frame_056,mother_bud_pair,90.0,108.0,146.0,152.0,v6_mask_aware_pseudo_label,needs_review,two_nuclei_near_budneck; budneck_idx=2; mask_source=v6_ml_detection\sam_masks\prompted_mobile_sam_from_source_tifs\instances\training_1_frame_056.png; box_source=mask_union;seeds=n4+n3+b2
training_1_frame_056,mother_bud_pair,130.0,65.0,186.0,109.0,v6_mask_aware_pseudo_label,needs_review,two_nuclei_near_budneck; budneck_idx=1; mask_source=v6_ml_detection\sam_masks\prompted_mobile_sam_from_source_tifs\instances\training_1_frame_056.png; box_source=mask_union;seeds=n1+n0+b1
training_1_frame_056,single_cell,107.0,84.0,148.0,119.0,v6_mask_aware_pseudo_label,needs_review,unpaired_green_nucleus; nucleus_idx=2; mask_source=v6_ml_detection\sam_masks\prompted_mobile_sam_from_source_tifs\instances\training_1_frame_056.png; box_source=mask_union;seeds=n2
training_1_frame_057,mother_bud_pair,78.0,96.0,143.0,155.0,v6_mask_aware_pseudo_label,needs_review,two_nuclei_near_budneck; budneck_idx=4; mask_source=v6_ml_detection\sam_masks\prompted_mobile_sam_from_source_tifs\instances\training_1_frame_057.png; box_source=mask_union;seeds=n7+n9+b4
training_1_frame_057,mother_bud_pair,44.0,81.0,93.0,141.0,v6_mask_aware_pseudo_label,needs_review,two_nuclei_near_budneck; budneck_idx=3; mask_source=v6_ml_detection\sam_masks\prompted_mobile_sam_from_source_tifs\instances\training_1_frame_057.png; box_source=mask_union;seeds=n6+n8+b3
training_1_frame_057,mother_bud_pair,216.0,51.0,255.0,113.0,v6_mask_aware_pseudo_label,needs_review,two_nuclei_near_budneck; budneck_idx=2; mask_source=v6_ml_detection\sam_masks\prompted_mobile_sam_from_source_tifs\instances\training_1_frame_057.png; box_source=mask_union;seeds=n5+n4+b2
training_1_frame_057,mother_bud_pair,156.0,0.0,219.0,22.0,v6_mask_aware_pseudo_label,needs_review,two_nuclei_near_budneck; budneck_idx=0; mask_source=v6_ml_detection\sam_masks\prompted_mobile_sam_from_source_tifs\instances\training_1_frame_057.png; box_source=mask_union;seeds=n0+n1+b0
training_1_frame_057,mother_bud_pair,35.0,22.0,99.0,73.0,v6_mask_aware_pseudo_label,needs_review,two_nuclei_near_budneck; budneck_idx=1; mask_source=v6_ml_detection\sam_masks\prompted_mobile_sam_from_source_tifs\instances\training_1_frame_057.png; box_source=mask_union;seeds=n3+n2+b1
training_1_frame_058,mother_bud_pair,47.0,106.0,95.0,170.0,v6_mask_aware_pseudo_label,needs_review,two_nuclei_near_budneck; budneck_idx=3; mask_source=v6_ml_detection\sam_masks\prompted_mobile_sam_from_source_tifs\instances\training_1_frame_058.png; box_source=mask_union;seeds=n4+n3+b3
training_1_frame_058,mother_bud_pair,96.0,40.0,145.0,95.0,v6_mask_aware_pseudo_label,needs_review,two_nuclei_near_budneck; budneck_idx=2; mask_source=v6_ml_detection\sam_masks\prompted_mobile_sam_from_source_tifs\instances\training_1_frame_058.png; box_source=mask_union;seeds=n1+n0+b2
training_1_frame_058,early_bud_pair,129.0,44.0,173.0,88.0,v6_mask_aware_pseudo_label,needs_review,one_nucleus_near_budneck; budneck_idx=1; mask_source=v6_ml_detection\sam_masks\prompted_mobile_sam_from_source_tifs\instances\training_1_frame_058.png; box_source=mask_union;seeds=n2+b1
training_1_frame_059,mother_bud_pair,84.0,8.0,127.0,77.0,v6_mask_aware_pseudo_label,needs_review,two_nuclei_near_budneck; budneck_idx=2; mask_source=v6_ml_detection\sam_masks\prompted_mobile_sam_from_source_tifs\instances\training_1_frame_059.png; box_source=mask_union;seeds=n3+n1+b2
training_1_frame_059,mother_bud_pair,33.0,111.0,76.0,177.0,v6_mask_aware_pseudo_label,needs_review,two_nuclei_near_budneck; budneck_idx=3; mask_source=v6_ml_detection\sam_masks\prompted_mobile_sam_from_source_tifs\instances\training_1_frame_059.png; box_source=mask_union;seeds=n4+n6+b3
training_1_frame_059,mother_bud_pair,127.0,6.0,183.0,52.0,v6_mask_aware_pseudo_label,needs_review,two_nuclei_near_budneck; budneck_idx=1; mask_source=v6_ml_detection\sam_masks\prompted_mobile_sam_from_source_tifs\instances\training_1_frame_059.png; box_source=mask_union;seeds=n0+n2+b1
training_1_frame_059,early_bud_pair,60.0,119.0,102.0,158.0,v6_mask_aware_pseudo_label,needs_review,one_nucleus_near_budneck; budneck_idx=4; mask_source=v6_ml_detection\sam_masks\prompted_mobile_sam_from_source_tifs\instances\training_1_frame_059.png; box_source=mask_union;seeds=n5+b4
training_1_frame_060,mother_bud_pair,120.0,119.0,170.0,182.0,v6_mask_aware_pseudo_label,needs_review,two_nuclei_near_budneck; budneck_idx=8; mask_source=v6_ml_detection\sam_masks\prompted_mobile_sam_from_source_tifs\instances\training_1_frame_060.png; box_source=mask_union;seeds=n6+n4+b8
training_1_frame_060,mother_bud_pair,44.0,51.0,83.0,103.0,v6_mask_aware_pseudo_label,needs_review,two_nuclei_near_budneck; budneck_idx=0; mask_source=v6_ml_detection\sam_masks\prompted_mobile_sam_from_source_tifs\instances\training_1_frame_060.png; box_source=mask_union;seeds=n0+n1+b0
training_1_frame_060,mother_bud_pair,62.0,104.0,117.0,162.0,v6_mask_aware_pseudo_label,needs_review,two_nuclei_near_budneck; budneck_idx=6; mask_source=v6_ml_detection\sam_masks\prompted_mobile_sam_from_source_tifs\instances\training_1_frame_060.png; box_source=mask_union;seeds=n5+n3+b6
training_1_frame_060,early_bud_pair,34.0,95.0,80.0,141.0,v6_mask_aware_pseudo_label,needs_review,one_nucleus_near_budneck; budneck_idx=4; mask_source=v6_ml_detection\sam_masks\prompted_mobile_sam_from_source_tifs\instances\training_1_frame_060.png; box_source=mask_union;seeds=n2+b4
training_1_frame_061,mother_bud_pair,109.0,49.0,158.0,103.0,v6_mask_aware_pseudo_label,needs_review,two_nuclei_near_budneck; budneck_idx=0; mask_source=v6_ml_detection\sam_masks\prompted_mobile_sam_from_source_tifs\instances\training_1_frame_061.png; box_source=mask_union;seeds=n0+n1+b0
training_1_frame_061,single_cell,82.0,73.0,118.0,113.0,v6_mask_aware_pseudo_label,needs_review,unpaired_green_nucleus; nucleus_idx=2; mask_source=v6_ml_detection\sam_masks\prompted_mobile_sam_from_source_tifs\instances\training_1_frame_061.png; box_source=mask_union;seeds=n2
training_1_frame_062,mother_bud_pair,51.0,63.0,101.0,127.0,v6_mask_aware_pseudo_label,needs_review,two_nuclei_near_budneck; budneck_idx=2; mask_source=v6_ml_detection\sam_masks\prompted_mobile_sam_from_source_tifs\instances\training_1_frame_062.png; box_source=mask_union;seeds=n2+n1+b2
training_1_frame_062,early_bud_pair,46.0,103.0,83.0,148.0,v6_mask_aware_pseudo_label,needs_review,one_nucleus_near_budneck; budneck_idx=3; mask_source=v6_ml_detection\sam_masks\prompted_mobile_sam_from_source_tifs\instances\training_1_frame_062.png; box_source=mask_union;seeds=n3+b3
training_1_frame_062,early_bud_pair,8.0,0.0,55.0,18.0,v6_mask_aware_pseudo_label,needs_review,one_nucleus_near_budneck; budneck_idx=0; mask_source=v6_ml_detection\sam_masks\prompted_mobile_sam_from_source_tifs\instances\training_1_frame_062.png; box_source=mask_union;seeds=n0+b0
training_1_frame_063,mother_bud_pair,93.0,25.0,142.0,88.0,v6_mask_aware_pseudo_label,needs_review,two_nuclei_near_budneck; budneck_idx=1; mask_source=v6_ml_detection\sam_masks\prompted_mobile_sam_from_source_tifs\instances\training_1_frame_063.png; box_source=mask_union;seeds=n2+n1+b1
training_1_frame_063,early_bud_pair,85.0,58.0,130.0,98.0,v6_mask_aware_pseudo_label,needs_review,one_nucleus_near_budneck; budneck_idx=3; mask_source=v6_ml_detection\sam_masks\prompted_mobile_sam_from_source_tifs\instances\training_1_frame_063.png; box_source=mask_union;seeds=n3+b3
training_1_frame_063,early_bud_pair,87.0,7.0,127.0,42.0,v6_mask_aware_pseudo_label,needs_review,one_nucleus_near_budneck; budneck_idx=0; mask_source=v6_ml_detection\sam_masks\prompted_mobile_sam_from_source_tifs\instances\training_1_frame_063.png; box_source=mask_union;seeds=n0+b0
training_1_frame_064,mother_bud_pair,83.0,158.0,131.0,221.0,v6_mask_aware_pseudo_label,needs_review,two_nuclei_near_budneck; budneck_idx=3; mask_source=v6_ml_detection\sam_masks\prompted_mobile_sam_from_source_tifs\instances\training_1_frame_064.png; box_source=mask_union;seeds=n6+n3+b3
training_1_frame_064,mother_bud_pair,102.0,162.0,166.0,210.0,v6_mask_aware_pseudo_label,needs_review,two_nuclei_near_budneck; budneck_idx=2; mask_source=v6_ml_detection\sam_masks\prompted_mobile_sam_from_source_tifs\instances\training_1_frame_064.png; box_source=mask_union;seeds=n4+n5+b2
training_1_frame_064,mother_bud_pair,13.0,79.0,75.0,130.0,v6_mask_aware_pseudo_label,needs_review,two_nuclei_near_budneck; budneck_idx=1; mask_source=v6_ml_detection\sam_masks\prompted_mobile_sam_from_source_tifs\instances\training_1_frame_064.png; box_source=mask_union;seeds=n1+n2+b1
training_1_frame_064,early_bud_pair,156.0,58.0,213.0,104.0,v6_mask_aware_pseudo_label,needs_review,one_nucleus_near_budneck; budneck_idx=0; mask_source=v6_ml_detection\sam_masks\prompted_mobile_sam_from_source_tifs\instances\training_1_frame_064.png; box_source=mask_union;seeds=n0+b0
training_2_frame_000,mother_bud_pair,164.0,35.0,201.0,71.0,v6_mask_aware_pseudo_label,needs_review,two_nuclei_near_budneck; budneck_idx=2; mask_source=v6_ml_detection\sam_masks\prompted_mobile_sam_from_source_tifs\instances\training_2_frame_000.png; box_source=mask_union;seeds=n1+n0+b2
training_2_frame_000,early_bud_pair,67.0,179.0,106.0,239.0,v6_mask_aware_pseudo_label,needs_review,one_nucleus_near_budneck; budneck_idx=5; mask_source=v6_ml_detection\sam_masks\prompted_mobile_sam_from_source_tifs\instances\training_2_frame_000.png; box_source=mask_union;seeds=n2+b5
training_2_frame_001,mother_bud_pair,101.0,103.0,176.0,160.0,v6_mask_aware_pseudo_label,needs_review,two_nuclei_near_budneck; budneck_idx=2; mask_source=v6_ml_detection\sam_masks\prompted_mobile_sam_from_source_tifs\instances\training_2_frame_001.png; box_source=mask_union;seeds=n2+n3+b2
training_2_frame_001,mother_bud_pair,124.0,131.0,191.0,190.0,v6_mask_aware_pseudo_label,needs_review,two_nuclei_near_budneck; budneck_idx=3; mask_source=v6_ml_detection\sam_masks\prompted_mobile_sam_from_source_tifs\instances\training_2_frame_001.png; box_source=mask_union;seeds=n5+n4+b3
training_2_frame_001,early_bud_pair,87.0,73.0,129.0,125.0,v6_mask_aware_pseudo_label,needs_review,one_nucleus_near_budneck; budneck_idx=1; mask_source=v6_ml_detection\sam_masks\prompted_mobile_sam_from_source_tifs\instances\training_2_frame_001.png; box_source=mask_union;seeds=n1+b1
training_2_frame_001,early_bud_pair,29.0,29.0,66.0,71.0,v6_mask_aware_pseudo_label,needs_review,one_nucleus_near_budneck; budneck_idx=0; mask_source=v6_ml_detection\sam_masks\prompted_mobile_sam_from_source_tifs\instances\training_2_frame_001.png; box_source=mask_union;seeds=n0+b0
training_2_frame_002,mother_bud_pair,149.0,87.0,210.0,140.0,v6_mask_aware_pseudo_label,needs_review,two_nuclei_near_budneck; budneck_idx=3; mask_source=v6_ml_detection\sam_masks\prompted_mobile_sam_from_source_tifs\instances\training_2_frame_002.png; box_source=mask_union;seeds=n5+n3+b3
training_2_frame_002,mother_bud_pair,177.0,55.0,233.0,110.0,v6_mask_aware_pseudo_label,needs_review,two_nuclei_near_budneck; budneck_idx=1; mask_source=v6_ml_detection\sam_masks\prompted_mobile_sam_from_source_tifs\instances\training_2_frame_002.png; box_source=mask_union;seeds=n0+n2+b1
training_2_frame_002,mother_bud_pair,197.0,93.0,254.0,156.0,v6_mask_aware_pseudo_label,needs_review,two_nuclei_near_budneck; budneck_idx=4; mask_source=v6_ml_detection\sam_masks\prompted_mobile_sam_from_source_tifs\instances\training_2_frame_002.png; box_source=mask_union;seeds=n6+n4+b4
training_2_frame_002,early_bud_pair,0.0,53.0,46.0,115.0,v6_mask_aware_pseudo_label,needs_review,one_nucleus_near_budneck; budneck_idx=0; mask_source=v6_ml_detection\sam_masks\prompted_mobile_sam_from_source_tifs\instances\training_2_frame_002.png; box_source=mask_union;seeds=n1+b0
training_2_frame_003,mother_bud_pair,13.0,49.0,79.0,110.0,v6_mask_aware_pseudo_label,needs_review,two_nuclei_near_budneck; budneck_idx=0; mask_source=v6_ml_detection\sam_masks\prompted_mobile_sam_from_source_tifs\instances\training_2_frame_003.png; box_source=mask_union;seeds=n1+n0+b0
training_2_frame_003,mother_bud_pair,68.0,99.0,125.0,164.0,v6_mask_aware_pseudo_label,needs_review,two_nuclei_near_budneck; budneck_idx=3; mask_source=v6_ml_detection\sam_masks\prompted_mobile_sam_from_source_tifs\instances\training_2_frame_003.png; box_source=mask_union;seeds=n6+n4+b3
training_2_frame_003,mother_bud_pair,34.0,94.0,97.0,142.0,v6_mask_aware_pseudo_label,needs_review,two_nuclei_near_budneck; budneck_idx=2; mask_source=v6_ml_detection\sam_masks\prompted_mobile_sam_from_source_tifs\instances\training_2_frame_003.png; box_source=mask_union;seeds=n5+n3+b2
training_2_frame_003,mother_bud_pair,153.0,210.0,215.0,255.0,v6_mask_aware_pseudo_label,needs_review,two_nuclei_near_budneck; budneck_idx=4; mask_source=v6_ml_detection\sam_masks\prompted_mobile_sam_from_source_tifs\instances\training_2_frame_003.png; box_source=mask_union;seeds=n8+n7+b4
training_2_frame_003,early_bud_pair,139.0,80.0,178.0,120.0,v6_mask_aware_pseudo_label,needs_review,one_nucleus_near_budneck; budneck_idx=1; mask_source=v6_ml_detection\sam_masks\prompted_mobile_sam_from_source_tifs\instances\training_2_frame_003.png; box_source=mask_union;seeds=n2+b1
training_2_frame_003,early_bud_pair,135.0,227.0,195.0,255.0,v6_mask_aware_pseudo_label,needs_review,one_nucleus_near_budneck; budneck_idx=5; mask_source=v6_ml_detection\sam_masks\prompted_mobile_sam_from_source_tifs\instances\training_2_frame_003.png; box_source=mask_union;seeds=n9+b5
training_2_frame_004,mother_bud_pair,168.0,59.0,231.0,138.0,v6_mask_aware_pseudo_label,needs_review,two_nuclei_near_budneck; budneck_idx=2; mask_source=v6_ml_detection\sam_masks\prompted_mobile_sam_from_source_tifs\instances\training_2_frame_004.png; box_source=mask_union;seeds=n2+n4+b2
training_2_frame_004,mother_bud_pair,156.0,27.0,207.0,90.0,v6_mask_aware_pseudo_label,needs_review,two_nuclei_near_budneck; budneck_idx=0; mask_source=v6_ml_detection\sam_masks\prompted_mobile_sam_from_source_tifs\instances\training_2_frame_004.png; box_source=mask_union;seeds=n0+n1+b0
training_2_frame_004,early_bud_pair,80.0,65.0,125.0,114.0,v6_mask_aware_pseudo_label,needs_review,one_nucleus_near_budneck; budneck_idx=1; mask_source=v6_ml_detection\sam_masks\prompted_mobile_sam_from_source_tifs\instances\training_2_frame_004.png; box_source=mask_union;seeds=n3+b1
training_2_frame_004,early_bud_pair,4.0,110.0,47.0,163.0,v6_mask_aware_pseudo_label,needs_review,one_nucleus_near_budneck; budneck_idx=3; mask_source=v6_ml_detection\sam_masks\prompted_mobile_sam_from_source_tifs\instances\training_2_frame_004.png; box_source=mask_union;seeds=n5+b3
training_2_frame_005,mother_bud_pair,48.0,130.0,117.0,188.0,v6_mask_aware_pseudo_label,needs_review,two_nuclei_near_budneck; budneck_idx=1; mask_source=v6_ml_detection\sam_masks\prompted_mobile_sam_from_source_tifs\instances\training_2_frame_005.png; box_source=mask_union;seeds=n3+n4+b1
training_2_frame_005,early_bud_pair,177.0,0.0,219.0,54.0,v6_mask_aware_pseudo_label,needs_review,one_nucleus_near_budneck; budneck_idx=0; mask_source=v6_ml_detection\sam_masks\prompted_mobile_sam_from_source_tifs\instances\training_2_frame_005.png; box_source=mask_union;seeds=n0+b0
training_2_frame_005,single_cell,146.0,13.0,187.0,58.0,v6_mask_aware_pseudo_label,needs_review,unpaired_green_nucleus; nucleus_idx=1; mask_source=v6_ml_detection\sam_masks\prompted_mobile_sam_from_source_tifs\instances\training_2_frame_005.png; box_source=mask_union;seeds=n1
training_2_frame_005,single_cell,161.0,39.0,208.0,80.0,v6_mask_aware_pseudo_label,needs_review,unpaired_green_nucleus; nucleus_idx=2; mask_source=v6_ml_detection\sam_masks\prompted_mobile_sam_from_source_tifs\instances\training_2_frame_005.png; box_source=mask_union;seeds=n2
training_2_frame_006,mother_bud_pair,82.0,91.0,125.0,166.0,v6_mask_aware_pseudo_label,needs_review,two_nuclei_near_budneck; budneck_idx=1; mask_source=v6_ml_detection\sam_masks\prompted_mobile_sam_from_source_tifs\instances\training_2_frame_006.png; box_source=mask_union;seeds=n2+n0+b1
training_2_frame_006,mother_bud_pair,75.0,147.0,148.0,199.0,v6_mask_aware_pseudo_label,needs_review,two_nuclei_near_budneck; budneck_idx=4; mask_source=v6_ml_detection\sam_masks\prompted_mobile_sam_from_source_tifs\instances\training_2_frame_006.png; box_source=mask_union;seeds=n4+n3+b4
training_2_frame_006,mother_bud_pair,119.0,122.0,162.0,202.0,v6_mask_aware_pseudo_label,needs_review,two_nuclei_near_budneck; budneck_idx=3; mask_source=v6_ml_detection\sam_masks\prompted_mobile_sam_from_source_tifs\instances\training_2_frame_006.png; box_source=mask_union;seeds=n1+n5+b3
training_2_frame_007,mother_bud_pair,129.0,66.0,175.0,133.0,v6_mask_aware_pseudo_label,needs_review,two_nuclei_near_budneck; budneck_idx=5; mask_source=v6_ml_detection\sam_masks\prompted_mobile_sam_from_source_tifs\instances\training_2_frame_007.png; box_source=mask_union;seeds=n4+n1+b5
training_2_frame_007,mother_bud_pair,165.0,73.0,218.0,126.0,v6_mask_aware_pseudo_label,needs_review,two_nuclei_near_budneck; budneck_idx=4; mask_source=v6_ml_detection\sam_masks\prompted_mobile_sam_from_source_tifs\instances\training_2_frame_007.png; box_source=mask_union;seeds=n3+n2+b4
training_2_frame_007,early_bud_pair,111.0,39.0,164.0,75.0,v6_mask_aware_pseudo_label,needs_review,one_nucleus_near_budneck; budneck_idx=1; mask_source=v6_ml_detection\sam_masks\prompted_mobile_sam_from_source_tifs\instances\training_2_frame_007.png; box_source=mask_union;seeds=n0+b1
training_2_frame_008,mother_bud_pair,47.0,18.0,106.0,88.0,v6_mask_aware_pseudo_label,needs_review,two_nuclei_near_budneck; budneck_idx=1; mask_source=v6_ml_detection\sam_masks\prompted_mobile_sam_from_source_tifs\instances\training_2_frame_008.png; box_source=mask_union;seeds=n3+n1+b1
training_2_frame_008,mother_bud_pair,8.0,14.0,70.0,67.0,v6_mask_aware_pseudo_label,needs_review,two_nuclei_near_budneck; budneck_idx=0; mask_source=v6_ml_detection\sam_masks\prompted_mobile_sam_from_source_tifs\instances\training_2_frame_008.png; box_source=mask_union;seeds=n2+n0+b0
training_2_frame_008,mother_bud_pair,138.0,72.0,202.0,132.0,v6_mask_aware_pseudo_label,needs_review,two_nuclei_near_budneck; budneck_idx=3; mask_source=v6_ml_detection\sam_masks\prompted_mobile_sam_from_source_tifs\instances\training_2_frame_008.png; box_source=mask_union;seeds=n6+n5+b3
training_2_frame_008,mother_bud_pair,152.0,121.0,222.0,167.0,v6_mask_aware_pseudo_label,needs_review,two_nuclei_near_budneck; budneck_idx=4; mask_source=v6_ml_detection\sam_masks\prompted_mobile_sam_from_source_tifs\instances\training_2_frame_008.png; box_source=mask_union;seeds=n7+n8+b4
training_2_frame_008,early_bud_pair,79.0,40.0,137.0,84.0,v6_mask_aware_pseudo_label,needs_review,one_nucleus_near_budneck; budneck_idx=2; mask_source=v6_ml_detection\sam_masks\prompted_mobile_sam_from_source_tifs\instances\training_2_frame_008.png; box_source=mask_union;seeds=n4+b2
training_2_frame_009,mother_bud_pair,16.0,118.0,80.0,170.0,v6_mask_aware_pseudo_label,needs_review,two_nuclei_near_budneck; budneck_idx=1; mask_source=v6_ml_detection\sam_masks\prompted_mobile_sam_from_source_tifs\instances\training_2_frame_009.png; box_source=mask_union;seeds=n2+n3+b1
training_2_frame_009,mother_bud_pair,60.0,139.0,114.0,187.0,v6_mask_aware_pseudo_label,needs_review,two_nuclei_near_budneck; budneck_idx=3; mask_source=v6_ml_detection\sam_masks\prompted_mobile_sam_from_source_tifs\instances\training_2_frame_009.png; box_source=mask_union;seeds=n5+n4+b3
training_2_frame_009,mother_bud_pair,76.0,91.0,137.0,142.0,v6_mask_aware_pseudo_label,needs_review,two_nuclei_near_budneck; budneck_idx=0; mask_source=v6_ml_detection\sam_masks\prompted_mobile_sam_from_source_tifs\instances\training_2_frame_009.png; box_source=mask_union;seeds=n1+n0+b0
training_2_frame_010,mother_bud_pair,96.0,40.0,137.0,120.0,v6_mask_aware_pseudo_label,needs_review,two_nuclei_near_budneck; budneck_idx=0; mask_source=v6_ml_detection\sam_masks\prompted_mobile_sam_from_source_tifs\instances\training_2_frame_010.png; box_source=mask_union;seeds=n0+n4+b0
training_2_frame_010,mother_bud_pair,60.0,91.0,116.0,146.0,v6_mask_aware_pseudo_label,needs_review,two_nuclei_near_budneck; budneck_idx=4; mask_source=v6_ml_detection\sam_masks\prompted_mobile_sam_from_source_tifs\instances\training_2_frame_010.png; box_source=mask_union;seeds=n5+n3+b4
training_2_frame_010,mother_bud_pair,23.0,64.0,78.0,125.0,v6_mask_aware_pseudo_label,needs_review,two_nuclei_near_budneck; budneck_idx=3; mask_source=v6_ml_detection\sam_masks\prompted_mobile_sam_from_source_tifs\instances\training_2_frame_010.png; box_source=mask_union;seeds=n2+n1+b3
training_2_frame_011,mother_bud_pair,127.0,97.0,186.0,162.0,v6_mask_aware_pseudo_label,needs_review,two_nuclei_near_budneck; budneck_idx=1; mask_source=v6_ml_detection\sam_masks\prompted_mobile_sam_from_source_tifs\instances\training_2_frame_011.png; box_source=mask_union;seeds=n5+n2+b1
training_2_frame_011,mother_bud_pair,106.0,93.0,159.0,156.0,v6_mask_aware_pseudo_label,needs_review,two_nuclei_near_budneck; budneck_idx=0; mask_source=v6_ml_detection\sam_masks\prompted_mobile_sam_from_source_tifs\instances\training_2_frame_011.png; box_source=mask_union;seeds=n4+n3+b0
training_2_frame_011,single_cell,115.0,70.0,155.0,112.0,v6_mask_aware_pseudo_label,needs_review,unpaired_green_nucleus; nucleus_idx=0; mask_source=v6_ml_detection\sam_masks\prompted_mobile_sam_from_source_tifs\instances\training_2_frame_011.png; box_source=mask_union;seeds=n0
training_2_frame_011,single_cell,93.0,89.0,124.0,124.0,v6_mask_aware_pseudo_label,needs_review,unpaired_green_nucleus; nucleus_idx=1; mask_source=v6_ml_detection\sam_masks\prompted_mobile_sam_from_source_tifs\instances\training_2_frame_011.png; box_source=mask_union;seeds=n1
training_2_frame_012,mother_bud_pair,107.0,8.0,169.0,75.0,v6_mask_aware_pseudo_label,needs_review,two_nuclei_near_budneck; budneck_idx=0; mask_source=v6_ml_detection\sam_masks\prompted_mobile_sam_from_source_tifs\instances\training_2_frame_012.png; box_source=mask_union;seeds=n1+n0+b0
training_2_frame_012,mother_bud_pair,145.0,55.0,209.0,125.0,v6_mask_aware_pseudo_label,needs_review,two_nuclei_near_budneck; budneck_idx=1; mask_source=v6_ml_detection\sam_masks\prompted_mobile_sam_from_source_tifs\instances\training_2_frame_012.png; box_source=mask_union;seeds=n4+n3+b1
training_2_frame_012,single_cell,177.0,61.0,217.0,99.0,v6_mask_aware_pseudo_label,needs_review,unpaired_green_nucleus; nucleus_idx=2; mask_source=v6_ml_detection\sam_masks\prompted_mobile_sam_from_source_tifs\instances\training_2_frame_012.png; box_source=mask_union;seeds=n2
training_2_frame_013,mother_bud_pair,177.0,103.0,236.0,162.0,v6_mask_aware_pseudo_label,needs_review,two_nuclei_near_budneck; budneck_idx=4; mask_source=v6_ml_detection\sam_masks\prompted_mobile_sam_from_source_tifs\instances\training_2_frame_013.png; box_source=mask_union;seeds=n7+n6+b4
training_2_frame_013,mother_bud_pair,41.0,25.0,96.0,96.0,v6_mask_aware_pseudo_label,needs_review,two_nuclei_near_budneck; budneck_idx=1; mask_source=v6_ml_detection\sam_masks\prompted_mobile_sam_from_source_tifs\instances\training_2_frame_013.png; box_source=mask_union;seeds=n2+n0+b1
training_2_frame_013,mother_bud_pair,127.0,53.0,193.0,96.0,v6_mask_aware_pseudo_label,needs_review,two_nuclei_near_budneck; budneck_idx=2; mask_source=v6_ml_detection\sam_masks\prompted_mobile_sam_from_source_tifs\instances\training_2_frame_013.png; box_source=mask_union;seeds=n3+n1+b2
training_2_frame_013,mother_bud_pair,26.0,62.0,77.0,124.0,v6_mask_aware_pseudo_label,needs_review,two_nuclei_near_budneck; budneck_idx=3; mask_source=v6_ml_detection\sam_masks\prompted_mobile_sam_from_source_tifs\instances\training_2_frame_013.png; box_source=mask_union;seeds=n5+n4+b3
training_2_frame_013,single_cell,209.0,129.0,245.0,166.0,v6_mask_aware_pseudo_label,needs_review,unpaired_green_nucleus; nucleus_idx=8; mask_source=v6_ml_detection\sam_masks\prompted_mobile_sam_from_source_tifs\instances\training_2_frame_013.png; box_source=mask_union;seeds=n8
training_2_frame_014,mother_bud_pair,76.0,111.0,144.0,172.0,v6_mask_aware_pseudo_label,needs_review,two_nuclei_near_budneck; budneck_idx=2; mask_source=v6_ml_detection\sam_masks\prompted_mobile_sam_from_source_tifs\instances\training_2_frame_014.png; box_source=mask_union;seeds=n4+n7+b2
training_2_frame_014,mother_bud_pair,48.0,0.0,101.0,39.0,v6_mask_aware_pseudo_label,needs_review,two_nuclei_near_budneck; budneck_idx=0; mask_source=v6_ml_detection\sam_masks\prompted_mobile_sam_from_source_tifs\instances\training_2_frame_014.png; box_source=mask_union;seeds=n0+n1+b0
training_2_frame_014,mother_bud_pair,140.0,103.0,207.0,151.0,v6_mask_aware_pseudo_label,needs_review,two_nuclei_near_budneck; budneck_idx=1; mask_source=v6_ml_detection\sam_masks\prompted_mobile_sam_from_source_tifs\instances\training_2_frame_014.png; box_source=mask_union;seeds=n5+n3+b1
training_2_frame_014,early_bud_pair,123.0,132.0,180.0,192.0,v6_mask_aware_pseudo_label,needs_review,one_nucleus_near_budneck; budneck_idx=3; mask_source=v6_ml_detection\sam_masks\prompted_mobile_sam_from_source_tifs\instances\training_2_frame_014.png; box_source=mask_union;seeds=n6+b3
training_2_frame_014,single_cell,51.0,15.0,83.0,53.0,v6_mask_aware_pseudo_label,needs_review,unpaired_green_nucleus; nucleus_idx=2; mask_source=v6_ml_detection\sam_masks\prompted_mobile_sam_from_source_tifs\instances\training_2_frame_014.png; box_source=mask_union;seeds=n2
training_2_frame_015,mother_bud_pair,98.0,71.0,163.0,125.0,v6_mask_aware_pseudo_label,needs_review,two_nuclei_near_budneck; budneck_idx=1; mask_source=v6_ml_detection\sam_masks\prompted_mobile_sam_from_source_tifs\instances\training_2_frame_015.png; box_source=mask_union;seeds=n2+n3+b1
training_2_frame_015,mother_bud_pair,81.0,51.0,143.0,96.0,v6_mask_aware_pseudo_label,needs_review,two_nuclei_near_budneck; budneck_idx=0; mask_source=v6_ml_detection\sam_masks\prompted_mobile_sam_from_source_tifs\instances\training_2_frame_015.png; box_source=mask_union;seeds=n0+n1+b0
training_2_frame_015,early_bud_pair,98.0,100.0,161.0,138.0,v6_mask_aware_pseudo_label,needs_review,one_nucleus_near_budneck; budneck_idx=2; mask_source=v6_ml_detection\sam_masks\prompted_mobile_sam_from_source_tifs\instances\training_2_frame_015.png; box_source=mask_union;seeds=n4+b2
training_2_frame_016,early_bud_pair,127.0,78.0,166.0,129.0,v6_mask_aware_pseudo_label,needs_review,one_nucleus_near_budneck; budneck_idx=0; mask_source=v6_ml_detection\sam_masks\prompted_mobile_sam_from_source_tifs\instances\training_2_frame_016.png; box_source=mask_union;seeds=n2+b0
training_2_frame_016,single_cell,113.0,48.0,158.0,96.0,v6_mask_aware_pseudo_label,needs_review,unpaired_green_nucleus; nucleus_idx=0; mask_source=v6_ml_detection\sam_masks\prompted_mobile_sam_from_source_tifs\instances\training_2_frame_016.png; box_source=mask_union;seeds=n0
training_2_frame_016,single_cell,78.0,58.0,122.0,110.0,v6_mask_aware_pseudo_label,needs_review,unpaired_green_nucleus; nucleus_idx=1; mask_source=v6_ml_detection\sam_masks\prompted_mobile_sam_from_source_tifs\instances\training_2_frame_016.png; box_source=mask_union;seeds=n1
training_2_frame_017,mother_bud_pair,75.0,72.0,147.0,119.0,v6_mask_aware_pseudo_label,needs_review,two_nuclei_near_budneck; budneck_idx=2; mask_source=v6_ml_detection\sam_masks\prompted_mobile_sam_from_source_tifs\instances\training_2_frame_017.png; box_source=mask_union;seeds=n3+n4+b2
training_2_frame_017,mother_bud_pair,91.0,115.0,149.0,174.0,v6_mask_aware_pseudo_label,needs_review,two_nuclei_near_budneck; budneck_idx=4; mask_source=v6_ml_detection\sam_masks\prompted_mobile_sam_from_source_tifs\instances\training_2_frame_017.png; box_source=mask_union;seeds=n5+n6+b4
training_2_frame_017,mother_bud_pair,125.0,26.0,173.0,85.0,v6_mask_aware_pseudo_label,needs_review,two_nuclei_near_budneck; budneck_idx=0; mask_source=v6_ml_detection\sam_masks\prompted_mobile_sam_from_source_tifs\instances\training_2_frame_017.png; box_source=mask_union;seeds=n2+n0+b0
training_2_frame_017,early_bud_pair,113.0,39.0,149.0,82.0,v6_mask_aware_pseudo_label,needs_review,one_nucleus_near_budneck; budneck_idx=1; mask_source=v6_ml_detection\sam_masks\prompted_mobile_sam_from_source_tifs\instances\training_2_frame_017.png; box_source=mask_union;seeds=n1+b1
training_2_frame_018,mother_bud_pair,139.0,132.0,202.0,193.0,v6_mask_aware_pseudo_label,needs_review,two_nuclei_near_budneck; budneck_idx=0; mask_source=v6_ml_detection\sam_masks\prompted_mobile_sam_from_source_tifs\instances\training_2_frame_018.png; box_source=mask_union;seeds=n5+n3+b0
training_2_frame_018,single_cell,104.0,109.0,146.0,156.0,v6_mask_aware_pseudo_label,needs_review,unpaired_green_nucleus; nucleus_idx=0; mask_source=v6_ml_detection\sam_masks\prompted_mobile_sam_from_source_tifs\instances\training_2_frame_018.png; box_source=mask_union;seeds=n0
training_2_frame_018,single_cell,138.0,114.0,182.0,155.0,v6_mask_aware_pseudo_label,needs_review,unpaired_green_nucleus; nucleus_idx=1; mask_source=v6_ml_detection\sam_masks\prompted_mobile_sam_from_source_tifs\instances\training_2_frame_018.png; box_source=mask_union;seeds=n1
training_2_frame_018,single_cell,73.0,125.0,117.0,167.0,v6_mask_aware_pseudo_label,needs_review,unpaired_green_nucleus; nucleus_idx=2; mask_source=v6_ml_detection\sam_masks\prompted_mobile_sam_from_source_tifs\instances\training_2_frame_018.png; box_source=mask_union;seeds=n2
training_2_frame_018,single_cell,119.0,147.0,153.0,181.0,v6_mask_aware_pseudo_label,needs_review,unpaired_green_nucleus; nucleus_idx=4; mask_source=v6_ml_detection\sam_masks\prompted_mobile_sam_from_source_tifs\instances\training_2_frame_018.png; box_source=mask_union;seeds=n4
training_2_frame_019,mother_bud_pair,122.0,36.0,178.0,117.0,v6_mask_aware_pseudo_label,needs_review,two_nuclei_near_budneck; budneck_idx=0; mask_source=v6_ml_detection\sam_masks\prompted_mobile_sam_from_source_tifs\instances\training_2_frame_019.png; box_source=mask_union;seeds=n2+n0+b0
training_2_frame_019,mother_bud_pair,76.0,132.0,147.0,184.0,v6_mask_aware_pseudo_label,needs_review,two_nuclei_near_budneck; budneck_idx=2; mask_source=v6_ml_detection\sam_masks\prompted_mobile_sam_from_source_tifs\instances\training_2_frame_019.png; box_source=mask_union;seeds=n4+n3+b2
training_2_frame_019,early_bud_pair,62.0,76.0,119.0,117.0,v6_mask_aware_pseudo_label,needs_review,one_nucleus_near_budneck; budneck_idx=1; mask_source=v6_ml_detection\sam_masks\prompted_mobile_sam_from_source_tifs\instances\training_2_frame_019.png; box_source=mask_union;seeds=n1+b1
training_2_frame_019,single_cell,86.0,171.0,130.0,209.0,v6_mask_aware_pseudo_label,needs_review,unpaired_green_nucleus; nucleus_idx=5; mask_source=v6_ml_detection\sam_masks\prompted_mobile_sam_from_source_tifs\instances\training_2_frame_019.png; box_source=mask_union;seeds=n5
training_2_frame_020,mother_bud_pair,158.0,0.0,232.0,55.0,v6_mask_aware_pseudo_label,needs_review,two_nuclei_near_budneck; budneck_idx=0; mask_source=v6_ml_detection\sam_masks\prompted_mobile_sam_from_source_tifs\instances\training_2_frame_020.png; box_source=mask_union;seeds=n0+n1+b0
training_2_frame_020,mother_bud_pair,61.0,109.0,122.0,176.0,v6_mask_aware_pseudo_label,needs_review,two_nuclei_near_budneck; budneck_idx=7; mask_source=v6_ml_detection\sam_masks\prompted_mobile_sam_from_source_tifs\instances\training_2_frame_020.png; box_source=mask_union;seeds=n10+n9+b7
training_2_frame_020,mother_bud_pair,167.0,80.0,242.0,119.0,v6_mask_aware_pseudo_label,needs_review,two_nuclei_near_budneck; budneck_idx=5; mask_source=v6_ml_detection\sam_masks\prompted_mobile_sam_from_source_tifs\instances\training_2_frame_020.png; box_source=mask_union;seeds=n6+n7+b5
training_2_frame_020,mother_bud_pair,172.0,63.0,217.0,139.0,v6_mask_aware_pseudo_label,needs_review,two_nuclei_near_budneck; budneck_idx=6; mask_source=v6_ml_detection\sam_masks\prompted_mobile_sam_from_source_tifs\instances\training_2_frame_020.png; box_source=mask_union;seeds=n8+n4+b6
training_2_frame_020,mother_bud_pair,195.0,20.0,237.0,85.0,v6_mask_aware_pseudo_label,needs_review,two_nuclei_near_budneck; budneck_idx=1; mask_source=v6_ml_detection\sam_masks\prompted_mobile_sam_from_source_tifs\instances\training_2_frame_020.png; box_source=mask_union;seeds=n2+n3+b1
training_2_frame_020,early_bud_pair,146.0,61.0,189.0,105.0,v6_mask_aware_pseudo_label,needs_review,one_nucleus_near_budneck; budneck_idx=4; mask_source=v6_ml_detection\sam_masks\prompted_mobile_sam_from_source_tifs\instances\training_2_frame_020.png; box_source=mask_union;seeds=n5+b4
training_2_frame_020,early_bud_pair,60.0,136.0,109.0,186.0,v6_mask_aware_pseudo_label,needs_review,one_nucleus_near_budneck; budneck_idx=8; mask_source=v6_ml_detection\sam_masks\prompted_mobile_sam_from_source_tifs\instances\training_2_frame_020.png; box_source=mask_union;seeds=n11+b8
training_2_frame_021,mother_bud_pair,89.0,0.0,145.0,56.0,v6_mask_aware_pseudo_label,needs_review,two_nuclei_near_budneck; budneck_idx=0; mask_source=v6_ml_detection\sam_masks\prompted_mobile_sam_from_source_tifs\instances\training_2_frame_021.png; box_source=mask_union;seeds=n1+n0+b0
training_2_frame_021,mother_bud_pair,120.0,25.0,165.0,89.0,v6_mask_aware_pseudo_label,needs_review,two_nuclei_near_budneck; budneck_idx=1; mask_source=v6_ml_detection\sam_masks\prompted_mobile_sam_from_source_tifs\instances\training_2_frame_021.png; box_source=mask_union;seeds=n2+n4+b1
training_2_frame_021,early_bud_pair,50.0,139.0,90.0,197.0,v6_mask_aware_pseudo_label,needs_review,one_nucleus_near_budneck; budneck_idx=2; mask_source=v6_ml_detection\sam_masks\prompted_mobile_sam_from_source_tifs\instances\training_2_frame_021.png; box_source=mask_union;seeds=n5+b2
training_2_frame_021,single_cell,99.0,45.0,137.0,79.0,v6_mask_aware_pseudo_label,needs_review,unpaired_green_nucleus; nucleus_idx=3; mask_source=v6_ml_detection\sam_masks\prompted_mobile_sam_from_source_tifs\instances\training_2_frame_021.png; box_source=mask_union;seeds=n3
training_2_frame_022,mother_bud_pair,128.0,124.0,173.0,190.0,v6_mask_aware_pseudo_label,needs_review,two_nuclei_near_budneck; budneck_idx=2; mask_source=v6_ml_detection\sam_masks\prompted_mobile_sam_from_source_tifs\instances\training_2_frame_022.png; box_source=mask_union;seeds=n3+n4+b2
training_2_frame_022,mother_bud_pair,87.0,51.0,137.0,108.0,v6_mask_aware_pseudo_label,needs_review,two_nuclei_near_budneck; budneck_idx=0; mask_source=v6_ml_detection\sam_masks\prompted_mobile_sam_from_source_tifs\instances\training_2_frame_022.png; box_source=mask_union;seeds=n0+n1+b0
training_2_frame_022,early_bud_pair,115.0,59.0,156.0,101.0,v6_mask_aware_pseudo_label,needs_review,one_nucleus_near_budneck; budneck_idx=1; mask_source=v6_ml_detection\sam_masks\prompted_mobile_sam_from_source_tifs\instances\training_2_frame_022.png; box_source=mask_union;seeds=n2+b1
training_2_frame_023,early_bud_pair,176.0,119.0,225.0,171.0,v6_mask_aware_pseudo_label,needs_review,one_nucleus_near_budneck; budneck_idx=2; mask_source=v6_ml_detection\sam_masks\prompted_mobile_sam_from_source_tifs\instances\training_2_frame_023.png; box_source=mask_union;seeds=n2+b2
training_2_frame_023,early_bud_pair,48.0,110.0,106.0,150.0,v6_mask_aware_pseudo_label,needs_review,one_nucleus_near_budneck; budneck_idx=1; mask_source=v6_ml_detection\sam_masks\prompted_mobile_sam_from_source_tifs\instances\training_2_frame_023.png; box_source=mask_union;seeds=n1+b1
training_2_frame_023,early_bud_pair,98.0,25.0,139.0,77.0,v6_mask_aware_pseudo_label,needs_review,one_nucleus_near_budneck; budneck_idx=0; mask_source=v6_ml_detection\sam_masks\prompted_mobile_sam_from_source_tifs\instances\training_2_frame_023.png; box_source=mask_union;seeds=n0+b0
training_2_frame_024,early_bud_pair,107.0,120.0,143.0,172.0,v6_mask_aware_pseudo_label,needs_review,one_nucleus_near_budneck; budneck_idx=3; mask_source=v6_ml_detection\sam_masks\prompted_mobile_sam_from_source_tifs\instances\training_2_frame_024.png; box_source=mask_union;seeds=n2+b3
training_2_frame_024,early_bud_pair,96.0,62.0,135.0,112.0,v6_mask_aware_pseudo_label,needs_review,one_nucleus_near_budneck; budneck_idx=1; mask_source=v6_ml_detection\sam_masks\prompted_mobile_sam_from_source_tifs\instances\training_2_frame_024.png; box_source=mask_union;seeds=n1+b1
training_2_frame_024,early_bud_pair,186.0,36.0,230.0,73.0,v6_mask_aware_pseudo_label,needs_review,one_nucleus_near_budneck; budneck_idx=0; mask_source=v6_ml_detection\sam_masks\prompted_mobile_sam_from_source_tifs\instances\training_2_frame_024.png; box_source=mask_union;seeds=n0+b0
training_2_frame_025,mother_bud_pair,2.0,116.0,62.0,157.0,v6_mask_aware_pseudo_label,needs_review,two_nuclei_near_budneck; budneck_idx=3; mask_source=v6_ml_detection\sam_masks\prompted_mobile_sam_from_source_tifs\instances\training_2_frame_025.png; box_source=mask_union;seeds=n4+n3+b3
training_2_frame_025,mother_bud_pair,175.0,85.0,214.0,137.0,v6_mask_aware_pseudo_label,needs_review,two_nuclei_near_budneck; budneck_idx=2; mask_source=v6_ml_detection\sam_masks\prompted_mobile_sam_from_source_tifs\instances\training_2_frame_025.png; box_source=mask_union;seeds=n1+n2+b2
training_2_frame_025,early_bud_pair,158.0,38.0,196.0,100.0,v6_mask_aware_pseudo_label,needs_review,one_nucleus_near_budneck; budneck_idx=0; mask_source=v6_ml_detection\sam_masks\prompted_mobile_sam_from_source_tifs\instances\training_2_frame_025.png; box_source=mask_union;seeds=n0+b0
training_2_frame_026,mother_bud_pair,98.0,40.0,142.0,104.0,v6_mask_aware_pseudo_label,needs_review,two_nuclei_near_budneck; budneck_idx=0; mask_source=v6_ml_detection\sam_masks\prompted_mobile_sam_from_source_tifs\instances\training_2_frame_026.png; box_source=mask_union;seeds=n0+n1+b0
training_2_frame_026,early_bud_pair,97.0,90.0,148.0,135.0,v6_mask_aware_pseudo_label,needs_review,one_nucleus_near_budneck; budneck_idx=1; mask_source=v6_ml_detection\sam_masks\prompted_mobile_sam_from_source_tifs\instances\training_2_frame_026.png; box_source=mask_union;seeds=n2+b1
training_2_frame_026,early_bud_pair,70.0,150.0,126.0,192.0,v6_mask_aware_pseudo_label,needs_review,one_nucleus_near_budneck; budneck_idx=2; mask_source=v6_ml_detection\sam_masks\prompted_mobile_sam_from_source_tifs\instances\training_2_frame_026.png; box_source=mask_union;seeds=n3+b2
training_2_frame_026,early_bud_pair,172.0,169.0,210.0,209.0,v6_mask_aware_pseudo_label,needs_review,one_nucleus_near_budneck; budneck_idx=3; mask_source=v6_ml_detection\sam_masks\prompted_mobile_sam_from_source_tifs\instances\training_2_frame_026.png; box_source=mask_union;seeds=n4+b3
training_2_frame_027,mother_bud_pair,189.0,53.0,238.0,109.0,v6_mask_aware_pseudo_label,needs_review,two_nuclei_near_budneck; budneck_idx=1; mask_source=v6_ml_detection\sam_masks\prompted_mobile_sam_from_source_tifs\instances\training_2_frame_027.png; box_source=mask_union;seeds=n1+n3+b1
training_2_frame_027,mother_bud_pair,23.0,36.0,77.0,92.0,v6_mask_aware_pseudo_label,needs_review,two_nuclei_near_budneck; budneck_idx=0; mask_source=v6_ml_detection\sam_masks\prompted_mobile_sam_from_source_tifs\instances\training_2_frame_027.png; box_source=mask_union;seeds=n2+n0+b0
training_2_frame_027,mother_bud_pair,122.0,80.0,180.0,132.0,v6_mask_aware_pseudo_label,needs_review,two_nuclei_near_budneck; budneck_idx=2; mask_source=v6_ml_detection\sam_masks\prompted_mobile_sam_from_source_tifs\instances\training_2_frame_027.png; box_source=mask_union;seeds=n5+n4+b2
training_2_frame_027,mother_bud_pair,0.0,199.0,47.0,238.0,v6_mask_aware_pseudo_label,needs_review,two_nuclei_near_budneck; budneck_idx=3; mask_source=v6_ml_detection\sam_masks\prompted_mobile_sam_from_source_tifs\instances\training_2_frame_027.png; box_source=mask_union;seeds=n6+n7+b3
training_2_frame_028,mother_bud_pair,63.0,69.0,113.0,121.0,v6_mask_aware_pseudo_label,needs_review,two_nuclei_near_budneck; budneck_idx=1; mask_source=v6_ml_detection\sam_masks\prompted_mobile_sam_from_source_tifs\instances\training_2_frame_028.png; box_source=mask_union;seeds=n2+n1+b1
training_2_frame_028,early_bud_pair,117.0,0.0,160.0,38.0,v6_mask_aware_pseudo_label,needs_review,one_nucleus_near_budneck; budneck_idx=0; mask_source=v6_ml_detection\sam_masks\prompted_mobile_sam_from_source_tifs\instances\training_2_frame_028.png; box_source=mask_union;seeds=n0+b0
training_2_frame_028,early_bud_pair,109.0,124.0,166.0,165.0,v6_mask_aware_pseudo_label,needs_review,one_nucleus_near_budneck; budneck_idx=3; mask_source=v6_ml_detection\sam_masks\prompted_mobile_sam_from_source_tifs\instances\training_2_frame_028.png; box_source=mask_union;seeds=n3+b3
training_2_frame_028,early_bud_pair,71.0,163.0,109.0,199.0,v6_mask_aware_pseudo_label,needs_review,one_nucleus_near_budneck; budneck_idx=5; mask_source=v6_ml_detection\sam_masks\prompted_mobile_sam_from_source_tifs\instances\training_2_frame_028.png; box_source=mask_union;seeds=n4+b5
training_2_frame_029,early_bud_pair,233.0,0.0,255.0,41.0,v6_mask_aware_pseudo_label,needs_review,one_nucleus_near_budneck; budneck_idx=0; mask_source=v6_ml_detection\sam_masks\prompted_mobile_sam_from_source_tifs\instances\training_2_frame_029.png; box_source=mask_union;seeds=n0+b0
training_2_frame_029,early_bud_pair,115.0,89.0,153.0,137.0,v6_mask_aware_pseudo_label,needs_review,one_nucleus_near_budneck; budneck_idx=2; mask_source=v6_ml_detection\sam_masks\prompted_mobile_sam_from_source_tifs\instances\training_2_frame_029.png; box_source=mask_union;seeds=n1+b2
training_2_frame_029,single_cell,107.0,125.0,144.0,160.0,v6_mask_aware_pseudo_label,needs_review,unpaired_green_nucleus; nucleus_idx=2; mask_source=v6_ml_detection\sam_masks\prompted_mobile_sam_from_source_tifs\instances\training_2_frame_029.png; box_source=mask_union;seeds=n2
training_2_frame_029,single_cell,133.0,128.0,169.0,166.0,v6_mask_aware_pseudo_label,needs_review,unpaired_green_nucleus; nucleus_idx=3; mask_source=v6_ml_detection\sam_masks\prompted_mobile_sam_from_source_tifs\instances\training_2_frame_029.png; box_source=mask_union;seeds=n3
training_2_frame_030,mother_bud_pair,98.0,39.0,151.0,137.0,v6_mask_aware_pseudo_label,needs_review,two_nuclei_near_budneck; budneck_idx=1; mask_source=v6_ml_detection\sam_masks\prompted_mobile_sam_from_source_tifs\instances\training_2_frame_030.png; box_source=mask_union;seeds=n4+n0+b1
training_2_frame_030,mother_bud_pair,129.0,43.0,180.0,114.0,v6_mask_aware_pseudo_label,needs_review,two_nuclei_near_budneck; budneck_idx=0; mask_source=v6_ml_detection\sam_masks\prompted_mobile_sam_from_source_tifs\instances\training_2_frame_030.png; box_source=mask_union;seeds=n1+n3+b0
training_2_frame_030,early_bud_pair,54.0,54.0,109.0,94.0,v6_mask_aware_pseudo_label,needs_review,one_nucleus_near_budneck; budneck_idx=2; mask_source=v6_ml_detection\sam_masks\prompted_mobile_sam_from_source_tifs\instances\training_2_frame_030.png; box_source=mask_union;seeds=n2+b2
training_2_frame_031,mother_bud_pair,124.0,62.0,188.0,116.0,v6_mask_aware_pseudo_label,needs_review,two_nuclei_near_budneck; budneck_idx=0; mask_source=v6_ml_detection\sam_masks\prompted_mobile_sam_from_source_tifs\instances\training_2_frame_031.png; box_source=mask_union;seeds=n0+n1+b0
training_2_frame_031,early_bud_pair,156.0,86.0,194.0,123.0,v6_mask_aware_pseudo_label,needs_review,one_nucleus_near_budneck; budneck_idx=1; mask_source=v6_ml_detection\sam_masks\prompted_mobile_sam_from_source_tifs\instances\training_2_frame_031.png; box_source=mask_union;seeds=n3+b1
training_2_frame_031,early_bud_pair,76.0,86.0,125.0,121.0,v6_mask_aware_pseudo_label,needs_review,one_nucleus_near_budneck; budneck_idx=3; mask_source=v6_ml_detection\sam_masks\prompted_mobile_sam_from_source_tifs\instances\training_2_frame_031.png; box_source=mask_union;seeds=n2+b3
training_2_frame_032,mother_bud_pair,70.0,42.0,132.0,93.0,v6_mask_aware_pseudo_label,needs_review,two_nuclei_near_budneck; budneck_idx=2; mask_source=v6_ml_detection\sam_masks\prompted_mobile_sam_from_source_tifs\instances\training_2_frame_032.png; box_source=mask_union;seeds=n0+n1+b2
training_2_frame_032,mother_bud_pair,91.0,88.0,164.0,157.0,v6_mask_aware_pseudo_label,needs_review,two_nuclei_near_budneck; budneck_idx=6; mask_source=v6_ml_detection\sam_masks\prompted_mobile_sam_from_source_tifs\instances\training_2_frame_032.png; box_source=mask_union;seeds=n5+n4+b6
training_2_frame_032,mother_bud_pair,130.0,82.0,192.0,147.0,v6_mask_aware_pseudo_label,needs_review,two_nuclei_near_budneck; budneck_idx=5; mask_source=v6_ml_detection\sam_masks\prompted_mobile_sam_from_source_tifs\instances\training_2_frame_032.png; box_source=mask_union;seeds=n2+n3+b5
training_2_frame_033,mother_bud_pair,87.0,123.0,142.0,178.0,v6_mask_aware_pseudo_label,needs_review,two_nuclei_near_budneck; budneck_idx=1; mask_source=v6_ml_detection\sam_masks\prompted_mobile_sam_from_source_tifs\instances\training_2_frame_033.png; box_source=mask_union;seeds=n2+n4+b1
training_2_frame_033,mother_bud_pair,57.0,105.0,101.0,181.0,v6_mask_aware_pseudo_label,needs_review,two_nuclei_near_budneck; budneck_idx=4; mask_source=v6_ml_detection\sam_masks\prompted_mobile_sam_from_source_tifs\instances\training_2_frame_033.png; box_source=mask_union;seeds=n5+n1+b4
training_2_frame_033,mother_bud_pair,29.0,113.0,72.0,169.0,v6_mask_aware_pseudo_label,needs_review,two_nuclei_near_budneck; budneck_idx=2; mask_source=v6_ml_detection\sam_masks\prompted_mobile_sam_from_source_tifs\instances\training_2_frame_033.png; box_source=mask_union;seeds=n0+n3+b2
training_2_frame_034,early_bud_pair,227.0,111.0,255.0,172.0,v6_mask_aware_pseudo_label,needs_review,one_nucleus_near_budneck; budneck_idx=3; mask_source=v6_ml_detection\sam_masks\prompted_mobile_sam_from_source_tifs\instances\training_2_frame_034.png; box_source=mask_union;seeds=n1+b3
training_2_frame_034,early_bud_pair,37.0,73.0,75.0,122.0,v6_mask_aware_pseudo_label,needs_review,one_nucleus_near_budneck; budneck_idx=0; mask_source=v6_ml_detection\sam_masks\prompted_mobile_sam_from_source_tifs\instances\training_2_frame_034.png; box_source=mask_union;seeds=n0+b0
training_2_frame_035,mother_bud_pair,102.0,100.0,155.0,170.0,v6_mask_aware_pseudo_label,needs_review,two_nuclei_near_budneck; budneck_idx=1; mask_source=v6_ml_detection\sam_masks\prompted_mobile_sam_from_source_tifs\instances\training_2_frame_035.png; box_source=mask_union;seeds=n4+n2+b1
training_2_frame_035,mother_bud_pair,135.0,121.0,191.0,194.0,v6_mask_aware_pseudo_label,needs_review,two_nuclei_near_budneck; budneck_idx=2; mask_source=v6_ml_detection\sam_masks\prompted_mobile_sam_from_source_tifs\instances\training_2_frame_035.png; box_source=mask_union;seeds=n3+n5+b2
training_2_frame_035,mother_bud_pair,142.0,96.0,202.0,137.0,v6_mask_aware_pseudo_label,needs_review,two_nuclei_near_budneck; budneck_idx=0; mask_source=v6_ml_detection\sam_masks\prompted_mobile_sam_from_source_tifs\instances\training_2_frame_035.png; box_source=mask_union;seeds=n0+n1+b0
training_2_frame_035,early_bud_pair,136.0,151.0,190.0,208.0,v6_mask_aware_pseudo_label,needs_review,one_nucleus_near_budneck; budneck_idx=4; mask_source=v6_ml_detection\sam_masks\prompted_mobile_sam_from_source_tifs\instances\training_2_frame_035.png; box_source=mask_union;seeds=n6+b4
training_2_frame_036,mother_bud_pair,14.0,51.0,84.0,103.0,v6_mask_aware_pseudo_label,needs_review,two_nuclei_near_budneck; budneck_idx=1; mask_source=v6_ml_detection\sam_masks\prompted_mobile_sam_from_source_tifs\instances\training_2_frame_036.png; box_source=mask_union;seeds=n1+n2+b1
training_2_frame_036,early_bud_pair,47.0,46.0,84.0,86.0,v6_mask_aware_pseudo_label,needs_review,one_nucleus_near_budneck; budneck_idx=0; mask_source=v6_ml_detection\sam_masks\prompted_mobile_sam_from_source_tifs\instances\training_2_frame_036.png; box_source=mask_union;seeds=n0+b0
training_2_frame_037,mother_bud_pair,99.0,47.0,162.0,98.0,v6_mask_aware_pseudo_label,needs_review,two_nuclei_near_budneck; budneck_idx=1; mask_source=v6_ml_detection\sam_masks\prompted_mobile_sam_from_source_tifs\instances\training_2_frame_037.png; box_source=mask_union;seeds=n1+n2+b1
training_2_frame_037,mother_bud_pair,91.0,87.0,153.0,127.0,v6_mask_aware_pseudo_label,needs_review,two_nuclei_near_budneck; budneck_idx=4; mask_source=v6_ml_detection\sam_masks\prompted_mobile_sam_from_source_tifs\instances\training_2_frame_037.png; box_source=mask_union;seeds=n3+n4+b4
training_2_frame_037,early_bud_pair,86.0,19.0,136.0,69.0,v6_mask_aware_pseudo_label,needs_review,one_nucleus_near_budneck; budneck_idx=0; mask_source=v6_ml_detection\sam_masks\prompted_mobile_sam_from_source_tifs\instances\training_2_frame_037.png; box_source=mask_union;seeds=n0+b0
training_2_frame_037,single_cell,145.0,93.0,180.0,125.0,v6_mask_aware_pseudo_label,needs_review,unpaired_green_nucleus; nucleus_idx=5; mask_source=v6_ml_detection\sam_masks\prompted_mobile_sam_from_source_tifs\instances\training_2_frame_037.png; box_source=mask_union;seeds=n5
training_2_frame_037,single_cell,127.0,109.0,162.0,149.0,v6_mask_aware_pseudo_label,needs_review,unpaired_green_nucleus; nucleus_idx=6; mask_source=v6_ml_detection\sam_masks\prompted_mobile_sam_from_source_tifs\instances\training_2_frame_037.png; box_source=mask_union;seeds=n6
training_2_frame_038,mother_bud_pair,177.0,73.0,217.0,132.0,v6_mask_aware_pseudo_label,needs_review,two_nuclei_near_budneck; budneck_idx=0; mask_source=v6_ml_detection\sam_masks\prompted_mobile_sam_from_source_tifs\instances\training_2_frame_038.png; box_source=mask_union;seeds=n4+n5+b0
training_2_frame_038,mother_bud_pair,199.0,83.0,255.0,142.0,v6_mask_aware_pseudo_label,needs_review,two_nuclei_near_budneck; budneck_idx=2; mask_source=v6_ml_detection\sam_masks\prompted_mobile_sam_from_source_tifs\instances\training_2_frame_038.png; box_source=mask_union;seeds=n3+n6+b2
training_2_frame_038,mother_bud_pair,133.0,61.0,203.0,114.0,v6_mask_aware_pseudo_label,needs_review,two_nuclei_near_budneck; budneck_idx=1; mask_source=v6_ml_detection\sam_masks\prompted_mobile_sam_from_source_tifs\instances\training_2_frame_038.png; box_source=mask_union;seeds=n2+n0+b1
training_2_frame_038,single_cell,198.0,65.0,243.0,106.0,v6_mask_aware_pseudo_label,needs_review,unpaired_green_nucleus; nucleus_idx=1; mask_source=v6_ml_detection\sam_masks\prompted_mobile_sam_from_source_tifs\instances\training_2_frame_038.png; box_source=mask_union;seeds=n1
training_2_frame_039,mother_bud_pair,99.0,42.0,151.0,100.0,v6_mask_aware_pseudo_label,needs_review,two_nuclei_near_budneck; budneck_idx=4; mask_source=v6_ml_detection\sam_masks\prompted_mobile_sam_from_source_tifs\instances\training_2_frame_039.png; box_source=mask_union;seeds=n3+n1+b4
training_2_frame_039,mother_bud_pair,117.0,63.0,167.0,121.0,v6_mask_aware_pseudo_label,needs_review,two_nuclei_near_budneck; budneck_idx=5; mask_source=v6_ml_detection\sam_masks\prompted_mobile_sam_from_source_tifs\instances\training_2_frame_039.png; box_source=mask_union;seeds=n2+n4+b5
training_2_frame_039,early_bud_pair,64.0,39.0,122.0,78.0,v6_mask_aware_pseudo_label,needs_review,one_nucleus_near_budneck; budneck_idx=0; mask_source=v6_ml_detection\sam_masks\prompted_mobile_sam_from_source_tifs\instances\training_2_frame_039.png; box_source=mask_union;seeds=n0+b0
training_2_frame_040,mother_bud_pair,117.0,10.0,167.0,77.0,v6_mask_aware_pseudo_label,needs_review,two_nuclei_near_budneck; budneck_idx=1; mask_source=v6_ml_detection\sam_masks\prompted_mobile_sam_from_source_tifs\instances\training_2_frame_040.png; box_source=mask_union;seeds=n1+n0+b1
training_2_frame_040,mother_bud_pair,142.0,51.0,198.0,113.0,v6_mask_aware_pseudo_label,needs_review,two_nuclei_near_budneck; budneck_idx=2; mask_source=v6_ml_detection\sam_masks\prompted_mobile_sam_from_source_tifs\instances\training_2_frame_040.png; box_source=mask_union;seeds=n2+n3+b2
training_2_frame_041,mother_bud_pair,32.0,75.0,92.0,130.0,v6_mask_aware_pseudo_label,needs_review,two_nuclei_near_budneck; budneck_idx=4; mask_source=v6_ml_detection\sam_masks\prompted_mobile_sam_from_source_tifs\instances\training_2_frame_041.png; box_source=mask_union;seeds=n3+n2+b4
training_2_frame_041,early_bud_pair,205.0,65.0,255.0,108.0,v6_mask_aware_pseudo_label,needs_review,one_nucleus_near_budneck; budneck_idx=3; mask_source=v6_ml_detection\sam_masks\prompted_mobile_sam_from_source_tifs\instances\training_2_frame_041.png; box_source=mask_union;seeds=n1+b3
training_2_frame_041,early_bud_pair,21.0,103.0,66.0,137.0,v6_mask_aware_pseudo_label,needs_review,one_nucleus_near_budneck; budneck_idx=6; mask_source=v6_ml_detection\sam_masks\prompted_mobile_sam_from_source_tifs\instances\training_2_frame_041.png; box_source=mask_union;seeds=n4+b6
training_2_frame_041,early_bud_pair,71.0,67.0,105.0,107.0,v6_mask_aware_pseudo_label,needs_review,one_nucleus_near_budneck; budneck_idx=0; mask_source=v6_ml_detection\sam_masks\prompted_mobile_sam_from_source_tifs\instances\training_2_frame_041.png; box_source=mask_union;seeds=n0+b0
training_2_frame_041,single_cell,34.0,170.0,71.0,208.0,v6_mask_aware_pseudo_label,needs_review,unpaired_green_nucleus; nucleus_idx=5; mask_source=v6_ml_detection\sam_masks\prompted_mobile_sam_from_source_tifs\instances\training_2_frame_041.png; box_source=mask_union;seeds=n5
training_2_frame_042,mother_bud_pair,98.0,65.0,139.0,138.0,v6_mask_aware_pseudo_label,needs_review,two_nuclei_near_budneck; budneck_idx=2; mask_source=v6_ml_detection\sam_masks\prompted_mobile_sam_from_source_tifs\instances\training_2_frame_042.png; box_source=mask_union;seeds=n2+n4+b2
training_2_frame_042,mother_bud_pair,116.0,33.0,176.0,75.0,v6_mask_aware_pseudo_label,needs_review,two_nuclei_near_budneck; budneck_idx=1; mask_source=v6_ml_detection\sam_masks\prompted_mobile_sam_from_source_tifs\instances\training_2_frame_042.png; box_source=mask_union;seeds=n1+n0+b1
training_2_frame_042,early_bud_pair,113.0,82.0,162.0,132.0,v6_mask_aware_pseudo_label,needs_review,one_nucleus_near_budneck; budneck_idx=3; mask_source=v6_ml_detection\sam_masks\prompted_mobile_sam_from_source_tifs\instances\training_2_frame_042.png; box_source=mask_union;seeds=n3+b3
training_2_frame_043,mother_bud_pair,63.0,28.0,127.0,62.0,v6_mask_aware_pseudo_label,needs_review,two_nuclei_near_budneck; budneck_idx=1; mask_source=v6_ml_detection\sam_masks\prompted_mobile_sam_from_source_tifs\instances\training_2_frame_043.png; box_source=mask_union;seeds=n1+n0+b1
training_2_frame_043,mother_bud_pair,196.0,112.0,255.0,158.0,v6_mask_aware_pseudo_label,needs_review,two_nuclei_near_budneck; budneck_idx=2; mask_source=v6_ml_detection\sam_masks\prompted_mobile_sam_from_source_tifs\instances\training_2_frame_043.png; box_source=mask_union;seeds=n3+n2+b2
training_2_frame_043,early_bud_pair,67.0,116.0,110.0,170.0,v6_mask_aware_pseudo_label,needs_review,one_nucleus_near_budneck; budneck_idx=4; mask_source=v6_ml_detection\sam_masks\prompted_mobile_sam_from_source_tifs\instances\training_2_frame_043.png; box_source=mask_union;seeds=n4+b4
training_2_frame_044,mother_bud_pair,0.0,20.0,52.0,76.0,v6_mask_aware_pseudo_label,needs_review,two_nuclei_near_budneck; budneck_idx=2; mask_source=v6_ml_detection\sam_masks\prompted_mobile_sam_from_source_tifs\instances\training_2_frame_044.png; box_source=mask_union;seeds=n3+n1+b2
training_2_frame_044,mother_bud_pair,118.0,45.0,178.0,86.0,v6_mask_aware_pseudo_label,needs_review,two_nuclei_near_budneck; budneck_idx=3; mask_source=v6_ml_detection\sam_masks\prompted_mobile_sam_from_source_tifs\instances\training_2_frame_044.png; box_source=mask_union;seeds=n4+n5+b3
training_2_frame_044,mother_bud_pair,102.0,123.0,142.0,188.0,v6_mask_aware_pseudo_label,needs_review,two_nuclei_near_budneck; budneck_idx=4; mask_source=v6_ml_detection\sam_masks\prompted_mobile_sam_from_source_tifs\instances\training_2_frame_044.png; box_source=mask_union;seeds=n6+n7+b4
training_2_frame_044,mother_bud_pair,152.0,15.0,218.0,64.0,v6_mask_aware_pseudo_label,needs_review,two_nuclei_near_budneck; budneck_idx=0; mask_source=v6_ml_detection\sam_masks\prompted_mobile_sam_from_source_tifs\instances\training_2_frame_044.png; box_source=mask_union;seeds=n2+n0+b0
training_2_frame_045,mother_bud_pair,74.0,89.0,140.0,138.0,v6_mask_aware_pseudo_label,needs_review,two_nuclei_near_budneck; budneck_idx=0; mask_source=v6_ml_detection\sam_masks\prompted_mobile_sam_from_source_tifs\instances\training_2_frame_045.png; box_source=mask_union;seeds=n2+n3+b0
training_2_frame_045,mother_bud_pair,77.0,68.0,140.0,105.0,v6_mask_aware_pseudo_label,needs_review,two_nuclei_near_budneck; budneck_idx=1; mask_source=v6_ml_detection\sam_masks\prompted_mobile_sam_from_source_tifs\instances\training_2_frame_045.png; box_source=mask_union;seeds=n0+n1+b1
training_2_frame_045,early_bud_pair,122.0,96.0,173.0,162.0,v6_mask_aware_pseudo_label,needs_review,one_nucleus_near_budneck; budneck_idx=2; mask_source=v6_ml_detection\sam_masks\prompted_mobile_sam_from_source_tifs\instances\training_2_frame_045.png; box_source=mask_union;seeds=n4+b2
training_2_frame_046,mother_bud_pair,134.0,24.0,194.0,73.0,v6_mask_aware_pseudo_label,needs_review,two_nuclei_near_budneck; budneck_idx=0; mask_source=v6_ml_detection\sam_masks\prompted_mobile_sam_from_source_tifs\instances\training_2_frame_046.png; box_source=mask_union;seeds=n0+n1+b0
training_2_frame_046,early_bud_pair,81.0,133.0,133.0,200.0,v6_mask_aware_pseudo_label,needs_review,one_nucleus_near_budneck; budneck_idx=4; mask_source=v6_ml_detection\sam_masks\prompted_mobile_sam_from_source_tifs\instances\training_2_frame_046.png; box_source=mask_union;seeds=n3+b4
training_2_frame_046,early_bud_pair,158.0,53.0,207.0,91.0,v6_mask_aware_pseudo_label,needs_review,one_nucleus_near_budneck; budneck_idx=1; mask_source=v6_ml_detection\sam_masks\prompted_mobile_sam_from_source_tifs\instances\training_2_frame_046.png; box_source=mask_union;seeds=n2+b1
training_2_frame_047,mother_bud_pair,66.0,40.0,125.0,94.0,v6_mask_aware_pseudo_label,needs_review,two_nuclei_near_budneck; budneck_idx=0; mask_source=v6_ml_detection\sam_masks\prompted_mobile_sam_from_source_tifs\instances\training_2_frame_047.png; box_source=mask_union;seeds=n1+n0+b0
training_2_frame_047,mother_bud_pair,50.0,64.0,93.0,131.0,v6_mask_aware_pseudo_label,needs_review,two_nuclei_near_budneck; budneck_idx=1; mask_source=v6_ml_detection\sam_masks\prompted_mobile_sam_from_source_tifs\instances\training_2_frame_047.png; box_source=mask_union;seeds=n2+n4+b1
training_2_frame_047,mother_bud_pair,76.0,91.0,134.0,147.0,v6_mask_aware_pseudo_label,needs_review,two_nuclei_near_budneck; budneck_idx=4; mask_source=v6_ml_detection\sam_masks\prompted_mobile_sam_from_source_tifs\instances\training_2_frame_047.png; box_source=mask_union;seeds=n5+n6+b4
training_2_frame_047,early_bud_pair,72.0,81.0,118.0,116.0,v6_mask_aware_pseudo_label,needs_review,one_nucleus_near_budneck; budneck_idx=2; mask_source=v6_ml_detection\sam_masks\prompted_mobile_sam_from_source_tifs\instances\training_2_frame_047.png; box_source=mask_union;seeds=n3+b2
training_2_frame_048,mother_bud_pair,90.0,62.0,147.0,106.0,v6_mask_aware_pseudo_label,needs_review,two_nuclei_near_budneck; budneck_idx=0; mask_source=v6_ml_detection\sam_masks\prompted_mobile_sam_from_source_tifs\instances\training_2_frame_048.png; box_source=mask_union;seeds=n2+n0+b0
training_2_frame_048,mother_bud_pair,153.0,195.0,219.0,239.0,v6_mask_aware_pseudo_label,needs_review,two_nuclei_near_budneck; budneck_idx=3; mask_source=v6_ml_detection\sam_masks\prompted_mobile_sam_from_source_tifs\instances\training_2_frame_048.png; box_source=mask_union;seeds=n5+n4+b3
training_2_frame_048,early_bud_pair,156.0,66.0,205.0,102.0,v6_mask_aware_pseudo_label,needs_review,one_nucleus_near_budneck; budneck_idx=1; mask_source=v6_ml_detection\sam_masks\prompted_mobile_sam_from_source_tifs\instances\training_2_frame_048.png; box_source=mask_union;seeds=n1+b1
training_2_frame_048,early_bud_pair,37.0,87.0,73.0,142.0,v6_mask_aware_pseudo_label,needs_review,one_nucleus_near_budneck; budneck_idx=2; mask_source=v6_ml_detection\sam_masks\prompted_mobile_sam_from_source_tifs\instances\training_2_frame_048.png; box_source=mask_union;seeds=n3+b2
training_2_frame_049,mother_bud_pair,180.0,60.0,234.0,116.0,v6_mask_aware_pseudo_label,needs_review,two_nuclei_near_budneck; budneck_idx=1; mask_source=v6_ml_detection\sam_masks\prompted_mobile_sam_from_source_tifs\instances\training_2_frame_049.png; box_source=mask_union;seeds=n3+n2+b1
training_2_frame_049,mother_bud_pair,0.0,128.0,44.0,202.0,v6_mask_aware_pseudo_label,needs_review,two_nuclei_near_budneck; budneck_idx=4; mask_source=v6_ml_detection\sam_masks\prompted_mobile_sam_from_source_tifs\instances\training_2_frame_049.png; box_source=mask_union;seeds=n5+n6+b4
training_2_frame_049,mother_bud_pair,151.0,46.0,215.0,89.0,v6_mask_aware_pseudo_label,needs_review,two_nuclei_near_budneck; budneck_idx=2; mask_source=v6_ml_detection\sam_masks\prompted_mobile_sam_from_source_tifs\instances\training_2_frame_049.png; box_source=mask_union;seeds=n1+n0+b2
training_2_frame_049,early_bud_pair,47.0,111.0,108.0,153.0,v6_mask_aware_pseudo_label,needs_review,one_nucleus_near_budneck; budneck_idx=3; mask_source=v6_ml_detection\sam_masks\prompted_mobile_sam_from_source_tifs\instances\training_2_frame_049.png; box_source=mask_union;seeds=n4+b3
training_2_frame_050,mother_bud_pair,119.0,148.0,181.0,206.0,v6_mask_aware_pseudo_label,needs_review,two_nuclei_near_budneck; budneck_idx=4; mask_source=v6_ml_detection\sam_masks\prompted_mobile_sam_from_source_tifs\instances\training_2_frame_050.png; box_source=mask_union;seeds=n5+n6+b4
training_2_frame_050,mother_bud_pair,213.0,46.0,255.0,101.0,v6_mask_aware_pseudo_label,needs_review,two_nuclei_near_budneck; budneck_idx=0; mask_source=v6_ml_detection\sam_masks\prompted_mobile_sam_from_source_tifs\instances\training_2_frame_050.png; box_source=mask_union;seeds=n0+n2+b0
training_2_frame_050,early_bud_pair,43.0,66.0,91.0,123.0,v6_mask_aware_pseudo_label,needs_review,one_nucleus_near_budneck; budneck_idx=2; mask_source=v6_ml_detection\sam_masks\prompted_mobile_sam_from_source_tifs\instances\training_2_frame_050.png; box_source=mask_union;seeds=n3+b2
training_2_frame_050,early_bud_pair,125.0,53.0,187.0,94.0,v6_mask_aware_pseudo_label,needs_review,one_nucleus_near_budneck; budneck_idx=1; mask_source=v6_ml_detection\sam_masks\prompted_mobile_sam_from_source_tifs\instances\training_2_frame_050.png; box_source=mask_union;seeds=n1+b1
training_2_frame_050,single_cell,228.0,88.0,255.0,123.0,v6_mask_aware_pseudo_label,needs_review,unpaired_green_nucleus; nucleus_idx=4; mask_source=v6_ml_detection\sam_masks\prompted_mobile_sam_from_source_tifs\instances\training_2_frame_050.png; box_source=mask_union;seeds=n4
training_2_frame_051,mother_bud_pair,34.0,101.0,73.0,157.0,v6_mask_aware_pseudo_label,needs_review,two_nuclei_near_budneck; budneck_idx=2; mask_source=v6_ml_detection\sam_masks\prompted_mobile_sam_from_source_tifs\instances\training_2_frame_051.png; box_source=mask_union;seeds=n2+n3+b2
training_2_frame_051,early_bud_pair,170.0,74.0,213.0,113.0,v6_mask_aware_pseudo_label,needs_review,one_nucleus_near_budneck; budneck_idx=0; mask_source=v6_ml_detection\sam_masks\prompted_mobile_sam_from_source_tifs\instances\training_2_frame_051.png; box_source=mask_union;seeds=n1+b0
training_2_frame_051,early_bud_pair,65.0,79.0,123.0,122.0,v6_mask_aware_pseudo_label,needs_review,one_nucleus_near_budneck; budneck_idx=1; mask_source=v6_ml_detection\sam_masks\prompted_mobile_sam_from_source_tifs\instances\training_2_frame_051.png; box_source=mask_union;seeds=n0+b1
training_2_frame_052,mother_bud_pair,160.0,117.0,209.0,177.0,v6_mask_aware_pseudo_label,needs_review,two_nuclei_near_budneck; budneck_idx=3; mask_source=v6_ml_detection\sam_masks\prompted_mobile_sam_from_source_tifs\instances\training_2_frame_052.png; box_source=mask_union;seeds=n3+n4+b3
training_2_frame_052,mother_bud_pair,43.0,22.0,105.0,58.0,v6_mask_aware_pseudo_label,needs_review,two_nuclei_near_budneck; budneck_idx=0; mask_source=v6_ml_detection\sam_masks\prompted_mobile_sam_from_source_tifs\instances\training_2_frame_052.png; box_source=mask_union;seeds=n1+n0+b0
training_2_frame_052,early_bud_pair,15.0,93.0,65.0,143.0,v6_mask_aware_pseudo_label,needs_review,one_nucleus_near_budneck; budneck_idx=2; mask_source=v6_ml_detection\sam_masks\prompted_mobile_sam_from_source_tifs\instances\training_2_frame_052.png; box_source=mask_union;seeds=n2+b2
training_2_frame_052,early_bud_pair,4.0,167.0,41.0,218.0,v6_mask_aware_pseudo_label,needs_review,one_nucleus_near_budneck; budneck_idx=4; mask_source=v6_ml_detection\sam_masks\prompted_mobile_sam_from_source_tifs\instances\training_2_frame_052.png; box_source=mask_union;seeds=n5+b4
training_2_frame_053,mother_bud_pair,107.0,90.0,170.0,146.0,v6_mask_aware_pseudo_label,needs_review,two_nuclei_near_budneck; budneck_idx=3; mask_source=v6_ml_detection\sam_masks\prompted_mobile_sam_from_source_tifs\instances\training_2_frame_053.png; box_source=mask_union;seeds=n1+n4+b3
training_2_frame_053,mother_bud_pair,45.0,55.0,96.0,126.0,v6_mask_aware_pseudo_label,needs_review,two_nuclei_near_budneck; budneck_idx=2; mask_source=v6_ml_detection\sam_masks\prompted_mobile_sam_from_source_tifs\instances\training_2_frame_053.png; box_source=mask_union;seeds=n3+n0+b2
training_2_frame_053,early_bud_pair,201.0,83.0,254.0,128.0,v6_mask_aware_pseudo_label,needs_review,one_nucleus_near_budneck; budneck_idx=1; mask_source=v6_ml_detection\sam_masks\prompted_mobile_sam_from_source_tifs\instances\training_2_frame_053.png; box_source=mask_union;seeds=n2+b1
training_2_frame_054,mother_bud_pair,154.0,83.0,226.0,125.0,v6_mask_aware_pseudo_label,needs_review,two_nuclei_near_budneck; budneck_idx=2; mask_source=v6_ml_detection\sam_masks\prompted_mobile_sam_from_source_tifs\instances\training_2_frame_054.png; box_source=mask_union;seeds=n2+n1+b2
training_2_frame_054,early_bud_pair,57.0,117.0,108.0,171.0,v6_mask_aware_pseudo_label,needs_review,one_nucleus_near_budneck; budneck_idx=3; mask_source=v6_ml_detection\sam_masks\prompted_mobile_sam_from_source_tifs\instances\training_2_frame_054.png; box_source=mask_union;seeds=n3+b3
training_2_frame_054,early_bud_pair,81.0,68.0,127.0,107.0,v6_mask_aware_pseudo_label,needs_review,one_nucleus_near_budneck; budneck_idx=0; mask_source=v6_ml_detection\sam_masks\prompted_mobile_sam_from_source_tifs\instances\training_2_frame_054.png; box_source=mask_union;seeds=n0+b0
training_2_frame_055,mother_bud_pair,59.0,51.0,109.0,106.0,v6_mask_aware_pseudo_label,needs_review,two_nuclei_near_budneck; budneck_idx=3; mask_source=v6_ml_detection\sam_masks\prompted_mobile_sam_from_source_tifs\instances\training_2_frame_055.png; box_source=mask_union;seeds=n2+n1+b3
training_2_frame_055,early_bud_pair,62.0,100.0,123.0,156.0,v6_mask_aware_pseudo_label,needs_review,one_nucleus_near_budneck; budneck_idx=7; mask_source=v6_ml_detection\sam_masks\prompted_mobile_sam_from_source_tifs\instances\training_2_frame_055.png; box_source=mask_union;seeds=n3+b7
training_2_frame_055,early_bud_pair,118.0,138.0,157.0,176.0,v6_mask_aware_pseudo_label,needs_review,one_nucleus_near_budneck; budneck_idx=9; mask_source=v6_ml_detection\sam_masks\prompted_mobile_sam_from_source_tifs\instances\training_2_frame_055.png; box_source=mask_union;seeds=n4+b9
training_2_frame_055,early_bud_pair,151.0,0.0,187.0,26.0,v6_mask_aware_pseudo_label,needs_review,one_nucleus_near_budneck; budneck_idx=1; mask_source=v6_ml_detection\sam_masks\prompted_mobile_sam_from_source_tifs\instances\training_2_frame_055.png; box_source=mask_union;seeds=n0+b1
training_2_frame_056,mother_bud_pair,0.0,39.0,22.0,97.0,v6_mask_aware_pseudo_label,needs_review,two_nuclei_near_budneck; budneck_idx=0; mask_source=v6_ml_detection\sam_masks\prompted_mobile_sam_from_source_tifs\instances\training_2_frame_056.png; box_source=mask_union;seeds=n0+n2+b0
training_2_frame_056,mother_bud_pair,10.0,60.0,65.0,106.0,v6_mask_aware_pseudo_label,needs_review,two_nuclei_near_budneck; budneck_idx=1; mask_source=v6_ml_detection\sam_masks\prompted_mobile_sam_from_source_tifs\instances\training_2_frame_056.png; box_source=mask_union;seeds=n1+n4+b1
training_2_frame_056,single_cell,171.0,58.0,206.0,96.0,v6_mask_aware_pseudo_label,needs_review,unpaired_green_nucleus; nucleus_idx=3; mask_source=v6_ml_detection\sam_masks\prompted_mobile_sam_from_source_tifs\instances\training_2_frame_056.png; box_source=mask_union;seeds=n3
training_2_frame_056,single_cell,184.0,82.0,229.0,119.0,v6_mask_aware_pseudo_label,needs_review,unpaired_green_nucleus; nucleus_idx=5; mask_source=v6_ml_detection\sam_masks\prompted_mobile_sam_from_source_tifs\instances\training_2_frame_056.png; box_source=mask_union;seeds=n5
training_2_frame_056,single_cell,173.0,94.0,210.0,135.0,v6_mask_aware_pseudo_label,needs_review,unpaired_green_nucleus; nucleus_idx=6; mask_source=v6_ml_detection\sam_masks\prompted_mobile_sam_from_source_tifs\instances\training_2_frame_056.png; box_source=mask_union;seeds=n6
training_2_frame_057,mother_bud_pair,6.0,44.0,61.0,108.0,v6_mask_aware_pseudo_label,needs_review,two_nuclei_near_budneck; budneck_idx=1; mask_source=v6_ml_detection\sam_masks\prompted_mobile_sam_from_source_tifs\instances\training_2_frame_057.png; box_source=mask_union;seeds=n2+n3+b1
training_2_frame_057,mother_bud_pair,29.0,117.0,78.0,174.0,v6_mask_aware_pseudo_label,needs_review,two_nuclei_near_budneck; budneck_idx=4; mask_source=v6_ml_detection\sam_masks\prompted_mobile_sam_from_source_tifs\instances\training_2_frame_057.png; box_source=mask_union;seeds=n6+n4+b4
training_2_frame_057,mother_bud_pair,234.0,124.0,255.0,185.0,v6_mask_aware_pseudo_label,needs_review,two_nuclei_near_budneck; budneck_idx=5; mask_source=v6_ml_detection\sam_masks\prompted_mobile_sam_from_source_tifs\instances\training_2_frame_057.png; box_source=mask_union;seeds=n7+n5+b5
training_2_frame_057,early_bud_pair,0.0,24.0,27.0,61.0,v6_mask_aware_pseudo_label,needs_review,one_nucleus_near_budneck; budneck_idx=0; mask_source=v6_ml_detection\sam_masks\prompted_mobile_sam_from_source_tifs\instances\training_2_frame_057.png; box_source=mask_union;seeds=n0+b0
training_2_frame_057,single_cell,101.0,46.0,139.0,86.0,v6_mask_aware_pseudo_label,needs_review,unpaired_green_nucleus; nucleus_idx=1; mask_source=v6_ml_detection\sam_masks\prompted_mobile_sam_from_source_tifs\instances\training_2_frame_057.png; box_source=mask_union;seeds=n1
training_2_frame_058,mother_bud_pair,140.0,74.0,187.0,133.0,v6_mask_aware_pseudo_label,needs_review,two_nuclei_near_budneck; budneck_idx=1; mask_source=v6_ml_detection\sam_masks\prompted_mobile_sam_from_source_tifs\instances\training_2_frame_058.png; box_source=mask_union;seeds=n1+n4+b1
training_2_frame_058,mother_bud_pair,167.0,85.0,236.0,132.0,v6_mask_aware_pseudo_label,needs_review,two_nuclei_near_budneck; budneck_idx=2; mask_source=v6_ml_detection\sam_masks\prompted_mobile_sam_from_source_tifs\instances\training_2_frame_058.png; box_source=mask_union;seeds=n5+n2+b2
training_2_frame_058,early_bud_pair,74.0,34.0,116.0,90.0,v6_mask_aware_pseudo_label,needs_review,one_nucleus_near_budneck; budneck_idx=0; mask_source=v6_ml_detection\sam_masks\prompted_mobile_sam_from_source_tifs\instances\training_2_frame_058.png; box_source=mask_union;seeds=n0+b0
training_2_frame_058,single_cell,128.0,95.0,154.0,134.0,v6_mask_aware_pseudo_label,needs_review,unpaired_green_nucleus; nucleus_idx=3; mask_source=v6_ml_detection\sam_masks\prompted_mobile_sam_from_source_tifs\instances\training_2_frame_058.png; box_source=mask_union;seeds=n3
training_2_frame_059,mother_bud_pair,98.0,123.0,163.0,182.0,v6_mask_aware_pseudo_label,needs_review,two_nuclei_near_budneck; budneck_idx=1; mask_source=v6_ml_detection\sam_masks\prompted_mobile_sam_from_source_tifs\instances\training_2_frame_059.png; box_source=mask_union;seeds=n1+n0+b1
training_2_frame_059,mother_bud_pair,97.0,160.0,138.0,224.0,v6_mask_aware_pseudo_label,needs_review,two_nuclei_near_budneck; budneck_idx=2; mask_source=v6_ml_detection\sam_masks\prompted_mobile_sam_from_source_tifs\instances\training_2_frame_059.png; box_source=mask_union;seeds=n3+n2+b2
training_2_frame_060,mother_bud_pair,71.0,124.0,110.0,184.0,v6_mask_aware_pseudo_label,needs_review,two_nuclei_near_budneck; budneck_idx=4; mask_source=v6_ml_detection\sam_masks\prompted_mobile_sam_from_source_tifs\instances\training_2_frame_060.png; box_source=mask_union;seeds=n4+n5+b4
training_2_frame_060,mother_bud_pair,48.0,69.0,87.0,127.0,v6_mask_aware_pseudo_label,needs_review,two_nuclei_near_budneck; budneck_idx=2; mask_source=v6_ml_detection\sam_masks\prompted_mobile_sam_from_source_tifs\instances\training_2_frame_060.png; box_source=mask_union;seeds=n2+n3+b2
training_2_frame_060,early_bud_pair,140.0,10.0,174.0,58.0,v6_mask_aware_pseudo_label,needs_review,one_nucleus_near_budneck; budneck_idx=0; mask_source=v6_ml_detection\sam_masks\prompted_mobile_sam_from_source_tifs\instances\training_2_frame_060.png; box_source=mask_union;seeds=n0+b0
training_2_frame_060,early_bud_pair,70.0,61.0,117.0,103.0,v6_mask_aware_pseudo_label,needs_review,one_nucleus_near_budneck; budneck_idx=1; mask_source=v6_ml_detection\sam_masks\prompted_mobile_sam_from_source_tifs\instances\training_2_frame_060.png; box_source=mask_union;seeds=n1+b1
training_2_frame_061,mother_bud_pair,69.0,49.0,121.0,107.0,v6_mask_aware_pseudo_label,needs_review,two_nuclei_near_budneck; budneck_idx=0; mask_source=v6_ml_detection\sam_masks\prompted_mobile_sam_from_source_tifs\instances\training_2_frame_061.png; box_source=mask_union;seeds=n1+n0+b0
training_2_frame_061,mother_bud_pair,106.0,107.0,170.0,146.0,v6_mask_aware_pseudo_label,needs_review,two_nuclei_near_budneck; budneck_idx=1; mask_source=v6_ml_detection\sam_masks\prompted_mobile_sam_from_source_tifs\instances\training_2_frame_061.png; box_source=mask_union;seeds=n2+n3+b1
training_2_frame_061,single_cell,169.0,128.0,215.0,176.0,v6_mask_aware_pseudo_label,needs_review,unpaired_green_nucleus; nucleus_idx=4; mask_source=v6_ml_detection\sam_masks\prompted_mobile_sam_from_source_tifs\instances\training_2_frame_061.png; box_source=mask_union;seeds=n4
training_2_frame_062,mother_bud_pair,57.0,65.0,120.0,104.0,v6_mask_aware_pseudo_label,needs_review,two_nuclei_near_budneck; budneck_idx=0; mask_source=v6_ml_detection\sam_masks\prompted_mobile_sam_from_source_tifs\instances\training_2_frame_062.png; box_source=mask_union;seeds=n1+n0+b0
training_2_frame_062,mother_bud_pair,73.0,92.0,130.0,144.0,v6_mask_aware_pseudo_label,needs_review,two_nuclei_near_budneck; budneck_idx=1; mask_source=v6_ml_detection\sam_masks\prompted_mobile_sam_from_source_tifs\instances\training_2_frame_062.png; box_source=mask_union;seeds=n2+n3+b1
training_2_frame_062,mother_bud_pair,13.0,206.0,74.0,248.0,v6_mask_aware_pseudo_label,needs_review,two_nuclei_near_budneck; budneck_idx=3; mask_source=v6_ml_detection\sam_masks\prompted_mobile_sam_from_source_tifs\instances\training_2_frame_062.png; box_source=mask_union;seeds=n5+n6+b3
training_2_frame_062,early_bud_pair,220.0,115.0,255.0,162.0,v6_mask_aware_pseudo_label,needs_review,one_nucleus_near_budneck; budneck_idx=2; mask_source=v6_ml_detection\sam_masks\prompted_mobile_sam_from_source_tifs\instances\training_2_frame_062.png; box_source=mask_union;seeds=n4+b2
training_2_frame_063,mother_bud_pair,81.0,57.0,136.0,111.0,v6_mask_aware_pseudo_label,needs_review,two_nuclei_near_budneck; budneck_idx=1; mask_source=v6_ml_detection\sam_masks\prompted_mobile_sam_from_source_tifs\instances\training_2_frame_063.png; box_source=mask_union;seeds=n1+n0+b1
training_2_frame_063,mother_bud_pair,125.0,74.0,161.0,130.0,v6_mask_aware_pseudo_label,needs_review,two_nuclei_near_budneck; budneck_idx=3; mask_source=v6_ml_detection\sam_masks\prompted_mobile_sam_from_source_tifs\instances\training_2_frame_063.png; box_source=mask_union;seeds=n4+n2+b3
training_2_frame_063,early_bud_pair,183.0,210.0,225.0,255.0,v6_mask_aware_pseudo_label,needs_review,one_nucleus_near_budneck; budneck_idx=8; mask_source=v6_ml_detection\sam_masks\prompted_mobile_sam_from_source_tifs\instances\training_2_frame_063.png; box_source=mask_union;seeds=n5+b8
training_2_frame_063,early_bud_pair,60.0,69.0,98.0,121.0,v6_mask_aware_pseudo_label,needs_review,one_nucleus_near_budneck; budneck_idx=4; mask_source=v6_ml_detection\sam_masks\prompted_mobile_sam_from_source_tifs\instances\training_2_frame_063.png; box_source=mask_union;seeds=n3+b4
training_2_frame_064,mother_bud_pair,88.0,116.0,162.0,165.0,v6_mask_aware_pseudo_label,needs_review,two_nuclei_near_budneck; budneck_idx=1; mask_source=v6_ml_detection\sam_masks\prompted_mobile_sam_from_source_tifs\instances\training_2_frame_064.png; box_source=mask_union;seeds=n3+n4+b1
training_2_frame_064,mother_bud_pair,87.0,96.0,144.0,156.0,v6_mask_aware_pseudo_label,needs_review,two_nuclei_near_budneck; budneck_idx=2; mask_source=v6_ml_detection\sam_masks\prompted_mobile_sam_from_source_tifs\instances\training_2_frame_064.png; box_source=mask_union;seeds=n2+n1+b2
training_2_frame_064,early_bud_pair,96.0,42.0,151.0,87.0,v6_mask_aware_pseudo_label,needs_review,one_nucleus_near_budneck; budneck_idx=0; mask_source=v6_ml_detection\sam_masks\prompted_mobile_sam_from_source_tifs\instances\training_2_frame_064.png; box_source=mask_union;seeds=n0+b0
training_2_frame_065,mother_bud_pair,67.0,124.0,130.0,173.0,v6_mask_aware_pseudo_label,needs_review,two_nuclei_near_budneck; budneck_idx=3; mask_source=v6_ml_detection\sam_masks\prompted_mobile_sam_from_source_tifs\instances\training_2_frame_065.png; box_source=mask_union;seeds=n5+n4+b3
training_2_frame_065,mother_bud_pair,73.0,81.0,117.0,140.0,v6_mask_aware_pseudo_label,needs_review,two_nuclei_near_budneck; budneck_idx=2; mask_source=v6_ml_detection\sam_masks\prompted_mobile_sam_from_source_tifs\instances\training_2_frame_065.png; box_source=mask_union;seeds=n2+n3+b2
training_2_frame_065,mother_bud_pair,109.0,165.0,168.0,213.0,v6_mask_aware_pseudo_label,needs_review,two_nuclei_near_budneck; budneck_idx=4; mask_source=v6_ml_detection\sam_masks\prompted_mobile_sam_from_source_tifs\instances\training_2_frame_065.png; box_source=mask_union;seeds=n6+n7+b4
training_2_frame_065,mother_bud_pair,61.0,217.0,125.0,255.0,v6_mask_aware_pseudo_label,needs_review,two_nuclei_near_budneck; budneck_idx=5; mask_source=v6_ml_detection\sam_masks\prompted_mobile_sam_from_source_tifs\instances\training_2_frame_065.png; box_source=mask_union;seeds=n8+n9+b5
training_2_frame_065,early_bud_pair,104.0,0.0,159.0,43.0,v6_mask_aware_pseudo_label,needs_review,one_nucleus_near_budneck; budneck_idx=0; mask_source=v6_ml_detection\sam_masks\prompted_mobile_sam_from_source_tifs\instances\training_2_frame_065.png; box_source=mask_union;seeds=n0+b0
training_2_frame_065,early_bud_pair,136.0,63.0,174.0,104.0,v6_mask_aware_pseudo_label,needs_review,one_nucleus_near_budneck; budneck_idx=1; mask_source=v6_ml_detection\sam_masks\prompted_mobile_sam_from_source_tifs\instances\training_2_frame_065.png; box_source=mask_union;seeds=n1+b1
training_2_frame_066,mother_bud_pair,58.0,73.0,104.0,146.0,v6_mask_aware_pseudo_label,needs_review,two_nuclei_near_budneck; budneck_idx=2; mask_source=v6_ml_detection\sam_masks\prompted_mobile_sam_from_source_tifs\instances\training_2_frame_066.png; box_source=mask_union;seeds=n3+n5+b2
training_2_frame_066,mother_bud_pair,143.0,72.0,191.0,135.0,v6_mask_aware_pseudo_label,needs_review,two_nuclei_near_budneck; budneck_idx=1; mask_source=v6_ml_detection\sam_masks\prompted_mobile_sam_from_source_tifs\instances\training_2_frame_066.png; box_source=mask_union;seeds=n2+n4+b1
training_2_frame_066,mother_bud_pair,31.0,27.0,99.0,83.0,v6_mask_aware_pseudo_label,needs_review,two_nuclei_near_budneck; budneck_idx=0; mask_source=v6_ml_detection\sam_masks\prompted_mobile_sam_from_source_tifs\instances\training_2_frame_066.png; box_source=mask_union;seeds=n1+n0+b0
training_2_frame_067,mother_bud_pair,67.0,120.0,134.0,162.0,v6_mask_aware_pseudo_label,needs_review,two_nuclei_near_budneck; budneck_idx=4; mask_source=v6_ml_detection\sam_masks\prompted_mobile_sam_from_source_tifs\instances\training_2_frame_067.png; box_source=mask_union;seeds=n6+n5+b4
training_2_frame_067,mother_bud_pair,106.0,72.0,149.0,129.0,v6_mask_aware_pseudo_label,needs_review,two_nuclei_near_budneck; budneck_idx=1; mask_source=v6_ml_detection\sam_masks\prompted_mobile_sam_from_source_tifs\instances\training_2_frame_067.png; box_source=mask_union;seeds=n3+n1+b1
training_2_frame_067,mother_bud_pair,46.0,94.0,86.0,153.0,v6_mask_aware_pseudo_label,needs_review,two_nuclei_near_budneck; budneck_idx=3; mask_source=v6_ml_detection\sam_masks\prompted_mobile_sam_from_source_tifs\instances\training_2_frame_067.png; box_source=mask_union;seeds=n2+n4+b3
training_2_frame_067,early_bud_pair,156.0,42.0,197.0,95.0,v6_mask_aware_pseudo_label,needs_review,one_nucleus_near_budneck; budneck_idx=0; mask_source=v6_ml_detection\sam_masks\prompted_mobile_sam_from_source_tifs\instances\training_2_frame_067.png; box_source=mask_union;seeds=n0+b0
training_2_frame_068,mother_bud_pair,50.0,111.0,125.0,155.0,v6_mask_aware_pseudo_label,needs_review,two_nuclei_near_budneck; budneck_idx=4; mask_source=v6_ml_detection\sam_masks\prompted_mobile_sam_from_source_tifs\instances\training_2_frame_068.png; box_source=mask_union;seeds=n3+n2+b4
training_2_frame_068,mother_bud_pair,97.0,131.0,159.0,170.0,v6_mask_aware_pseudo_label,needs_review,two_nuclei_near_budneck; budneck_idx=5; mask_source=v6_ml_detection\sam_masks\prompted_mobile_sam_from_source_tifs\instances\training_2_frame_068.png; box_source=mask_union;seeds=n5+n4+b5
training_2_frame_068,mother_bud_pair,205.0,180.0,255.0,233.0,v6_mask_aware_pseudo_label,needs_review,two_nuclei_near_budneck; budneck_idx=6; mask_source=v6_ml_detection\sam_masks\prompted_mobile_sam_from_source_tifs\instances\training_2_frame_068.png; box_source=mask_union;seeds=n7+n6+b6
training_2_frame_068,mother_bud_pair,53.0,58.0,110.0,115.0,v6_mask_aware_pseudo_label,needs_review,two_nuclei_near_budneck; budneck_idx=3; mask_source=v6_ml_detection\sam_masks\prompted_mobile_sam_from_source_tifs\instances\training_2_frame_068.png; box_source=mask_union;seeds=n1+n0+b3
training_2_frame_069,mother_bud_pair,104.0,40.0,173.0,93.0,v6_mask_aware_pseudo_label,needs_review,two_nuclei_near_budneck; budneck_idx=1; mask_source=v6_ml_detection\sam_masks\prompted_mobile_sam_from_source_tifs\instances\training_2_frame_069.png; box_source=mask_union;seeds=n2+n1+b1
training_2_frame_069,mother_bud_pair,226.0,83.0,255.0,143.0,v6_mask_aware_pseudo_label,needs_review,two_nuclei_near_budneck; budneck_idx=4; mask_source=v6_ml_detection\sam_masks\prompted_mobile_sam_from_source_tifs\instances\training_2_frame_069.png; box_source=mask_union;seeds=n3+n4+b4
training_2_frame_069,mother_bud_pair,75.0,120.0,123.0,186.0,v6_mask_aware_pseudo_label,needs_review,two_nuclei_near_budneck; budneck_idx=5; mask_source=v6_ml_detection\sam_masks\prompted_mobile_sam_from_source_tifs\instances\training_2_frame_069.png; box_source=mask_union;seeds=n5+n6+b5
training_2_frame_069,early_bud_pair,229.0,0.0,255.0,28.0,v6_mask_aware_pseudo_label,needs_review,one_nucleus_near_budneck; budneck_idx=0; mask_source=v6_ml_detection\sam_masks\prompted_mobile_sam_from_source_tifs\instances\training_2_frame_069.png; box_source=mask_union;seeds=n0+b0
training_2_frame_070,mother_bud_pair,121.0,109.0,183.0,158.0,v6_mask_aware_pseudo_label,needs_review,two_nuclei_near_budneck; budneck_idx=1; mask_source=v6_ml_detection\sam_masks\prompted_mobile_sam_from_source_tifs\instances\training_2_frame_070.png; box_source=mask_union;seeds=n3+n2+b1
training_2_frame_070,mother_bud_pair,79.0,170.0,129.0,210.0,v6_mask_aware_pseudo_label,needs_review,two_nuclei_near_budneck; budneck_idx=3; mask_source=v6_ml_detection\sam_masks\prompted_mobile_sam_from_source_tifs\instances\training_2_frame_070.png; box_source=mask_union;seeds=n4+n5+b3
training_2_frame_070,mother_bud_pair,104.0,54.0,148.0,115.0,v6_mask_aware_pseudo_label,needs_review,two_nuclei_near_budneck; budneck_idx=0; mask_source=v6_ml_detection\sam_masks\prompted_mobile_sam_from_source_tifs\instances\training_2_frame_070.png; box_source=mask_union;seeds=n1+n0+b0
training_2_frame_071,mother_bud_pair,56.0,134.0,100.0,195.0,v6_mask_aware_pseudo_label,needs_review,two_nuclei_near_budneck; budneck_idx=5; mask_source=v6_ml_detection\sam_masks\prompted_mobile_sam_from_source_tifs\instances\training_2_frame_071.png; box_source=mask_union;seeds=n8+n7+b5
training_2_frame_071,mother_bud_pair,17.0,4.0,80.0,64.0,v6_mask_aware_pseudo_label,needs_review,two_nuclei_near_budneck; budneck_idx=0; mask_source=v6_ml_detection\sam_masks\prompted_mobile_sam_from_source_tifs\instances\training_2_frame_071.png; box_source=mask_union;seeds=n0+n1+b0
training_2_frame_071,mother_bud_pair,211.0,32.0,251.0,102.0,v6_mask_aware_pseudo_label,needs_review,two_nuclei_near_budneck; budneck_idx=1; mask_source=v6_ml_detection\sam_masks\prompted_mobile_sam_from_source_tifs\instances\training_2_frame_071.png; box_source=mask_union;seeds=n2+n3+b1
training_2_frame_071,mother_bud_pair,16.0,77.0,83.0,122.0,v6_mask_aware_pseudo_label,needs_review,two_nuclei_near_budneck; budneck_idx=3; mask_source=v6_ml_detection\sam_masks\prompted_mobile_sam_from_source_tifs\instances\training_2_frame_071.png; box_source=mask_union;seeds=n5+n4+b3
training_2_frame_071,early_bud_pair,175.0,114.0,239.0,172.0,v6_mask_aware_pseudo_label,needs_review,one_nucleus_near_budneck; budneck_idx=4; mask_source=v6_ml_detection\sam_masks\prompted_mobile_sam_from_source_tifs\instances\training_2_frame_071.png; box_source=mask_union;seeds=n6+b4
training_2_frame_072,mother_bud_pair,81.0,110.0,143.0,158.0,v6_mask_aware_pseudo_label,needs_review,two_nuclei_near_budneck; budneck_idx=1; mask_source=v6_ml_detection\sam_masks\prompted_mobile_sam_from_source_tifs\instances\training_2_frame_072.png; box_source=mask_union;seeds=n1+n2+b1
training_2_frame_072,early_bud_pair,154.0,77.0,210.0,119.0,v6_mask_aware_pseudo_label,needs_review,one_nucleus_near_budneck; budneck_idx=0; mask_source=v6_ml_detection\sam_masks\prompted_mobile_sam_from_source_tifs\instances\training_2_frame_072.png; box_source=mask_union;seeds=n0+b0
training_2_frame_073,mother_bud_pair,101.0,47.0,153.0,106.0,v6_mask_aware_pseudo_label,needs_review,two_nuclei_near_budneck; budneck_idx=0; mask_source=v6_ml_detection\sam_masks\prompted_mobile_sam_from_source_tifs\instances\training_2_frame_073.png; box_source=mask_union;seeds=n1+n0+b0
training_2_frame_073,mother_bud_pair,0.0,121.0,49.0,162.0,v6_mask_aware_pseudo_label,needs_review,two_nuclei_near_budneck; budneck_idx=1; mask_source=v6_ml_detection\sam_masks\prompted_mobile_sam_from_source_tifs\instances\training_2_frame_073.png; box_source=mask_union;seeds=n4+n2+b1
training_2_frame_073,mother_bud_pair,146.0,134.0,206.0,178.0,v6_mask_aware_pseudo_label,needs_review,two_nuclei_near_budneck; budneck_idx=3; mask_source=v6_ml_detection\sam_masks\prompted_mobile_sam_from_source_tifs\instances\training_2_frame_073.png; box_source=mask_union;seeds=n3+n5+b3
training_2_frame_073,early_bud_pair,223.0,189.0,255.0,250.0,v6_mask_aware_pseudo_label,needs_review,one_nucleus_near_budneck; budneck_idx=4; mask_source=v6_ml_detection\sam_masks\prompted_mobile_sam_from_source_tifs\instances\training_2_frame_073.png; box_source=mask_union;seeds=n6+b4
training_2_frame_074,mother_bud_pair,194.0,49.0,253.0,105.0,v6_mask_aware_pseudo_label,needs_review,two_nuclei_near_budneck; budneck_idx=0; mask_source=v6_ml_detection\sam_masks\prompted_mobile_sam_from_source_tifs\instances\training_2_frame_074.png; box_source=mask_union;seeds=n0+n1+b0
training_2_frame_074,early_bud_pair,101.0,115.0,155.0,154.0,v6_mask_aware_pseudo_label,needs_review,one_nucleus_near_budneck; budneck_idx=4; mask_source=v6_ml_detection\sam_masks\prompted_mobile_sam_from_source_tifs\instances\training_2_frame_074.png; box_source=mask_union;seeds=n3+b4
training_2_frame_074,early_bud_pair,56.0,103.0,93.0,142.0,v6_mask_aware_pseudo_label,needs_review,one_nucleus_near_budneck; budneck_idx=1; mask_source=v6_ml_detection\sam_masks\prompted_mobile_sam_from_source_tifs\instances\training_2_frame_074.png; box_source=mask_union;seeds=n2+b1
training_2_frame_075,mother_bud_pair,23.0,22.0,63.0,75.0,v6_mask_aware_pseudo_label,needs_review,two_nuclei_near_budneck; budneck_idx=1; mask_source=v6_ml_detection\sam_masks\prompted_mobile_sam_from_source_tifs\instances\training_2_frame_075.png; box_source=mask_union;seeds=n0+n1+b1
training_2_frame_075,early_bud_pair,138.0,127.0,189.0,173.0,v6_mask_aware_pseudo_label,needs_review,one_nucleus_near_budneck; budneck_idx=3; mask_source=v6_ml_detection\sam_masks\prompted_mobile_sam_from_source_tifs\instances\training_2_frame_075.png; box_source=mask_union;seeds=n4+b3
training_2_frame_075,single_cell,147.0,63.0,186.0,106.0,v6_mask_aware_pseudo_label,needs_review,unpaired_green_nucleus; nucleus_idx=2; mask_source=v6_ml_detection\sam_masks\prompted_mobile_sam_from_source_tifs\instances\training_2_frame_075.png; box_source=mask_union;seeds=n2
training_2_frame_075,single_cell,137.0,91.0,171.0,128.0,v6_mask_aware_pseudo_label,needs_review,unpaired_green_nucleus; nucleus_idx=3; mask_source=v6_ml_detection\sam_masks\prompted_mobile_sam_from_source_tifs\instances\training_2_frame_075.png; box_source=mask_union;seeds=n3
training_2_frame_076,mother_bud_pair,124.0,97.0,185.0,138.0,v6_mask_aware_pseudo_label,needs_review,two_nuclei_near_budneck; budneck_idx=3; mask_source=v6_ml_detection\sam_masks\prompted_mobile_sam_from_source_tifs\instances\training_2_frame_076.png; box_source=mask_union;seeds=n5+n4+b3
training_2_frame_076,mother_bud_pair,124.0,4.0,168.0,62.0,v6_mask_aware_pseudo_label,needs_review,two_nuclei_near_budneck; budneck_idx=0; mask_source=v6_ml_detection\sam_masks\prompted_mobile_sam_from_source_tifs\instances\training_2_frame_076.png; box_source=mask_union;seeds=n2+n0+b0
training_2_frame_076,mother_bud_pair,81.0,17.0,134.0,83.0,v6_mask_aware_pseudo_label,needs_review,two_nuclei_near_budneck; budneck_idx=1; mask_source=v6_ml_detection\sam_masks\prompted_mobile_sam_from_source_tifs\instances\training_2_frame_076.png; box_source=mask_union;seeds=n1+n3+b1
training_2_frame_076,early_bud_pair,67.0,124.0,125.0,178.0,v6_mask_aware_pseudo_label,needs_review,one_nucleus_near_budneck; budneck_idx=4; mask_source=v6_ml_detection\sam_masks\prompted_mobile_sam_from_source_tifs\instances\training_2_frame_076.png; box_source=mask_union;seeds=n6+b4
training_2_frame_076,early_bud_pair,110.0,224.0,154.0,255.0,v6_mask_aware_pseudo_label,needs_review,one_nucleus_near_budneck; budneck_idx=5; mask_source=v6_ml_detection\sam_masks\prompted_mobile_sam_from_source_tifs\instances\training_2_frame_076.png; box_source=mask_union;seeds=n7+b5
training_2_frame_076,early_bud_pair,214.0,226.0,255.0,255.0,v6_mask_aware_pseudo_label,needs_review,one_nucleus_near_budneck; budneck_idx=6; mask_source=v6_ml_detection\sam_masks\prompted_mobile_sam_from_source_tifs\instances\training_2_frame_076.png; box_source=mask_union;seeds=n8+b6
training_2_frame_077,mother_bud_pair,150.0,62.0,204.0,114.0,v6_mask_aware_pseudo_label,needs_review,two_nuclei_near_budneck; budneck_idx=0; mask_source=v6_ml_detection\sam_masks\prompted_mobile_sam_from_source_tifs\instances\training_2_frame_077.png; box_source=mask_union;seeds=n1+n0+b0
training_2_frame_077,mother_bud_pair,24.0,91.0,64.0,152.0,v6_mask_aware_pseudo_label,needs_review,two_nuclei_near_budneck; budneck_idx=1; mask_source=v6_ml_detection\sam_masks\prompted_mobile_sam_from_source_tifs\instances\training_2_frame_077.png; box_source=mask_union;seeds=n2+n3+b1
training_2_frame_077,mother_bud_pair,140.0,150.0,202.0,188.0,v6_mask_aware_pseudo_label,needs_review,two_nuclei_near_budneck; budneck_idx=2; mask_source=v6_ml_detection\sam_masks\prompted_mobile_sam_from_source_tifs\instances\training_2_frame_077.png; box_source=mask_union;seeds=n4+n5+b2
training_2_frame_078,mother_bud_pair,59.0,111.0,122.0,170.0,v6_mask_aware_pseudo_label,needs_review,two_nuclei_near_budneck; budneck_idx=3; mask_source=v6_ml_detection\sam_masks\prompted_mobile_sam_from_source_tifs\instances\training_2_frame_078.png; box_source=mask_union;seeds=n3+n4+b3
training_2_frame_078,mother_bud_pair,37.0,23.0,90.0,89.0,v6_mask_aware_pseudo_label,needs_review,two_nuclei_near_budneck; budneck_idx=1; mask_source=v6_ml_detection\sam_masks\prompted_mobile_sam_from_source_tifs\instances\training_2_frame_078.png; box_source=mask_union;seeds=n1+n0+b1
training_2_frame_078,early_bud_pair,91.0,231.0,163.0,255.0,v6_mask_aware_pseudo_label,needs_review,one_nucleus_near_budneck; budneck_idx=4; mask_source=v6_ml_detection\sam_masks\prompted_mobile_sam_from_source_tifs\instances\training_2_frame_078.png; box_source=mask_union;seeds=n5+b4
training_2_frame_078,early_bud_pair,139.0,74.0,176.0,115.0,v6_mask_aware_pseudo_label,needs_review,one_nucleus_near_budneck; budneck_idx=2; mask_source=v6_ml_detection\sam_masks\prompted_mobile_sam_from_source_tifs\instances\training_2_frame_078.png; box_source=mask_union;seeds=n2+b2
training_2_frame_079,mother_bud_pair,100.0,34.0,148.0,85.0,v6_mask_aware_pseudo_label,needs_review,two_nuclei_near_budneck; budneck_idx=1; mask_source=v6_ml_detection\sam_masks\prompted_mobile_sam_from_source_tifs\instances\training_2_frame_079.png; box_source=mask_union;seeds=n1+n2+b1
training_2_frame_079,mother_bud_pair,50.0,194.0,110.0,247.0,v6_mask_aware_pseudo_label,needs_review,two_nuclei_near_budneck; budneck_idx=4; mask_source=v6_ml_detection\sam_masks\prompted_mobile_sam_from_source_tifs\instances\training_2_frame_079.png; box_source=mask_union;seeds=n5+n4+b4
training_2_frame_079,early_bud_pair,153.0,97.0,212.0,136.0,v6_mask_aware_pseudo_label,needs_review,one_nucleus_near_budneck; budneck_idx=3; mask_source=v6_ml_detection\sam_masks\prompted_mobile_sam_from_source_tifs\instances\training_2_frame_079.png; box_source=mask_union;seeds=n3+b3
training_2_frame_079,early_bud_pair,13.0,0.0,69.0,17.0,v6_mask_aware_pseudo_label,needs_review,one_nucleus_near_budneck; budneck_idx=0; mask_source=v6_ml_detection\sam_masks\prompted_mobile_sam_from_source_tifs\instances\training_2_frame_079.png; box_source=mask_union;seeds=n0+b0
training_2_frame_080,mother_bud_pair,185.0,44.0,238.0,103.0,v6_mask_aware_pseudo_label,needs_review,two_nuclei_near_budneck; budneck_idx=4; mask_source=v6_ml_detection\sam_masks\prompted_mobile_sam_from_source_tifs\instances\training_2_frame_080.png; box_source=mask_union;seeds=n5+n6+b4
training_2_frame_080,mother_bud_pair,45.0,118.0,96.0,182.0,v6_mask_aware_pseudo_label,needs_review,two_nuclei_near_budneck; budneck_idx=5; mask_source=v6_ml_detection\sam_masks\prompted_mobile_sam_from_source_tifs\instances\training_2_frame_080.png; box_source=mask_union;seeds=n9+n8+b5
training_2_frame_080,mother_bud_pair,81.0,16.0,141.0,77.0,v6_mask_aware_pseudo_label,needs_review,two_nuclei_near_budneck; budneck_idx=3; mask_source=v6_ml_detection\sam_masks\prompted_mobile_sam_from_source_tifs\instances\training_2_frame_080.png; box_source=mask_union;seeds=n3+n2+b3
training_2_frame_080,mother_bud_pair,0.0,8.0,53.0,82.0,v6_mask_aware_pseudo_label,needs_review,two_nuclei_near_budneck; budneck_idx=2; mask_source=v6_ml_detection\sam_masks\prompted_mobile_sam_from_source_tifs\instances\training_2_frame_080.png; box_source=mask_union;seeds=n4+n0+b2
training_2_frame_080,early_bud_pair,134.0,20.0,179.0,81.0,v6_mask_aware_pseudo_label,needs_review,one_nucleus_near_budneck; budneck_idx=1; mask_source=v6_ml_detection\sam_masks\prompted_mobile_sam_from_source_tifs\instances\training_2_frame_080.png; box_source=mask_union;seeds=n1+b1
training_2_frame_080,early_bud_pair,0.0,119.0,41.0,162.0,v6_mask_aware_pseudo_label,needs_review,one_nucleus_near_budneck; budneck_idx=6; mask_source=v6_ml_detection\sam_masks\prompted_mobile_sam_from_source_tifs\instances\training_2_frame_080.png; box_source=mask_union;seeds=n7+b6
training_2_frame_081,mother_bud_pair,138.0,0.0,190.0,56.0,v6_mask_aware_pseudo_label,needs_review,two_nuclei_near_budneck; budneck_idx=1; mask_source=v6_ml_detection\sam_masks\prompted_mobile_sam_from_source_tifs\instances\training_2_frame_081.png; box_source=mask_union;seeds=n3+n0+b1
training_2_frame_081,mother_bud_pair,23.0,0.0,83.0,44.0,v6_mask_aware_pseudo_label,needs_review,two_nuclei_near_budneck; budneck_idx=0; mask_source=v6_ml_detection\sam_masks\prompted_mobile_sam_from_source_tifs\instances\training_2_frame_081.png; box_source=mask_union;seeds=n2+n1+b0
training_2_frame_081,mother_bud_pair,109.0,153.0,170.0,199.0,v6_mask_aware_pseudo_label,needs_review,two_nuclei_near_budneck; budneck_idx=2; mask_source=v6_ml_detection\sam_masks\prompted_mobile_sam_from_source_tifs\instances\training_2_frame_081.png; box_source=mask_union;seeds=n5+n4+b2
training_2_frame_082,mother_bud_pair,46.0,71.0,100.0,134.0,v6_mask_aware_pseudo_label,needs_review,two_nuclei_near_budneck; budneck_idx=4; mask_source=v6_ml_detection\sam_masks\prompted_mobile_sam_from_source_tifs\instances\training_2_frame_082.png; box_source=mask_union;seeds=n2+n3+b4
training_2_frame_082,mother_bud_pair,176.0,112.0,241.0,156.0,v6_mask_aware_pseudo_label,needs_review,two_nuclei_near_budneck; budneck_idx=5; mask_source=v6_ml_detection\sam_masks\prompted_mobile_sam_from_source_tifs\instances\training_2_frame_082.png; box_source=mask_union;seeds=n4+n5+b5
training_2_frame_082,mother_bud_pair,102.0,15.0,163.0,49.0,v6_mask_aware_pseudo_label,needs_review,two_nuclei_near_budneck; budneck_idx=1; mask_source=v6_ml_detection\sam_masks\prompted_mobile_sam_from_source_tifs\instances\training_2_frame_082.png; box_source=mask_union;seeds=n1+n0+b1
training_2_frame_083,mother_bud_pair,14.0,111.0,84.0,171.0,v6_mask_aware_pseudo_label,needs_review,two_nuclei_near_budneck; budneck_idx=3; mask_source=v6_ml_detection\sam_masks\prompted_mobile_sam_from_source_tifs\instances\training_2_frame_083.png; box_source=mask_union;seeds=n6+n3+b3
training_2_frame_083,mother_bud_pair,9.0,46.0,67.0,93.0,v6_mask_aware_pseudo_label,needs_review,two_nuclei_near_budneck; budneck_idx=1; mask_source=v6_ml_detection\sam_masks\prompted_mobile_sam_from_source_tifs\instances\training_2_frame_083.png; box_source=mask_union;seeds=n0+n2+b1
training_2_frame_083,mother_bud_pair,163.0,103.0,206.0,163.0,v6_mask_aware_pseudo_label,needs_review,two_nuclei_near_budneck; budneck_idx=4; mask_source=v6_ml_detection\sam_masks\prompted_mobile_sam_from_source_tifs\instances\training_2_frame_083.png; box_source=mask_union;seeds=n4+n7+b4
training_2_frame_083,early_bud_pair,183.0,46.0,240.0,88.0,v6_mask_aware_pseudo_label,needs_review,one_nucleus_near_budneck; budneck_idx=0; mask_source=v6_ml_detection\sam_masks\prompted_mobile_sam_from_source_tifs\instances\training_2_frame_083.png; box_source=mask_union;seeds=n1+b0
training_2_frame_083,early_bud_pair,209.0,121.0,255.0,161.0,v6_mask_aware_pseudo_label,needs_review,one_nucleus_near_budneck; budneck_idx=6; mask_source=v6_ml_detection\sam_masks\prompted_mobile_sam_from_source_tifs\instances\training_2_frame_083.png; box_source=mask_union;seeds=n5+b6
training_2_frame_084,mother_bud_pair,143.0,78.0,185.0,145.0,v6_mask_aware_pseudo_label,needs_review,two_nuclei_near_budneck; budneck_idx=2; mask_source=v6_ml_detection\sam_masks\prompted_mobile_sam_from_source_tifs\instances\training_2_frame_084.png; box_source=mask_union;seeds=n2+n0+b2
training_2_frame_084,mother_bud_pair,28.0,118.0,76.0,179.0,v6_mask_aware_pseudo_label,needs_review,two_nuclei_near_budneck; budneck_idx=4; mask_source=v6_ml_detection\sam_masks\prompted_mobile_sam_from_source_tifs\instances\training_2_frame_084.png; box_source=mask_union;seeds=n4+n3+b4
training_2_frame_084,early_bud_pair,220.0,91.0,255.0,127.0,v6_mask_aware_pseudo_label,needs_review,one_nucleus_near_budneck; budneck_idx=3; mask_source=v6_ml_detection\sam_masks\prompted_mobile_sam_from_source_tifs\instances\training_2_frame_084.png; box_source=mask_union;seeds=n1+b3
training_2_frame_084,early_bud_pair,147.0,226.0,183.0,255.0,v6_mask_aware_pseudo_label,needs_review,one_nucleus_near_budneck; budneck_idx=5; mask_source=v6_ml_detection\sam_masks\prompted_mobile_sam_from_source_tifs\instances\training_2_frame_084.png; box_source=mask_union;seeds=n5+b5
training_2_frame_085,mother_bud_pair,196.0,32.0,250.0,87.0,v6_mask_aware_pseudo_label,needs_review,two_nuclei_near_budneck; budneck_idx=1; mask_source=v6_ml_detection\sam_masks\prompted_mobile_sam_from_source_tifs\instances\training_2_frame_085.png; box_source=mask_union;seeds=n3+n1+b1
training_2_frame_085,mother_bud_pair,204.0,181.0,247.0,240.0,v6_mask_aware_pseudo_label,needs_review,two_nuclei_near_budneck; budneck_idx=5; mask_source=v6_ml_detection\sam_masks\prompted_mobile_sam_from_source_tifs\instances\training_2_frame_085.png; box_source=mask_union;seeds=n7+n8+b5
training_2_frame_085,mother_bud_pair,24.0,10.0,75.0,69.0,v6_mask_aware_pseudo_label,needs_review,two_nuclei_near_budneck; budneck_idx=0; mask_source=v6_ml_detection\sam_masks\prompted_mobile_sam_from_source_tifs\instances\training_2_frame_085.png; box_source=mask_union;seeds=n2+n0+b0
training_2_frame_085,mother_bud_pair,81.0,91.0,146.0,140.0,v6_mask_aware_pseudo_label,needs_review,two_nuclei_near_budneck; budneck_idx=3; mask_source=v6_ml_detection\sam_masks\prompted_mobile_sam_from_source_tifs\instances\training_2_frame_085.png; box_source=mask_union;seeds=n4+n5+b3
training_2_frame_085,early_bud_pair,37.0,108.0,97.0,149.0,v6_mask_aware_pseudo_label,needs_review,one_nucleus_near_budneck; budneck_idx=4; mask_source=v6_ml_detection\sam_masks\prompted_mobile_sam_from_source_tifs\instances\training_2_frame_085.png; box_source=mask_union;seeds=n6+b4
training_2_frame_085,early_bud_pair,50.0,233.0,115.0,255.0,v6_mask_aware_pseudo_label,needs_review,one_nucleus_near_budneck; budneck_idx=6; mask_source=v6_ml_detection\sam_masks\prompted_mobile_sam_from_source_tifs\instances\training_2_frame_085.png; box_source=mask_union;seeds=n9+b6
training_2_frame_086,mother_bud_pair,120.0,12.0,177.0,49.0,v6_mask_aware_pseudo_label,needs_review,two_nuclei_near_budneck; budneck_idx=0; mask_source=v6_ml_detection\sam_masks\prompted_mobile_sam_from_source_tifs\instances\training_2_frame_086.png; box_source=mask_union;seeds=n0+n1+b0
training_2_frame_086,mother_bud_pair,55.0,34.0,106.0,101.0,v6_mask_aware_pseudo_label,needs_review,two_nuclei_near_budneck; budneck_idx=4; mask_source=v6_ml_detection\sam_masks\prompted_mobile_sam_from_source_tifs\instances\training_2_frame_086.png; box_source=mask_union;seeds=n2+n3+b4
training_2_frame_086,early_bud_pair,220.0,98.0,255.0,160.0,v6_mask_aware_pseudo_label,needs_review,one_nucleus_near_budneck; budneck_idx=5; mask_source=v6_ml_detection\sam_masks\prompted_mobile_sam_from_source_tifs\instances\training_2_frame_086.png; box_source=mask_union;seeds=n4+b5
training_2_frame_086,early_bud_pair,91.0,222.0,132.0,255.0,v6_mask_aware_pseudo_label,needs_review,one_nucleus_near_budneck; budneck_idx=6; mask_source=v6_ml_detection\sam_masks\prompted_mobile_sam_from_source_tifs\instances\training_2_frame_086.png; box_source=mask_union;seeds=n5+b6
training_2_frame_087,mother_bud_pair,106.0,55.0,136.0,106.0,v6_mask_aware_pseudo_label,needs_review,two_nuclei_near_budneck; budneck_idx=0; mask_source=v6_ml_detection\sam_masks\prompted_mobile_sam_from_source_tifs\instances\training_2_frame_087.png; box_source=mask_union;seeds=n6+n3+b0
training_2_frame_087,mother_bud_pair,161.0,89.0,217.0,132.0,v6_mask_aware_pseudo_label,needs_review,two_nuclei_near_budneck; budneck_idx=5; mask_source=v6_ml_detection\sam_masks\prompted_mobile_sam_from_source_tifs\instances\training_2_frame_087.png; box_source=mask_union;seeds=n10+n11+b5
training_2_frame_087,mother_bud_pair,103.0,128.0,168.0,176.0,v6_mask_aware_pseudo_label,needs_review,two_nuclei_near_budneck; budneck_idx=9; mask_source=v6_ml_detection\sam_masks\prompted_mobile_sam_from_source_tifs\instances\training_2_frame_087.png; box_source=mask_union;seeds=n13+n12+b9
training_2_frame_087,mother_bud_pair,123.0,62.0,179.0,112.0,v6_mask_aware_pseudo_label,needs_review,two_nuclei_near_budneck; budneck_idx=2; mask_source=v6_ml_detection\sam_masks\prompted_mobile_sam_from_source_tifs\instances\training_2_frame_087.png; box_source=mask_union;seeds=n7+n4+b2
training_2_frame_087,single_cell,79.0,50.0,112.0,88.0,v6_mask_aware_pseudo_label,needs_review,unpaired_green_nucleus; nucleus_idx=0; mask_source=v6_ml_detection\sam_masks\prompted_mobile_sam_from_source_tifs\instances\training_2_frame_087.png; box_source=mask_union;seeds=n0
training_2_frame_087,single_cell,122.0,62.0,143.0,88.0,v6_mask_aware_pseudo_label,needs_review,unpaired_green_nucleus; nucleus_idx=1; mask_source=v6_ml_detection\sam_masks\prompted_mobile_sam_from_source_tifs\instances\training_2_frame_087.png; box_source=mask_union;seeds=n1
training_2_frame_087,single_cell,100.0,50.0,121.0,88.0,v6_mask_aware_pseudo_label,needs_review,unpaired_green_nucleus; nucleus_idx=2; mask_source=v6_ml_detection\sam_masks\prompted_mobile_sam_from_source_tifs\instances\training_2_frame_087.png; box_source=mask_union;seeds=n2
training_2_frame_087,single_cell,97.0,79.0,119.0,106.0,v6_mask_aware_pseudo_label,needs_review,unpaired_green_nucleus; nucleus_idx=5; mask_source=v6_ml_detection\sam_masks\prompted_mobile_sam_from_source_tifs\instances\training_2_frame_087.png; box_source=mask_union;seeds=n5
training_2_frame_087,single_cell,69.0,76.0,95.0,118.0,v6_mask_aware_pseudo_label,needs_review,unpaired_green_nucleus; nucleus_idx=8; mask_source=v6_ml_detection\sam_masks\prompted_mobile_sam_from_source_tifs\instances\training_2_frame_087.png; box_source=mask_union;seeds=n8
training_2_frame_087,single_cell,79.0,79.0,107.0,118.0,v6_mask_aware_pseudo_label,needs_review,unpaired_green_nucleus; nucleus_idx=9; mask_source=v6_ml_detection\sam_masks\prompted_mobile_sam_from_source_tifs\instances\training_2_frame_087.png; box_source=mask_union;seeds=n9
training_2_frame_088,mother_bud_pair,100.0,46.0,144.0,104.0,v6_mask_aware_pseudo_label,needs_review,two_nuclei_near_budneck; budneck_idx=1; mask_source=v6_ml_detection\sam_masks\prompted_mobile_sam_from_source_tifs\instances\training_2_frame_088.png; box_source=mask_union;seeds=n2+n4+b1
training_2_frame_088,mother_bud_pair,136.0,46.0,192.0,88.0,v6_mask_aware_pseudo_label,needs_review,two_nuclei_near_budneck; budneck_idx=0; mask_source=v6_ml_detection\sam_masks\prompted_mobile_sam_from_source_tifs\instances\training_2_frame_088.png; box_source=mask_union;seeds=n0+n1+b0
training_2_frame_088,mother_bud_pair,137.0,213.0,191.0,255.0,v6_mask_aware_pseudo_label,needs_review,two_nuclei_near_budneck; budneck_idx=5; mask_source=v6_ml_detection\sam_masks\prompted_mobile_sam_from_source_tifs\instances\training_2_frame_088.png; box_source=mask_union;seeds=n7+n6+b5
training_2_frame_088,mother_bud_pair,187.0,64.0,237.0,106.0,v6_mask_aware_pseudo_label,needs_review,two_nuclei_near_budneck; budneck_idx=2; mask_source=v6_ml_detection\sam_masks\prompted_mobile_sam_from_source_tifs\instances\training_2_frame_088.png; box_source=mask_union;seeds=n3+n5+b2
training_2_frame_089,mother_bud_pair,49.0,89.0,109.0,136.0,v6_mask_aware_pseudo_label,needs_review,two_nuclei_near_budneck; budneck_idx=1; mask_source=v6_ml_detection\sam_masks\prompted_mobile_sam_from_source_tifs\instances\training_2_frame_089.png; box_source=mask_union;seeds=n2+n5+b1
training_2_frame_089,mother_bud_pair,92.0,104.0,141.0,167.0,v6_mask_aware_pseudo_label,needs_review,two_nuclei_near_budneck; budneck_idx=2; mask_source=v6_ml_detection\sam_masks\prompted_mobile_sam_from_source_tifs\instances\training_2_frame_089.png; box_source=mask_union;seeds=n6+n3+b2
training_2_frame_089,mother_bud_pair,109.0,34.0,158.0,94.0,v6_mask_aware_pseudo_label,needs_review,two_nuclei_near_budneck; budneck_idx=0; mask_source=v6_ml_detection\sam_masks\prompted_mobile_sam_from_source_tifs\instances\training_2_frame_089.png; box_source=mask_union;seeds=n1+n0+b0
training_2_frame_089,single_cell,41.0,102.0,72.0,135.0,v6_mask_aware_pseudo_label,needs_review,unpaired_green_nucleus; nucleus_idx=4; mask_source=v6_ml_detection\sam_masks\prompted_mobile_sam_from_source_tifs\instances\training_2_frame_089.png; box_source=mask_union;seeds=n4
training_2_frame_090,mother_bud_pair,175.0,7.0,225.0,62.0,v6_mask_aware_pseudo_label,needs_review,two_nuclei_near_budneck; budneck_idx=0; mask_source=v6_ml_detection\sam_masks\prompted_mobile_sam_from_source_tifs\instances\training_2_frame_090.png; box_source=mask_union;seeds=n1+n0+b0
training_2_frame_090,mother_bud_pair,82.0,162.0,150.0,215.0,v6_mask_aware_pseudo_label,needs_review,two_nuclei_near_budneck; budneck_idx=4; mask_source=v6_ml_detection\sam_masks\prompted_mobile_sam_from_source_tifs\instances\training_2_frame_090.png; box_source=mask_union;seeds=n6+n7+b4
training_2_frame_090,mother_bud_pair,115.0,34.0,153.0,74.0,v6_mask_aware_pseudo_label,needs_review,two_nuclei_near_budneck; budneck_idx=1; mask_source=v6_ml_detection\sam_masks\prompted_mobile_sam_from_source_tifs\instances\training_2_frame_090.png; box_source=mask_union;seeds=n3+n2+b1
training_2_frame_090,mother_bud_pair,35.0,69.0,81.0,125.0,v6_mask_aware_pseudo_label,needs_review,two_nuclei_near_budneck; budneck_idx=3; mask_source=v6_ml_detection\sam_masks\prompted_mobile_sam_from_source_tifs\instances\training_2_frame_090.png; box_source=mask_union;seeds=n5+n4+b3
training_2_frame_091,mother_bud_pair,163.0,97.0,215.0,157.0,v6_mask_aware_pseudo_label,needs_review,two_nuclei_near_budneck; budneck_idx=2; mask_source=v6_ml_detection\sam_masks\prompted_mobile_sam_from_source_tifs\instances\training_2_frame_091.png; box_source=mask_union;seeds=n3+n6+b2
training_2_frame_091,mother_bud_pair,18.0,108.0,93.0,165.0,v6_mask_aware_pseudo_label,needs_review,two_nuclei_near_budneck; budneck_idx=3; mask_source=v6_ml_detection\sam_masks\prompted_mobile_sam_from_source_tifs\instances\training_2_frame_091.png; box_source=mask_union;seeds=n5+n4+b3
training_2_frame_091,mother_bud_pair,59.0,57.0,102.0,129.0,v6_mask_aware_pseudo_label,needs_review,two_nuclei_near_budneck; budneck_idx=0; mask_source=v6_ml_detection\sam_masks\prompted_mobile_sam_from_source_tifs\instances\training_2_frame_091.png; box_source=mask_union;seeds=n2+n0+b0
training_2_frame_091,early_bud_pair,157.0,60.0,218.0,120.0,v6_mask_aware_pseudo_label,needs_review,one_nucleus_near_budneck; budneck_idx=1; mask_source=v6_ml_detection\sam_masks\prompted_mobile_sam_from_source_tifs\instances\training_2_frame_091.png; box_source=mask_union;seeds=n1+b1
training_2_frame_092,mother_bud_pair,87.0,0.0,152.0,51.0,v6_mask_aware_pseudo_label,needs_review,two_nuclei_near_budneck; budneck_idx=0; mask_source=v6_ml_detection\sam_masks\prompted_mobile_sam_from_source_tifs\instances\training_2_frame_092.png; box_source=mask_union;seeds=n0+n1+b0
training_2_frame_092,mother_bud_pair,139.0,59.0,210.0,116.0,v6_mask_aware_pseudo_label,needs_review,two_nuclei_near_budneck; budneck_idx=2; mask_source=v6_ml_detection\sam_masks\prompted_mobile_sam_from_source_tifs\instances\training_2_frame_092.png; box_source=mask_union;seeds=n4+n3+b2
training_2_frame_092,mother_bud_pair,0.0,143.0,40.0,190.0,v6_mask_aware_pseudo_label,needs_review,two_nuclei_near_budneck; budneck_idx=3; mask_source=v6_ml_detection\sam_masks\prompted_mobile_sam_from_source_tifs\instances\training_2_frame_092.png; box_source=mask_union;seeds=n6+n5+b3
training_2_frame_092,early_bud_pair,66.0,173.0,112.0,227.0,v6_mask_aware_pseudo_label,needs_review,one_nucleus_near_budneck; budneck_idx=4; mask_source=v6_ml_detection\sam_masks\prompted_mobile_sam_from_source_tifs\instances\training_2_frame_092.png; box_source=mask_union;seeds=n7+b4
training_2_frame_092,early_bud_pair,20.0,197.0,54.0,233.0,v6_mask_aware_pseudo_label,needs_review,one_nucleus_near_budneck; budneck_idx=6; mask_source=v6_ml_detection\sam_masks\prompted_mobile_sam_from_source_tifs\instances\training_2_frame_092.png; box_source=mask_union;seeds=n8+b6
training_2_frame_092,early_bud_pair,142.0,27.0,194.0,77.0,v6_mask_aware_pseudo_label,needs_review,one_nucleus_near_budneck; budneck_idx=1; mask_source=v6_ml_detection\sam_masks\prompted_mobile_sam_from_source_tifs\instances\training_2_frame_092.png; box_source=mask_union;seeds=n2+b1
training_2_frame_093,mother_bud_pair,128.0,102.0,191.0,146.0,v6_mask_aware_pseudo_label,needs_review,two_nuclei_near_budneck; budneck_idx=2; mask_source=v6_ml_detection\sam_masks\prompted_mobile_sam_from_source_tifs\instances\training_2_frame_093.png; box_source=mask_union;seeds=n3+n2+b2
training_2_frame_093,mother_bud_pair,51.0,51.0,107.0,99.0,v6_mask_aware_pseudo_label,needs_review,two_nuclei_near_budneck; budneck_idx=0; mask_source=v6_ml_detection\sam_masks\prompted_mobile_sam_from_source_tifs\instances\training_2_frame_093.png; box_source=mask_union;seeds=n0+n1+b0
training_2_frame_093,mother_bud_pair,123.0,128.0,190.0,172.0,v6_mask_aware_pseudo_label,needs_review,two_nuclei_near_budneck; budneck_idx=3; mask_source=v6_ml_detection\sam_masks\prompted_mobile_sam_from_source_tifs\instances\training_2_frame_093.png; box_source=mask_union;seeds=n5+n4+b3
training_2_frame_093,early_bud_pair,124.0,201.0,165.0,241.0,v6_mask_aware_pseudo_label,needs_review,one_nucleus_near_budneck; budneck_idx=4; mask_source=v6_ml_detection\sam_masks\prompted_mobile_sam_from_source_tifs\instances\training_2_frame_093.png; box_source=mask_union;seeds=n6+b4
training_2_frame_094,mother_bud_pair,182.0,65.0,236.0,121.0,v6_mask_aware_pseudo_label,needs_review,two_nuclei_near_budneck; budneck_idx=1; mask_source=v6_ml_detection\sam_masks\prompted_mobile_sam_from_source_tifs\instances\training_2_frame_094.png; box_source=mask_union;seeds=n0+n2+b1
training_2_frame_094,early_bud_pair,27.0,56.0,70.0,97.0,v6_mask_aware_pseudo_label,needs_review,one_nucleus_near_budneck; budneck_idx=0; mask_source=v6_ml_detection\sam_masks\prompted_mobile_sam_from_source_tifs\instances\training_2_frame_094.png; box_source=mask_union;seeds=n1+b0
training_2_frame_094,early_bud_pair,97.0,120.0,140.0,159.0,v6_mask_aware_pseudo_label,needs_review,one_nucleus_near_budneck; budneck_idx=3; mask_source=v6_ml_detection\sam_masks\prompted_mobile_sam_from_source_tifs\instances\training_2_frame_094.png; box_source=mask_union;seeds=n3+b3
training_2_frame_095,mother_bud_pair,101.0,167.0,155.0,217.0,v6_mask_aware_pseudo_label,needs_review,two_nuclei_near_budneck; budneck_idx=5; mask_source=v6_ml_detection\sam_masks\prompted_mobile_sam_from_source_tifs\instances\training_2_frame_095.png; box_source=mask_union;seeds=n1+n0+b5
training_2_frame_096,mother_bud_pair,27.0,39.0,79.0,108.0,v6_mask_aware_pseudo_label,needs_review,two_nuclei_near_budneck; budneck_idx=2; mask_source=v6_ml_detection\sam_masks\prompted_mobile_sam_from_source_tifs\instances\training_2_frame_096.png; box_source=mask_union;seeds=n1+n0+b2
training_2_frame_096,mother_bud_pair,139.0,84.0,199.0,124.0,v6_mask_aware_pseudo_label,needs_review,two_nuclei_near_budneck; budneck_idx=4; mask_source=v6_ml_detection\sam_masks\prompted_mobile_sam_from_source_tifs\instances\training_2_frame_096.png; box_source=mask_union;seeds=n4+n3+b4
training_2_frame_096,early_bud_pair,77.0,65.0,119.0,104.0,v6_mask_aware_pseudo_label,needs_review,one_nucleus_near_budneck; budneck_idx=3; mask_source=v6_ml_detection\sam_masks\prompted_mobile_sam_from_source_tifs\instances\training_2_frame_096.png; box_source=mask_union;seeds=n2+b3
training_2_frame_096,early_bud_pair,118.0,121.0,158.0,153.0,v6_mask_aware_pseudo_label,needs_review,one_nucleus_near_budneck; budneck_idx=6; mask_source=v6_ml_detection\sam_masks\prompted_mobile_sam_from_source_tifs\instances\training_2_frame_096.png; box_source=mask_union;seeds=n5+b6
training_2_frame_097,mother_bud_pair,203.0,18.0,255.0,62.0,v6_mask_aware_pseudo_label,needs_review,two_nuclei_near_budneck; budneck_idx=0; mask_source=v6_ml_detection\sam_masks\prompted_mobile_sam_from_source_tifs\instances\training_2_frame_097.png; box_source=mask_union;seeds=n0+n1+b0
training_2_frame_097,mother_bud_pair,64.0,84.0,109.0,139.0,v6_mask_aware_pseudo_label,needs_review,two_nuclei_near_budneck; budneck_idx=2; mask_source=v6_ml_detection\sam_masks\prompted_mobile_sam_from_source_tifs\instances\training_2_frame_097.png; box_source=mask_union;seeds=n6+n4+b2
training_2_frame_097,mother_bud_pair,81.0,47.0,136.0,91.0,v6_mask_aware_pseudo_label,needs_review,two_nuclei_near_budneck; budneck_idx=1; mask_source=v6_ml_detection\sam_masks\prompted_mobile_sam_from_source_tifs\instances\training_2_frame_097.png; box_source=mask_union;seeds=n3+n2+b1
training_2_frame_097,mother_bud_pair,164.0,195.0,202.0,255.0,v6_mask_aware_pseudo_label,needs_review,two_nuclei_near_budneck; budneck_idx=9; mask_source=v6_ml_detection\sam_masks\prompted_mobile_sam_from_source_tifs\instances\training_2_frame_097.png; box_source=mask_union;seeds=n9+n8+b9
training_2_frame_097,early_bud_pair,28.0,150.0,82.0,199.0,v6_mask_aware_pseudo_label,needs_review,one_nucleus_near_budneck; budneck_idx=6; mask_source=v6_ml_detection\sam_masks\prompted_mobile_sam_from_source_tifs\instances\training_2_frame_097.png; box_source=mask_union;seeds=n7+b6
training_2_frame_097,early_bud_pair,95.0,91.0,119.0,118.0,v6_mask_aware_pseudo_label,needs_review,one_nucleus_near_budneck; budneck_idx=4; mask_source=v6_ml_detection\sam_masks\prompted_mobile_sam_from_source_tifs\instances\training_2_frame_097.png; box_source=mask_union;seeds=n5+b4
training_2_frame_098,mother_bud_pair,143.0,124.0,195.0,174.0,v6_mask_aware_pseudo_label,needs_review,two_nuclei_near_budneck; budneck_idx=1; mask_source=v6_ml_detection\sam_masks\prompted_mobile_sam_from_source_tifs\instances\training_2_frame_098.png; box_source=mask_union;seeds=n1+n0+b1
training_2_frame_098,mother_bud_pair,82.0,207.0,137.0,252.0,v6_mask_aware_pseudo_label,needs_review,two_nuclei_near_budneck; budneck_idx=5; mask_source=v6_ml_detection\sam_masks\prompted_mobile_sam_from_source_tifs\instances\training_2_frame_098.png; box_source=mask_union;seeds=n6+n5+b5
training_2_frame_098,mother_bud_pair,121.0,158.0,168.0,221.0,v6_mask_aware_pseudo_label,needs_review,two_nuclei_near_budneck; budneck_idx=2; mask_source=v6_ml_detection\sam_masks\prompted_mobile_sam_from_source_tifs\instances\training_2_frame_098.png; box_source=mask_union;seeds=n3+n2+b2
training_2_frame_098,early_bud_pair,57.0,193.0,99.0,230.0,v6_mask_aware_pseudo_label,needs_review,one_nucleus_near_budneck; budneck_idx=4; mask_source=v6_ml_detection\sam_masks\prompted_mobile_sam_from_source_tifs\instances\training_2_frame_098.png; box_source=mask_union;seeds=n4+b4
training_2_frame_099,mother_bud_pair,122.0,43.0,179.0,94.0,v6_mask_aware_pseudo_label,needs_review,two_nuclei_near_budneck; budneck_idx=0; mask_source=v6_ml_detection\sam_masks\prompted_mobile_sam_from_source_tifs\instances\training_2_frame_099.png; box_source=mask_union;seeds=n1+n0+b0
training_2_frame_099,mother_bud_pair,123.0,115.0,164.0,165.0,v6_mask_aware_pseudo_label,needs_review,two_nuclei_near_budneck; budneck_idx=3; mask_source=v6_ml_detection\sam_masks\prompted_mobile_sam_from_source_tifs\instances\training_2_frame_099.png; box_source=mask_union;seeds=n4+n3+b3
training_2_frame_099,early_bud_pair,58.0,108.0,102.0,170.0,v6_mask_aware_pseudo_label,needs_review,one_nucleus_near_budneck; budneck_idx=5; mask_source=v6_ml_detection\sam_masks\prompted_mobile_sam_from_source_tifs\instances\training_2_frame_099.png; box_source=mask_union;seeds=n2+b5
training_2_frame_099,early_bud_pair,108.0,228.0,146.0,255.0,v6_mask_aware_pseudo_label,needs_review,one_nucleus_near_budneck; budneck_idx=8; mask_source=v6_ml_detection\sam_masks\prompted_mobile_sam_from_source_tifs\instances\training_2_frame_099.png; box_source=mask_union;seeds=n5+b8
training_2_frame_100,mother_bud_pair,120.0,87.0,177.0,139.0,v6_mask_aware_pseudo_label,needs_review,two_nuclei_near_budneck; budneck_idx=4; mask_source=v6_ml_detection\sam_masks\prompted_mobile_sam_from_source_tifs\instances\training_2_frame_100.png; box_source=mask_union;seeds=n2+n3+b4
training_2_frame_100,mother_bud_pair,116.0,0.0,161.0,48.0,v6_mask_aware_pseudo_label,needs_review,two_nuclei_near_budneck; budneck_idx=0; mask_source=v6_ml_detection\sam_masks\prompted_mobile_sam_from_source_tifs\instances\training_2_frame_100.png; box_source=mask_union;seeds=n1+n0+b0
training_2_frame_100,mother_bud_pair,90.0,153.0,154.0,197.0,v6_mask_aware_pseudo_label,needs_review,two_nuclei_near_budneck; budneck_idx=7; mask_source=v6_ml_detection\sam_masks\prompted_mobile_sam_from_source_tifs\instances\training_2_frame_100.png; box_source=mask_union;seeds=n5+n4+b7
training_2_frame_100,mother_bud_pair,11.0,218.0,68.0,255.0,v6_mask_aware_pseudo_label,needs_review,two_nuclei_near_budneck; budneck_idx=9; mask_source=v6_ml_detection\sam_masks\prompted_mobile_sam_from_source_tifs\instances\training_2_frame_100.png; box_source=mask_union;seeds=n7+n6+b9
training_2_frame_101,mother_bud_pair,63.0,0.0,119.0,60.0,v6_mask_aware_pseudo_label,needs_review,two_nuclei_near_budneck; budneck_idx=0; mask_source=v6_ml_detection\sam_masks\prompted_mobile_sam_from_source_tifs\instances\training_2_frame_101.png; box_source=mask_union;seeds=n0+n1+b0
training_2_frame_101,mother_bud_pair,83.0,77.0,150.0,138.0,v6_mask_aware_pseudo_label,needs_review,two_nuclei_near_budneck; budneck_idx=3; mask_source=v6_ml_detection\sam_masks\prompted_mobile_sam_from_source_tifs\instances\training_2_frame_101.png; box_source=mask_union;seeds=n4+n3+b3
training_2_frame_101,early_bud_pair,165.0,46.0,203.0,84.0,v6_mask_aware_pseudo_label,needs_review,one_nucleus_near_budneck; budneck_idx=2; mask_source=v6_ml_detection\sam_masks\prompted_mobile_sam_from_source_tifs\instances\training_2_frame_101.png; box_source=mask_union;seeds=n2+b2
training_2_frame_102,mother_bud_pair,54.0,52.0,92.0,118.0,v6_mask_aware_pseudo_label,needs_review,two_nuclei_near_budneck; budneck_idx=0; mask_source=v6_ml_detection\sam_masks\prompted_mobile_sam_from_source_tifs\instances\training_2_frame_102.png; box_source=mask_union;seeds=n0+n3+b0
training_2_frame_102,mother_bud_pair,170.0,66.0,234.0,109.0,v6_mask_aware_pseudo_label,needs_review,two_nuclei_near_budneck; budneck_idx=1; mask_source=v6_ml_detection\sam_masks\prompted_mobile_sam_from_source_tifs\instances\training_2_frame_102.png; box_source=mask_union;seeds=n1+n2+b1
training_2_frame_102,early_bud_pair,81.0,83.0,129.0,130.0,v6_mask_aware_pseudo_label,needs_review,one_nucleus_near_budneck; budneck_idx=2; mask_source=v6_ml_detection\sam_masks\prompted_mobile_sam_from_source_tifs\instances\training_2_frame_102.png; box_source=mask_union;seeds=n4+b2
training_2_frame_103,mother_bud_pair,74.0,104.0,116.0,167.0,v6_mask_aware_pseudo_label,needs_review,two_nuclei_near_budneck; budneck_idx=3; mask_source=v6_ml_detection\sam_masks\prompted_mobile_sam_from_source_tifs\instances\training_2_frame_103.png; box_source=mask_union;seeds=n2+n3+b3
training_2_frame_103,early_bud_pair,191.0,74.0,229.0,113.0,v6_mask_aware_pseudo_label,needs_review,one_nucleus_near_budneck; budneck_idx=2; mask_source=v6_ml_detection\sam_masks\prompted_mobile_sam_from_source_tifs\instances\training_2_frame_103.png; box_source=mask_union;seeds=n1+b2
training_2_frame_103,early_bud_pair,33.0,60.0,87.0,102.0,v6_mask_aware_pseudo_label,needs_review,one_nucleus_near_budneck; budneck_idx=1; mask_source=v6_ml_detection\sam_masks\prompted_mobile_sam_from_source_tifs\instances\training_2_frame_103.png; box_source=mask_union;seeds=n0+b1
training_2_frame_103,early_bud_pair,186.0,160.0,223.0,193.0,v6_mask_aware_pseudo_label,needs_review,one_nucleus_near_budneck; budneck_idx=6; mask_source=v6_ml_detection\sam_masks\prompted_mobile_sam_from_source_tifs\instances\training_2_frame_103.png; box_source=mask_union;seeds=n4+b6
training_2_frame_103,single_cell,2.0,238.0,36.0,255.0,v6_mask_aware_pseudo_label,needs_review,unpaired_green_nucleus; nucleus_idx=5; mask_source=v6_ml_detection\sam_masks\prompted_mobile_sam_from_source_tifs\instances\training_2_frame_103.png; box_source=mask_union;seeds=n5
training_2_frame_104,mother_bud_pair,107.0,29.0,163.0,84.0,v6_mask_aware_pseudo_label,needs_review,two_nuclei_near_budneck; budneck_idx=1; mask_source=v6_ml_detection\sam_masks\prompted_mobile_sam_from_source_tifs\instances\training_2_frame_104.png; box_source=mask_union;seeds=n2+n1+b1
training_2_frame_104,mother_bud_pair,87.0,152.0,146.0,210.0,v6_mask_aware_pseudo_label,needs_review,two_nuclei_near_budneck; budneck_idx=6; mask_source=v6_ml_detection\sam_masks\prompted_mobile_sam_from_source_tifs\instances\training_2_frame_104.png; box_source=mask_union;seeds=n5+n6+b6
training_2_frame_104,mother_bud_pair,70.0,115.0,121.0,176.0,v6_mask_aware_pseudo_label,needs_review,two_nuclei_near_budneck; budneck_idx=4; mask_source=v6_ml_detection\sam_masks\prompted_mobile_sam_from_source_tifs\instances\training_2_frame_104.png; box_source=mask_union;seeds=n4+n3+b4
training_2_frame_104,early_bud_pair,229.0,0.0,255.0,38.0,v6_mask_aware_pseudo_label,needs_review,one_nucleus_near_budneck; budneck_idx=0; mask_source=v6_ml_detection\sam_masks\prompted_mobile_sam_from_source_tifs\instances\training_2_frame_104.png; box_source=mask_union;seeds=n0+b0
training_2_frame_105,mother_bud_pair,80.0,104.0,140.0,153.0,v6_mask_aware_pseudo_label,needs_review,two_nuclei_near_budneck; budneck_idx=2; mask_source=v6_ml_detection\sam_masks\prompted_mobile_sam_from_source_tifs\instances\training_2_frame_105.png; box_source=mask_union;seeds=n2+n3+b2
training_2_frame_105,mother_bud_pair,112.0,47.0,148.0,107.0,v6_mask_aware_pseudo_label,needs_review,two_nuclei_near_budneck; budneck_idx=1; mask_source=v6_ml_detection\sam_masks\prompted_mobile_sam_from_source_tifs\instances\training_2_frame_105.png; box_source=mask_union;seeds=n1+n0+b1
training_2_frame_105,early_bud_pair,139.0,105.0,175.0,165.0,v6_mask_aware_pseudo_label,needs_review,one_nucleus_near_budneck; budneck_idx=3; mask_source=v6_ml_detection\sam_masks\prompted_mobile_sam_from_source_tifs\instances\training_2_frame_105.png; box_source=mask_union;seeds=n4+b3
training_2_frame_106,mother_bud_pair,83.0,139.0,145.0,194.0,v6_mask_aware_pseudo_label,needs_review,two_nuclei_near_budneck; budneck_idx=2; mask_source=v6_ml_detection\sam_masks\prompted_mobile_sam_from_source_tifs\instances\training_2_frame_106.png; box_source=mask_union;seeds=n2+n3+b2
training_2_frame_106,mother_bud_pair,30.0,184.0,84.0,242.0,v6_mask_aware_pseudo_label,needs_review,two_nuclei_near_budneck; budneck_idx=5; mask_source=v6_ml_detection\sam_masks\prompted_mobile_sam_from_source_tifs\instances\training_2_frame_106.png; box_source=mask_union;seeds=n6+n7+b5
training_2_frame_106,early_bud_pair,115.0,38.0,170.0,79.0,v6_mask_aware_pseudo_label,needs_review,one_nucleus_near_budneck; budneck_idx=0; mask_source=v6_ml_detection\sam_masks\prompted_mobile_sam_from_source_tifs\instances\training_2_frame_106.png; box_source=mask_union;seeds=n1+b0
training_2_frame_106,early_bud_pair,220.0,159.0,255.0,199.0,v6_mask_aware_pseudo_label,needs_review,one_nucleus_near_budneck; budneck_idx=3; mask_source=v6_ml_detection\sam_masks\prompted_mobile_sam_from_source_tifs\instances\training_2_frame_106.png; box_source=mask_union;seeds=n4+b3
training_2_frame_106,early_bud_pair,73.0,14.0,112.0,73.0,v6_mask_aware_pseudo_label,needs_review,one_nucleus_near_budneck; budneck_idx=1; mask_source=v6_ml_detection\sam_masks\prompted_mobile_sam_from_source_tifs\instances\training_2_frame_106.png; box_source=mask_union;seeds=n0+b1
training_2_frame_106,early_bud_pair,115.0,165.0,151.0,204.0,v6_mask_aware_pseudo_label,needs_review,one_nucleus_near_budneck; budneck_idx=4; mask_source=v6_ml_detection\sam_masks\prompted_mobile_sam_from_source_tifs\instances\training_2_frame_106.png; box_source=mask_union;seeds=n5+b4
training_2_frame_107,mother_bud_pair,82.0,186.0,140.0,229.0,v6_mask_aware_pseudo_label,needs_review,two_nuclei_near_budneck; budneck_idx=4; mask_source=v6_ml_detection\sam_masks\prompted_mobile_sam_from_source_tifs\instances\training_2_frame_107.png; box_source=mask_union;seeds=n2+n1+b4
training_2_frame_107,early_bud_pair,58.0,59.0,110.0,101.0,v6_mask_aware_pseudo_label,needs_review,one_nucleus_near_budneck; budneck_idx=1; mask_source=v6_ml_detection\sam_masks\prompted_mobile_sam_from_source_tifs\instances\training_2_frame_107.png; box_source=mask_union;seeds=n0+b1
training_2_frame_108,mother_bud_pair,68.0,83.0,128.0,145.0,v6_mask_aware_pseudo_label,needs_review,two_nuclei_near_budneck; budneck_idx=1; mask_source=v6_ml_detection\sam_masks\prompted_mobile_sam_from_source_tifs\instances\training_2_frame_108.png; box_source=mask_union;seeds=n2+n3+b1
training_2_frame_108,mother_bud_pair,123.0,59.0,167.0,118.0,v6_mask_aware_pseudo_label,needs_review,two_nuclei_near_budneck; budneck_idx=0; mask_source=v6_ml_detection\sam_masks\prompted_mobile_sam_from_source_tifs\instances\training_2_frame_108.png; box_source=mask_union;seeds=n1+n0+b0
training_2_frame_108,early_bud_pair,0.0,205.0,28.0,239.0,v6_mask_aware_pseudo_label,needs_review,one_nucleus_near_budneck; budneck_idx=6; mask_source=v6_ml_detection\sam_masks\prompted_mobile_sam_from_source_tifs\instances\training_2_frame_108.png; box_source=mask_union;seeds=n5+b6
training_2_frame_108,early_bud_pair,0.0,153.0,22.0,197.0,v6_mask_aware_pseudo_label,needs_review,one_nucleus_near_budneck; budneck_idx=3; mask_source=v6_ml_detection\sam_masks\prompted_mobile_sam_from_source_tifs\instances\training_2_frame_108.png; box_source=mask_union;seeds=n4+b3
training_2_frame_109,mother_bud_pair,132.0,56.0,186.0,115.0,v6_mask_aware_pseudo_label,needs_review,two_nuclei_near_budneck; budneck_idx=1; mask_source=v6_ml_detection\sam_masks\prompted_mobile_sam_from_source_tifs\instances\training_2_frame_109.png; box_source=mask_union;seeds=n4+n3+b1
training_2_frame_109,mother_bud_pair,65.0,4.0,124.0,58.0,v6_mask_aware_pseudo_label,needs_review,two_nuclei_near_budneck; budneck_idx=0; mask_source=v6_ml_detection\sam_masks\prompted_mobile_sam_from_source_tifs\instances\training_2_frame_109.png; box_source=mask_union;seeds=n0+n1+b0
training_2_frame_109,mother_bud_pair,109.0,161.0,173.0,213.0,v6_mask_aware_pseudo_label,needs_review,two_nuclei_near_budneck; budneck_idx=3; mask_source=v6_ml_detection\sam_masks\prompted_mobile_sam_from_source_tifs\instances\training_2_frame_109.png; box_source=mask_union;seeds=n6+n5+b3
training_2_frame_109,early_bud_pair,43.0,63.0,97.0,102.0,v6_mask_aware_pseudo_label,needs_review,one_nucleus_near_budneck; budneck_idx=2; mask_source=v6_ml_detection\sam_masks\prompted_mobile_sam_from_source_tifs\instances\training_2_frame_109.png; box_source=mask_union;seeds=n2+b2
training_2_frame_109,early_bud_pair,200.0,187.0,246.0,235.0,v6_mask_aware_pseudo_label,needs_review,one_nucleus_near_budneck; budneck_idx=4; mask_source=v6_ml_detection\sam_masks\prompted_mobile_sam_from_source_tifs\instances\training_2_frame_109.png; box_source=mask_union;seeds=n7+b4
training_2_frame_110,mother_bud_pair,101.0,86.0,154.0,151.0,v6_mask_aware_pseudo_label,needs_review,two_nuclei_near_budneck; budneck_idx=1; mask_source=v6_ml_detection\sam_masks\prompted_mobile_sam_from_source_tifs\instances\training_2_frame_110.png; box_source=mask_union;seeds=n1+n2+b1
training_2_frame_110,early_bud_pair,99.0,173.0,137.0,213.0,v6_mask_aware_pseudo_label,needs_review,one_nucleus_near_budneck; budneck_idx=4; mask_source=v6_ml_detection\sam_masks\prompted_mobile_sam_from_source_tifs\instances\training_2_frame_110.png; box_source=mask_union;seeds=n5+b4
training_2_frame_110,early_bud_pair,122.0,40.0,161.0,77.0,v6_mask_aware_pseudo_label,needs_review,one_nucleus_near_budneck; budneck_idx=0; mask_source=v6_ml_detection\sam_masks\prompted_mobile_sam_from_source_tifs\instances\training_2_frame_110.png; box_source=mask_union;seeds=n0+b0
training_2_frame_110,early_bud_pair,0.0,151.0,31.0,189.0,v6_mask_aware_pseudo_label,needs_review,one_nucleus_near_budneck; budneck_idx=3; mask_source=v6_ml_detection\sam_masks\prompted_mobile_sam_from_source_tifs\instances\training_2_frame_110.png; box_source=mask_union;seeds=n4+b3
training_2_frame_110,early_bud_pair,84.0,112.0,138.0,156.0,v6_mask_aware_pseudo_label,needs_review,one_nucleus_near_budneck; budneck_idx=2; mask_source=v6_ml_detection\sam_masks\prompted_mobile_sam_from_source_tifs\instances\training_2_frame_110.png; box_source=mask_union;seeds=n3+b2
training_2_frame_111,mother_bud_pair,16.0,71.0,75.0,128.0,v6_mask_aware_pseudo_label,needs_review,two_nuclei_near_budneck; budneck_idx=0; mask_source=v6_ml_detection\sam_masks\prompted_mobile_sam_from_source_tifs\instances\training_2_frame_111.png; box_source=mask_union;seeds=n2+n0+b0
training_2_frame_111,mother_bud_pair,130.0,104.0,194.0,156.0,v6_mask_aware_pseudo_label,needs_review,two_nuclei_near_budneck; budneck_idx=2; mask_source=v6_ml_detection\sam_masks\prompted_mobile_sam_from_source_tifs\instances\training_2_frame_111.png; box_source=mask_union;seeds=n4+n3+b2
training_2_frame_111,early_bud_pair,134.0,79.0,184.0,122.0,v6_mask_aware_pseudo_label,needs_review,one_nucleus_near_budneck; budneck_idx=1; mask_source=v6_ml_detection\sam_masks\prompted_mobile_sam_from_source_tifs\instances\training_2_frame_111.png; box_source=mask_union;seeds=n1+b1
training_2_frame_112,mother_bud_pair,78.0,51.0,141.0,93.0,v6_mask_aware_pseudo_label,needs_review,two_nuclei_near_budneck; budneck_idx=1; mask_source=v6_ml_detection\sam_masks\prompted_mobile_sam_from_source_tifs\instances\training_2_frame_112.png; box_source=mask_union;seeds=n1+n0+b1
training_2_frame_112,mother_bud_pair,158.0,89.0,213.0,136.0,v6_mask_aware_pseudo_label,needs_review,two_nuclei_near_budneck; budneck_idx=2; mask_source=v6_ml_detection\sam_masks\prompted_mobile_sam_from_source_tifs\instances\training_2_frame_112.png; box_source=mask_union;seeds=n3+n2+b2
training_2_frame_113,mother_bud_pair,0.0,31.0,51.0,79.0,v6_mask_aware_pseudo_label,needs_review,two_nuclei_near_budneck; budneck_idx=0; mask_source=v6_ml_detection\sam_masks\prompted_mobile_sam_from_source_tifs\instances\training_2_frame_113.png; box_source=mask_union;seeds=n0+n1+b0
training_2_frame_113,early_bud_pair,162.0,107.0,211.0,158.0,v6_mask_aware_pseudo_label,needs_review,one_nucleus_near_budneck; budneck_idx=3; mask_source=v6_ml_detection\sam_masks\prompted_mobile_sam_from_source_tifs\instances\training_2_frame_113.png; box_source=mask_union;seeds=n3+b3
training_2_frame_113,early_bud_pair,0.0,87.0,48.0,129.0,v6_mask_aware_pseudo_label,needs_review,one_nucleus_near_budneck; budneck_idx=2; mask_source=v6_ml_detection\sam_masks\prompted_mobile_sam_from_source_tifs\instances\training_2_frame_113.png; box_source=mask_union;seeds=n2+b2
training_2_frame_113,early_bud_pair,212.0,200.0,250.0,241.0,v6_mask_aware_pseudo_label,needs_review,one_nucleus_near_budneck; budneck_idx=4; mask_source=v6_ml_detection\sam_masks\prompted_mobile_sam_from_source_tifs\instances\training_2_frame_113.png; box_source=mask_union;seeds=n4+b4
training_2_frame_114,mother_bud_pair,180.0,136.0,241.0,180.0,v6_mask_aware_pseudo_label,needs_review,two_nuclei_near_budneck; budneck_idx=4; mask_source=v6_ml_detection\sam_masks\prompted_mobile_sam_from_source_tifs\instances\training_2_frame_114.png; box_source=mask_union;seeds=n5+n4+b4
training_2_frame_114,mother_bud_pair,122.0,105.0,168.0,165.0,v6_mask_aware_pseudo_label,needs_review,two_nuclei_near_budneck; budneck_idx=3; mask_source=v6_ml_detection\sam_masks\prompted_mobile_sam_from_source_tifs\instances\training_2_frame_114.png; box_source=mask_union;seeds=n2+n3+b3
training_2_frame_114,mother_bud_pair,71.0,0.0,144.0,29.0,v6_mask_aware_pseudo_label,needs_review,two_nuclei_near_budneck; budneck_idx=1; mask_source=v6_ml_detection\sam_masks\prompted_mobile_sam_from_source_tifs\instances\training_2_frame_114.png; box_source=mask_union;seeds=n1+n0+b1
training_2_frame_115,mother_bud_pair,48.0,30.0,94.0,77.0,v6_mask_aware_pseudo_label,needs_review,two_nuclei_near_budneck; budneck_idx=1; mask_source=v6_ml_detection\sam_masks\prompted_mobile_sam_from_source_tifs\instances\training_2_frame_115.png; box_source=mask_union;seeds=n1+n0+b1
training_2_frame_115,early_bud_pair,100.0,124.0,157.0,168.0,v6_mask_aware_pseudo_label,needs_review,one_nucleus_near_budneck; budneck_idx=3; mask_source=v6_ml_detection\sam_masks\prompted_mobile_sam_from_source_tifs\instances\training_2_frame_115.png; box_source=mask_union;seeds=n3+b3
training_2_frame_115,early_bud_pair,55.0,97.0,92.0,133.0,v6_mask_aware_pseudo_label,needs_review,one_nucleus_near_budneck; budneck_idx=2; mask_source=v6_ml_detection\sam_masks\prompted_mobile_sam_from_source_tifs\instances\training_2_frame_115.png; box_source=mask_union;seeds=n2+b2
