"image_id","reference_name","reference_path","width","height","source_tif","frame_index"
"45min_after_washout_frame_000","Trans","result_pic\from_source_tifs\references\Trans\45min after washout_frame_000_Trans.png","256","256","20240724_image processing project\45min after washout Trans_center.tif","0"
"45min_after_washout_frame_000","GFP projected","result_pic\from_source_tifs\references\GFP_projected\45min after washout_frame_000_GFP_projected.png","256","256","20240724_image processing project\45min after washout GFP_center.tif","0"
"45min_after_washout_frame_000","mCherry projected","result_pic\from_source_tifs\references\mCherry_projected\45min after washout_frame_000_mCherry_projected.png","256","256","20240724_image processing project\45min after washout_mCherry_center.tif","0"
"45min_after_washout_frame_001","Trans","result_pic\from_source_tifs\references\Trans\45min after washout_frame_001_Trans.png","256","256","20240724_image processing project\45min after washout Trans_center.tif","1"
"45min_after_washout_frame_001","GFP projected","result_pic\from_source_tifs\references\GFP_projected\45min after washout_frame_001_GFP_projected.png","256","256","20240724_image processing project\45min after washout GFP_center.tif","1"
"45min_after_washout_frame_001","mCherry projected","result_pic\from_source_tifs\references\mCherry_projected\45min after washout_frame_001_mCherry_projected.png","256","256","20240724_image processing project\45min after washout_mCherry_center.tif","1"
"45min_after_washout_frame_002","Trans","result_pic\from_source_tifs\references\Trans\45min after washout_frame_002_Trans.png","256","256","20240724_image processing project\45min after washout Trans_center.tif","2"
"45min_after_washout_frame_002","GFP projected","result_pic\from_source_tifs\references\GFP_projected\45min after washout_frame_002_GFP_projected.png","256","256","20240724_image processing project\45min after washout GFP_center.tif","2"
"45min_after_washout_frame_002","mCherry projected","result_pic\from_source_tifs\references\mCherry_projected\45min after washout_frame_002_mCherry_projected.png","256","256","20240724_image processing project\45min after washout_mCherry_center.tif","2"
"45min_after_washout_frame_003","Trans","result_pic\from_source_tifs\references\Trans\45min after washout_frame_003_Trans.png","256","256","20240724_image processing project\45min after washout Trans_center.tif","3"
"45min_after_washout_frame_003","GFP projected","result_pic\from_source_tifs\references\GFP_projected\45min after washout_frame_003_GFP_projected.png","256","256","20240724_image processing project\45min after washout GFP_center.tif","3"
"45min_after_washout_frame_003","mCherry projected","result_pic\from_source_tifs\references\mCherry_projected\45min after washout_frame_003_mCherry_projected.png","256","256","20240724_image processing project\45min after washout_mCherry_center.tif","3"
"45min_after_washout_frame_004","Trans","result_pic\from_source_tifs\references\Trans\45min after washout_frame_004_Trans.png","256","256","20240724_image processing project\45min after washout Trans_center.tif","4"
"45min_after_washout_frame_004","GFP projected","result_pic\from_source_tifs\references\GFP_projected\45min after washout_frame_004_GFP_projected.png","256","256","20240724_image processing project\45min after washout GFP_center.tif","4"
"45min_after_washout_frame_004","mCherry projected","result_pic\from_source_tifs\references\mCherry_projected\45min after washout_frame_004_mCherry_projected.png","256","256","20240724_image processing project\45min after washout_mCherry_center.tif","4"
"45min_after_washout_frame_005","Trans","result_pic\from_source_tifs\references\Trans\45min after washout_frame_005_Trans.png","256","256","20240724_image processing project\45min after washout Trans_center.tif","5"
"45min_after_washout_frame_005","GFP projected","result_pic\from_source_tifs\references\GFP_projected\45min after washout_frame_005_GFP_projected.png","256","256","20240724_image processing project\45min after washout GFP_center.tif","5"
"45min_after_washout_frame_005","mCherry projected","result_pic\from_source_tifs\references\mCherry_projected\45min after washout_frame_005_mCherry_projected.png","256","256","20240724_image processing project\45min after washout_mCherry_center.tif","5"
"45min_after_washout_frame_006","Trans","result_pic\from_source_tifs\references\Trans\45min after washout_frame_006_Trans.png","256","256","20240724_image processing project\45min after washout Trans_center.tif","6"
"45min_after_washout_frame_006","GFP projected","result_pic\from_source_tifs\references\GFP_projected\45min after washout_frame_006_GFP_projected.png","256","256","20240724_image processing project\45min after washout GFP_center.tif","6"
"45min_after_washout_frame_006","mCherry projected","result_pic\from_source_tifs\references\mCherry_projected\45min after washout_frame_006_mCherry_projected.png","256","256","20240724_image processing project\45min after washout_mCherry_center.tif","6"
"45min_after_washout_frame_007","Trans","result_pic\from_source_tifs\references\Trans\45min after washout_frame_007_Trans.png","256","256","20240724_image processing project\45min after washout Trans_center.tif","7"
"45min_after_washout_frame_007","GFP projected","result_pic\from_source_tifs\references\GFP_projected\45min after washout_frame_007_GFP_projected.png","256","256","20240724_image processing project\45min after washout GFP_center.tif","7"
"45min_after_washout_frame_007","mCherry projected","result_pic\from_source_tifs\references\mCherry_projected\45min after washout_frame_007_mCherry_projected.png","256","256","20240724_image processing project\45min after washout_mCherry_center.tif","7"
"45min_after_washout_frame_008","Trans","result_pic\from_source_tifs\references\Trans\45min after washout_frame_008_Trans.png","256","256","20240724_image processing project\45min after washout Trans_center.tif","8"
"45min_after_washout_frame_008","GFP projected","result_pic\from_source_tifs\references\GFP_projected\45min after washout_frame_008_GFP_projected.png","256","256","20240724_image processing project\45min after washout GFP_center.tif","8"
"45min_after_washout_frame_008","mCherry projected","result_pic\from_source_tifs\references\mCherry_projected\45min after washout_frame_008_mCherry_projected.png","256","256","20240724_image processing project\45min after washout_mCherry_center.tif","8"
"45min_after_washout_frame_009","Trans","result_pic\from_source_tifs\references\Trans\45min after washout_frame_009_Trans.png","256","256","20240724_image processing project\45min after washout Trans_center.tif","9"
"45min_after_washout_frame_009","GFP projected","result_pic\from_source_tifs\references\GFP_projected\45min after washout_frame_009_GFP_projected.png","256","256","20240724_image processing project\45min after washout GFP_center.tif","9"
"45min_after_washout_frame_009","mCherry projected","result_pic\from_source_tifs\references\mCherry_projected\45min after washout_frame_009_mCherry_projected.png","256","256","20240724_image processing project\45min after washout_mCherry_center.tif","9"
"45min_after_washout_frame_010","Trans","result_pic\from_source_tifs\references\Trans\45min after washout_frame_010_Trans.png","256","256","20240724_image processing project\45min after washout Trans_center.tif","10"
"45min_after_washout_frame_010","GFP projected","result_pic\from_source_tifs\references\GFP_projected\45min after washout_frame_010_GFP_projected.png","256","256","20240724_image processing project\45min after washout GFP_center.tif","10"
"45min_after_washout_frame_010","mCherry projected","result_pic\from_source_tifs\references\mCherry_projected\45min after washout_frame_010_mCherry_projected.png","256","256","20240724_image processing project\45min after washout_mCherry_center.tif","10"
"45min_after_washout_frame_011","Trans","result_pic\from_source_tifs\references\Trans\45min after washout_frame_011_Trans.png","256","256","20240724_image processing project\45min after washout Trans_center.tif","11"
"45min_after_washout_frame_011","GFP projected","result_pic\from_source_tifs\references\GFP_projected\45min after washout_frame_011_GFP_projected.png","256","256","20240724_image processing project\45min after washout GFP_center.tif","11"
"45min_after_washout_frame_011","mCherry projected","result_pic\from_source_tifs\references\mCherry_projected\45min after washout_frame_011_mCherry_projected.png","256","256","20240724_image processing project\45min after washout_mCherry_center.tif","11"
"45min_after_washout_frame_012","Trans","result_pic\from_source_tifs\references\Trans\45min after washout_frame_012_Trans.png","256","256","20240724_image processing project\45min after washout Trans_center.tif","12"
"45min_after_washout_frame_012","GFP projected","result_pic\from_source_tifs\references\GFP_projected\45min after washout_frame_012_GFP_projected.png","256","256","20240724_image processing project\45min after washout GFP_center.tif","12"
"45min_after_washout_frame_012","mCherry projected","result_pic\from_source_tifs\references\mCherry_projected\45min after washout_frame_012_mCherry_projected.png","256","256","20240724_image processing project\45min after washout_mCherry_center.tif","12"
"45min_after_washout_frame_013","Trans","result_pic\from_source_tifs\references\Trans\45min after washout_frame_013_Trans.png","256","256","20240724_image processing project\45min after washout Trans_center.tif","13"
"45min_after_washout_frame_013","GFP projected","result_pic\from_source_tifs\references\GFP_projected\45min after washout_frame_013_GFP_projected.png","256","256","20240724_image processing project\45min after washout GFP_center.tif","13"
"45min_after_washout_frame_013","mCherry projected","result_pic\from_source_tifs\references\mCherry_projected\45min after washout_frame_013_mCherry_projected.png","256","256","20240724_image processing project\45min after washout_mCherry_center.tif","13"
"45min_after_washout_frame_014","Trans","result_pic\from_source_tifs\references\Trans\45min after washout_frame_014_Trans.png","256","256","20240724_image processing project\45min after washout Trans_center.tif","14"
"45min_after_washout_frame_014","GFP projected","result_pic\from_source_tifs\references\GFP_projected\45min after washout_frame_014_GFP_projected.png","256","256","20240724_image processing project\45min after washout GFP_center.tif","14"
"45min_after_washout_frame_014","mCherry projected","result_pic\from_source_tifs\references\mCherry_projected\45min after washout_frame_014_mCherry_projected.png","256","256","20240724_image processing project\45min after washout_mCherry_center.tif","14"
"45min_after_washout_frame_015","Trans","result_pic\from_source_tifs\references\Trans\45min after washout_frame_015_Trans.png","256","256","20240724_image processing project\45min after washout Trans_center.tif","15"
"45min_after_washout_frame_015","GFP projected","result_pic\from_source_tifs\references\GFP_projected\45min after washout_frame_015_GFP_projected.png","256","256","20240724_image processing project\45min after washout GFP_center.tif","15"
"45min_after_washout_frame_015","mCherry projected","result_pic\from_source_tifs\references\mCherry_projected\45min after washout_frame_015_mCherry_projected.png","256","256","20240724_image processing project\45min after washout_mCherry_center.tif","15"
"45min_after_washout_frame_016","Trans","result_pic\from_source_tifs\references\Trans\45min after washout_frame_016_Trans.png","256","256","20240724_image processing project\45min after washout Trans_center.tif","16"
"45min_after_washout_frame_016","GFP projected","result_pic\from_source_tifs\references\GFP_projected\45min after washout_frame_016_GFP_projected.png","256","256","20240724_image processing project\45min after washout GFP_center.tif","16"
"45min_after_washout_frame_016","mCherry projected","result_pic\from_source_tifs\references\mCherry_projected\45min after washout_frame_016_mCherry_projected.png","256","256","20240724_image processing project\45min after washout_mCherry_center.tif","16"
"45min_after_washout_frame_017","Trans","result_pic\from_source_tifs\references\Trans\45min after washout_frame_017_Trans.png","256","256","20240724_image processing project\45min after washout Trans_center.tif","17"
"45min_after_washout_frame_017","GFP projected","result_pic\from_source_tifs\references\GFP_projected\45min after washout_frame_017_GFP_projected.png","256","256","20240724_image processing project\45min after washout GFP_center.tif","17"
"45min_after_washout_frame_017","mCherry projected","result_pic\from_source_tifs\references\mCherry_projected\45min after washout_frame_017_mCherry_projected.png","256","256","20240724_image processing project\45min after washout_mCherry_center.tif","17"
"45min_after_washout_frame_018","Trans","result_pic\from_source_tifs\references\Trans\45min after washout_frame_018_Trans.png","256","256","20240724_image processing project\45min after washout Trans_center.tif","18"
"45min_after_washout_frame_018","GFP projected","result_pic\from_source_tifs\references\GFP_projected\45min after washout_frame_018_GFP_projected.png","256","256","20240724_image processing project\45min after washout GFP_center.tif","18"
"45min_after_washout_frame_018","mCherry projected","result_pic\from_source_tifs\references\mCherry_projected\45min after washout_frame_018_mCherry_projected.png","256","256","20240724_image processing project\45min after washout_mCherry_center.tif","18"
"45min_after_washout_frame_019","Trans","result_pic\from_source_tifs\references\Trans\45min after washout_frame_019_Trans.png","256","256","20240724_image processing project\45min after washout Trans_center.tif","19"
"45min_after_washout_frame_019","GFP projected","result_pic\from_source_tifs\references\GFP_projected\45min after washout_frame_019_GFP_projected.png","256","256","20240724_image processing project\45min after washout GFP_center.tif","19"
"45min_after_washout_frame_019","mCherry projected","result_pic\from_source_tifs\references\mCherry_projected\45min after washout_frame_019_mCherry_projected.png","256","256","20240724_image processing project\45min after washout_mCherry_center.tif","19"
"60min_after_washout_frame_000","Trans","result_pic\from_source_tifs\references\Trans\60min after washout_frame_000_Trans.png","256","256","20240724_image processing project\60min after washout Trans_center.tif","0"
"60min_after_washout_frame_000","GFP projected","result_pic\from_source_tifs\references\GFP_projected\60min after washout_frame_000_GFP_projected.png","256","256","20240724_image processing project\60min after washout GFP_center.tif","0"
"60min_after_washout_frame_000","mCherry projected","result_pic\from_source_tifs\references\mCherry_projected\60min after washout_frame_000_mCherry_projected.png","256","256","20240724_image processing project\60min after washout_mCherry_center.tif","0"
"60min_after_washout_frame_001","Trans","result_pic\from_source_tifs\references\Trans\60min after washout_frame_001_Trans.png","256","256","20240724_image processing project\60min after washout Trans_center.tif","1"
"60min_after_washout_frame_001","GFP projected","result_pic\from_source_tifs\references\GFP_projected\60min after washout_frame_001_GFP_projected.png","256","256","20240724_image processing project\60min after washout GFP_center.tif","1"
"60min_after_washout_frame_001","mCherry projected","result_pic\from_source_tifs\references\mCherry_projected\60min after washout_frame_001_mCherry_projected.png","256","256","20240724_image processing project\60min after washout_mCherry_center.tif","1"
"60min_after_washout_frame_002","Trans","result_pic\from_source_tifs\references\Trans\60min after washout_frame_002_Trans.png","256","256","20240724_image processing project\60min after washout Trans_center.tif","2"
"60min_after_washout_frame_002","GFP projected","result_pic\from_source_tifs\references\GFP_projected\60min after washout_frame_002_GFP_projected.png","256","256","20240724_image processing project\60min after washout GFP_center.tif","2"
"60min_after_washout_frame_002","mCherry projected","result_pic\from_source_tifs\references\mCherry_projected\60min after washout_frame_002_mCherry_projected.png","256","256","20240724_image processing project\60min after washout_mCherry_center.tif","2"
"60min_after_washout_frame_003","Trans","result_pic\from_source_tifs\references\Trans\60min after washout_frame_003_Trans.png","256","256","20240724_image processing project\60min after washout Trans_center.tif","3"
"60min_after_washout_frame_003","GFP projected","result_pic\from_source_tifs\references\GFP_projected\60min after washout_frame_003_GFP_projected.png","256","256","20240724_image processing project\60min after washout GFP_center.tif","3"
"60min_after_washout_frame_003","mCherry projected","result_pic\from_source_tifs\references\mCherry_projected\60min after washout_frame_003_mCherry_projected.png","256","256","20240724_image processing project\60min after washout_mCherry_center.tif","3"
"60min_after_washout_frame_004","Trans","result_pic\from_source_tifs\references\Trans\60min after washout_frame_004_Trans.png","256","256","20240724_image processing project\60min after washout Trans_center.tif","4"
"60min_after_washout_frame_004","GFP projected","result_pic\from_source_tifs\references\GFP_projected\60min after washout_frame_004_GFP_projected.png","256","256","20240724_image processing project\60min after washout GFP_center.tif","4"
"60min_after_washout_frame_004","mCherry projected","result_pic\from_source_tifs\references\mCherry_projected\60min after washout_frame_004_mCherry_projected.png","256","256","20240724_image processing project\60min after washout_mCherry_center.tif","4"
"60min_after_washout_frame_005","Trans","result_pic\from_source_tifs\references\Trans\60min after washout_frame_005_Trans.png","256","256","20240724_image processing project\60min after washout Trans_center.tif","5"
"60min_after_washout_frame_005","GFP projected","result_pic\from_source_tifs\references\GFP_projected\60min after washout_frame_005_GFP_projected.png","256","256","20240724_image processing project\60min after washout GFP_center.tif","5"
"60min_after_washout_frame_005","mCherry projected","result_pic\from_source_tifs\references\mCherry_projected\60min after washout_frame_005_mCherry_projected.png","256","256","20240724_image processing project\60min after washout_mCherry_center.tif","5"
"60min_after_washout_frame_006","Trans","result_pic\from_source_tifs\references\Trans\60min after washout_frame_006_Trans.png","256","256","20240724_image processing project\60min after washout Trans_center.tif","6"
"60min_after_washout_frame_006","GFP projected","result_pic\from_source_tifs\references\GFP_projected\60min after washout_frame_006_GFP_projected.png","256","256","20240724_image processing project\60min after washout GFP_center.tif","6"
"60min_after_washout_frame_006","mCherry projected","result_pic\from_source_tifs\references\mCherry_projected\60min after washout_frame_006_mCherry_projected.png","256","256","20240724_image processing project\60min after washout_mCherry_center.tif","6"
"60min_after_washout_frame_007","Trans","result_pic\from_source_tifs\references\Trans\60min after washout_frame_007_Trans.png","256","256","20240724_image processing project\60min after washout Trans_center.tif","7"
"60min_after_washout_frame_007","GFP projected","result_pic\from_source_tifs\references\GFP_projected\60min after washout_frame_007_GFP_projected.png","256","256","20240724_image processing project\60min after washout GFP_center.tif","7"
"60min_after_washout_frame_007","mCherry projected","result_pic\from_source_tifs\references\mCherry_projected\60min after washout_frame_007_mCherry_projected.png","256","256","20240724_image processing project\60min after washout_mCherry_center.tif","7"
"60min_after_washout_frame_008","Trans","result_pic\from_source_tifs\references\Trans\60min after washout_frame_008_Trans.png","256","256","20240724_image processing project\60min after washout Trans_center.tif","8"
"60min_after_washout_frame_008","GFP projected","result_pic\from_source_tifs\references\GFP_projected\60min after washout_frame_008_GFP_projected.png","256","256","20240724_image processing project\60min after washout GFP_center.tif","8"
"60min_after_washout_frame_008","mCherry projected","result_pic\from_source_tifs\references\mCherry_projected\60min after washout_frame_008_mCherry_projected.png","256","256","20240724_image processing project\60min after washout_mCherry_center.tif","8"
"60min_after_washout_frame_009","Trans","result_pic\from_source_tifs\references\Trans\60min after washout_frame_009_Trans.png","256","256","20240724_image processing project\60min after washout Trans_center.tif","9"
"60min_after_washout_frame_009","GFP projected","result_pic\from_source_tifs\references\GFP_projected\60min after washout_frame_009_GFP_projected.png","256","256","20240724_image processing project\60min after washout GFP_center.tif","9"
"60min_after_washout_frame_009","mCherry projected","result_pic\from_source_tifs\references\mCherry_projected\60min after washout_frame_009_mCherry_projected.png","256","256","20240724_image processing project\60min after washout_mCherry_center.tif","9"
"60min_after_washout_frame_010","Trans","result_pic\from_source_tifs\references\Trans\60min after washout_frame_010_Trans.png","256","256","20240724_image processing project\60min after washout Trans_center.tif","10"
"60min_after_washout_frame_010","GFP projected","result_pic\from_source_tifs\references\GFP_projected\60min after washout_frame_010_GFP_projected.png","256","256","20240724_image processing project\60min after washout GFP_center.tif","10"
"60min_after_washout_frame_010","mCherry projected","result_pic\from_source_tifs\references\mCherry_projected\60min after washout_frame_010_mCherry_projected.png","256","256","20240724_image processing project\60min after washout_mCherry_center.tif","10"
"60min_after_washout_frame_011","Trans","result_pic\from_source_tifs\references\Trans\60min after washout_frame_011_Trans.png","256","256","20240724_image processing project\60min after washout Trans_center.tif","11"
"60min_after_washout_frame_011","GFP projected","result_pic\from_source_tifs\references\GFP_projected\60min after washout_frame_011_GFP_projected.png","256","256","20240724_image processing project\60min after washout GFP_center.tif","11"
"60min_after_washout_frame_011","mCherry projected","result_pic\from_source_tifs\references\mCherry_projected\60min after washout_frame_011_mCherry_projected.png","256","256","20240724_image processing project\60min after washout_mCherry_center.tif","11"
"60min_after_washout_frame_012","Trans","result_pic\from_source_tifs\references\Trans\60min after washout_frame_012_Trans.png","256","256","20240724_image processing project\60min after washout Trans_center.tif","12"
"60min_after_washout_frame_012","GFP projected","result_pic\from_source_tifs\references\GFP_projected\60min after washout_frame_012_GFP_projected.png","256","256","20240724_image processing project\60min after washout GFP_center.tif","12"
"60min_after_washout_frame_012","mCherry projected","result_pic\from_source_tifs\references\mCherry_projected\60min after washout_frame_012_mCherry_projected.png","256","256","20240724_image processing project\60min after washout_mCherry_center.tif","12"
"60min_after_washout_frame_013","Trans","result_pic\from_source_tifs\references\Trans\60min after washout_frame_013_Trans.png","256","256","20240724_image processing project\60min after washout Trans_center.tif","13"
"60min_after_washout_frame_013","GFP projected","result_pic\from_source_tifs\references\GFP_projected\60min after washout_frame_013_GFP_projected.png","256","256","20240724_image processing project\60min after washout GFP_center.tif","13"
"60min_after_washout_frame_013","mCherry projected","result_pic\from_source_tifs\references\mCherry_projected\60min after washout_frame_013_mCherry_projected.png","256","256","20240724_image processing project\60min after washout_mCherry_center.tif","13"
"60min_after_washout_frame_014","Trans","result_pic\from_source_tifs\references\Trans\60min after washout_frame_014_Trans.png","256","256","20240724_image processing project\60min after washout Trans_center.tif","14"
"60min_after_washout_frame_014","GFP projected","result_pic\from_source_tifs\references\GFP_projected\60min after washout_frame_014_GFP_projected.png","256","256","20240724_image processing project\60min after washout GFP_center.tif","14"
"60min_after_washout_frame_014","mCherry projected","result_pic\from_source_tifs\references\mCherry_projected\60min after washout_frame_014_mCherry_projected.png","256","256","20240724_image processing project\60min after washout_mCherry_center.tif","14"
"60min_after_washout_frame_015","Trans","result_pic\from_source_tifs\references\Trans\60min after washout_frame_015_Trans.png","256","256","20240724_image processing project\60min after washout Trans_center.tif","15"
"60min_after_washout_frame_015","GFP projected","result_pic\from_source_tifs\references\GFP_projected\60min after washout_frame_015_GFP_projected.png","256","256","20240724_image processing project\60min after washout GFP_center.tif","15"
"60min_after_washout_frame_015","mCherry projected","result_pic\from_source_tifs\references\mCherry_projected\60min after washout_frame_015_mCherry_projected.png","256","256","20240724_image processing project\60min after washout_mCherry_center.tif","15"
"85min_after_washout_frame_000","Trans","result_pic\from_source_tifs\references\Trans\85min after washout_frame_000_Trans.png","256","256","20240724_image processing project\85min after washout Trans_center.tif","0"
"85min_after_washout_frame_000","GFP projected","result_pic\from_source_tifs\references\GFP_projected\85min after washout_frame_000_GFP_projected.png","256","256","20240724_image processing project\85min after washout GFP_center.tif","0"
"85min_after_washout_frame_000","mCherry projected","result_pic\from_source_tifs\references\mCherry_projected\85min after washout_frame_000_mCherry_projected.png","256","256","20240724_image processing project\85min after washout_mCherry_center.tif","0"
"85min_after_washout_frame_001","Trans","result_pic\from_source_tifs\references\Trans\85min after washout_frame_001_Trans.png","256","256","20240724_image processing project\85min after washout Trans_center.tif","1"
"85min_after_washout_frame_001","GFP projected","result_pic\from_source_tifs\references\GFP_projected\85min after washout_frame_001_GFP_projected.png","256","256","20240724_image processing project\85min after washout GFP_center.tif","1"
"85min_after_washout_frame_001","mCherry projected","result_pic\from_source_tifs\references\mCherry_projected\85min after washout_frame_001_mCherry_projected.png","256","256","20240724_image processing project\85min after washout_mCherry_center.tif","1"
"85min_after_washout_frame_002","Trans","result_pic\from_source_tifs\references\Trans\85min after washout_frame_002_Trans.png","256","256","20240724_image processing project\85min after washout Trans_center.tif","2"
"85min_after_washout_frame_002","GFP projected","result_pic\from_source_tifs\references\GFP_projected\85min after washout_frame_002_GFP_projected.png","256","256","20240724_image processing project\85min after washout GFP_center.tif","2"
"85min_after_washout_frame_002","mCherry projected","result_pic\from_source_tifs\references\mCherry_projected\85min after washout_frame_002_mCherry_projected.png","256","256","20240724_image processing project\85min after washout_mCherry_center.tif","2"
"85min_after_washout_frame_003","Trans","result_pic\from_source_tifs\references\Trans\85min after washout_frame_003_Trans.png","256","256","20240724_image processing project\85min after washout Trans_center.tif","3"
"85min_after_washout_frame_003","GFP projected","result_pic\from_source_tifs\references\GFP_projected\85min after washout_frame_003_GFP_projected.png","256","256","20240724_image processing project\85min after washout GFP_center.tif","3"
"85min_after_washout_frame_003","mCherry projected","result_pic\from_source_tifs\references\mCherry_projected\85min after washout_frame_003_mCherry_projected.png","256","256","20240724_image processing project\85min after washout_mCherry_center.tif","3"
"85min_after_washout_frame_004","Trans","result_pic\from_source_tifs\references\Trans\85min after washout_frame_004_Trans.png","256","256","20240724_image processing project\85min after washout Trans_center.tif","4"
"85min_after_washout_frame_004","GFP projected","result_pic\from_source_tifs\references\GFP_projected\85min after washout_frame_004_GFP_projected.png","256","256","20240724_image processing project\85min after washout GFP_center.tif","4"
"85min_after_washout_frame_004","mCherry projected","result_pic\from_source_tifs\references\mCherry_projected\85min after washout_frame_004_mCherry_projected.png","256","256","20240724_image processing project\85min after washout_mCherry_center.tif","4"
"85min_after_washout_frame_005","Trans","result_pic\from_source_tifs\references\Trans\85min after washout_frame_005_Trans.png","256","256","20240724_image processing project\85min after washout Trans_center.tif","5"
"85min_after_washout_frame_005","GFP projected","result_pic\from_source_tifs\references\GFP_projected\85min after washout_frame_005_GFP_projected.png","256","256","20240724_image processing project\85min after washout GFP_center.tif","5"
"85min_after_washout_frame_005","mCherry projected","result_pic\from_source_tifs\references\mCherry_projected\85min after washout_frame_005_mCherry_projected.png","256","256","20240724_image processing project\85min after washout_mCherry_center.tif","5"
"85min_after_washout_frame_006","Trans","result_pic\from_source_tifs\references\Trans\85min after washout_frame_006_Trans.png","256","256","20240724_image processing project\85min after washout Trans_center.tif","6"
"85min_after_washout_frame_006","GFP projected","result_pic\from_source_tifs\references\GFP_projected\85min after washout_frame_006_GFP_projected.png","256","256","20240724_image processing project\85min after washout GFP_center.tif","6"
"85min_after_washout_frame_006","mCherry projected","result_pic\from_source_tifs\references\mCherry_projected\85min after washout_frame_006_mCherry_projected.png","256","256","20240724_image processing project\85min after washout_mCherry_center.tif","6"
"85min_after_washout_frame_007","Trans","result_pic\from_source_tifs\references\Trans\85min after washout_frame_007_Trans.png","256","256","20240724_image processing project\85min after washout Trans_center.tif","7"
"85min_after_washout_frame_007","GFP projected","result_pic\from_source_tifs\references\GFP_projected\85min after washout_frame_007_GFP_projected.png","256","256","20240724_image processing project\85min after washout GFP_center.tif","7"
"85min_after_washout_frame_007","mCherry projected","result_pic\from_source_tifs\references\mCherry_projected\85min after washout_frame_007_mCherry_projected.png","256","256","20240724_image processing project\85min after washout_mCherry_center.tif","7"
"85min_after_washout_frame_008","Trans","result_pic\from_source_tifs\references\Trans\85min after washout_frame_008_Trans.png","256","256","20240724_image processing project\85min after washout Trans_center.tif","8"
"85min_after_washout_frame_008","GFP projected","result_pic\from_source_tifs\references\GFP_projected\85min after washout_frame_008_GFP_projected.png","256","256","20240724_image processing project\85min after washout GFP_center.tif","8"
"85min_after_washout_frame_008","mCherry projected","result_pic\from_source_tifs\references\mCherry_projected\85min after washout_frame_008_mCherry_projected.png","256","256","20240724_image processing project\85min after washout_mCherry_center.tif","8"
"85min_after_washout_frame_009","Trans","result_pic\from_source_tifs\references\Trans\85min after washout_frame_009_Trans.png","256","256","20240724_image processing project\85min after washout Trans_center.tif","9"
"85min_after_washout_frame_009","GFP projected","result_pic\from_source_tifs\references\GFP_projected\85min after washout_frame_009_GFP_projected.png","256","256","20240724_image processing project\85min after washout GFP_center.tif","9"
"85min_after_washout_frame_009","mCherry projected","result_pic\from_source_tifs\references\mCherry_projected\85min after washout_frame_009_mCherry_projected.png","256","256","20240724_image processing project\85min after washout_mCherry_center.tif","9"
"85min_after_washout_frame_010","Trans","result_pic\from_source_tifs\references\Trans\85min after washout_frame_010_Trans.png","256","256","20240724_image processing project\85min after washout Trans_center.tif","10"
"85min_after_washout_frame_010","GFP projected","result_pic\from_source_tifs\references\GFP_projected\85min after washout_frame_010_GFP_projected.png","256","256","20240724_image processing project\85min after washout GFP_center.tif","10"
"85min_after_washout_frame_010","mCherry projected","result_pic\from_source_tifs\references\mCherry_projected\85min after washout_frame_010_mCherry_projected.png","256","256","20240724_image processing project\85min after washout_mCherry_center.tif","10"
"85min_after_washout_frame_011","Trans","result_pic\from_source_tifs\references\Trans\85min after washout_frame_011_Trans.png","256","256","20240724_image processing project\85min after washout Trans_center.tif","11"
"85min_after_washout_frame_011","GFP projected","result_pic\from_source_tifs\references\GFP_projected\85min after washout_frame_011_GFP_projected.png","256","256","20240724_image processing project\85min after washout GFP_center.tif","11"
"85min_after_washout_frame_011","mCherry projected","result_pic\from_source_tifs\references\mCherry_projected\85min after washout_frame_011_mCherry_projected.png","256","256","20240724_image processing project\85min after washout_mCherry_center.tif","11"
"85min_after_washout_frame_012","Trans","result_pic\from_source_tifs\references\Trans\85min after washout_frame_012_Trans.png","256","256","20240724_image processing project\85min after washout Trans_center.tif","12"
"85min_after_washout_frame_012","GFP projected","result_pic\from_source_tifs\references\GFP_projected\85min after washout_frame_012_GFP_projected.png","256","256","20240724_image processing project\85min after washout GFP_center.tif","12"
"85min_after_washout_frame_012","mCherry projected","result_pic\from_source_tifs\references\mCherry_projected\85min after washout_frame_012_mCherry_projected.png","256","256","20240724_image processing project\85min after washout_mCherry_center.tif","12"
"85min_after_washout_frame_013","Trans","result_pic\from_source_tifs\references\Trans\85min after washout_frame_013_Trans.png","256","256","20240724_image processing project\85min after washout Trans_center.tif","13"
"85min_after_washout_frame_013","GFP projected","result_pic\from_source_tifs\references\GFP_projected\85min after washout_frame_013_GFP_projected.png","256","256","20240724_image processing project\85min after washout GFP_center.tif","13"
"85min_after_washout_frame_013","mCherry projected","result_pic\from_source_tifs\references\mCherry_projected\85min after washout_frame_013_mCherry_projected.png","256","256","20240724_image processing project\85min after washout_mCherry_center.tif","13"
"85min_after_washout_frame_014","Trans","result_pic\from_source_tifs\references\Trans\85min after washout_frame_014_Trans.png","256","256","20240724_image processing project\85min after washout Trans_center.tif","14"
"85min_after_washout_frame_014","GFP projected","result_pic\from_source_tifs\references\GFP_projected\85min after washout_frame_014_GFP_projected.png","256","256","20240724_image processing project\85min after washout GFP_center.tif","14"
"85min_after_washout_frame_014","mCherry projected","result_pic\from_source_tifs\references\mCherry_projected\85min after washout_frame_014_mCherry_projected.png","256","256","20240724_image processing project\85min after washout_mCherry_center.tif","14"
"85min_after_washout_frame_015","Trans","result_pic\from_source_tifs\references\Trans\85min after washout_frame_015_Trans.png","256","256","20240724_image processing project\85min after washout Trans_center.tif","15"
"85min_after_washout_frame_015","GFP projected","result_pic\from_source_tifs\references\GFP_projected\85min after washout_frame_015_GFP_projected.png","256","256","20240724_image processing project\85min after washout GFP_center.tif","15"
"85min_after_washout_frame_015","mCherry projected","result_pic\from_source_tifs\references\mCherry_projected\85min after washout_frame_015_mCherry_projected.png","256","256","20240724_image processing project\85min after washout_mCherry_center.tif","15"
"85min_after_washout_frame_016","Trans","result_pic\from_source_tifs\references\Trans\85min after washout_frame_016_Trans.png","256","256","20240724_image processing project\85min after washout Trans_center.tif","16"
"85min_after_washout_frame_016","GFP projected","result_pic\from_source_tifs\references\GFP_projected\85min after washout_frame_016_GFP_projected.png","256","256","20240724_image processing project\85min after washout GFP_center.tif","16"
"85min_after_washout_frame_016","mCherry projected","result_pic\from_source_tifs\references\mCherry_projected\85min after washout_frame_016_mCherry_projected.png","256","256","20240724_image processing project\85min after washout_mCherry_center.tif","16"
"85min_after_washout_frame_017","Trans","result_pic\from_source_tifs\references\Trans\85min after washout_frame_017_Trans.png","256","256","20240724_image processing project\85min after washout Trans_center.tif","17"
"85min_after_washout_frame_017","GFP projected","result_pic\from_source_tifs\references\GFP_projected\85min after washout_frame_017_GFP_projected.png","256","256","20240724_image processing project\85min after washout GFP_center.tif","17"
"85min_after_washout_frame_017","mCherry projected","result_pic\from_source_tifs\references\mCherry_projected\85min after washout_frame_017_mCherry_projected.png","256","256","20240724_image processing project\85min after washout_mCherry_center.tif","17"
"85min_after_washout_frame_018","Trans","result_pic\from_source_tifs\references\Trans\85min after washout_frame_018_Trans.png","256","256","20240724_image processing project\85min after washout Trans_center.tif","18"
"85min_after_washout_frame_018","GFP projected","result_pic\from_source_tifs\references\GFP_projected\85min after washout_frame_018_GFP_projected.png","256","256","20240724_image processing project\85min after washout GFP_center.tif","18"
"85min_after_washout_frame_018","mCherry projected","result_pic\from_source_tifs\references\mCherry_projected\85min after washout_frame_018_mCherry_projected.png","256","256","20240724_image processing project\85min after washout_mCherry_center.tif","18"
"85min_after_washout_frame_019","Trans","result_pic\from_source_tifs\references\Trans\85min after washout_frame_019_Trans.png","256","256","20240724_image processing project\85min after washout Trans_center.tif","19"
"85min_after_washout_frame_019","GFP projected","result_pic\from_source_tifs\references\GFP_projected\85min after washout_frame_019_GFP_projected.png","256","256","20240724_image processing project\85min after washout GFP_center.tif","19"
"85min_after_washout_frame_019","mCherry projected","result_pic\from_source_tifs\references\mCherry_projected\85min after washout_frame_019_mCherry_projected.png","256","256","20240724_image processing project\85min after washout_mCherry_center.tif","19"
"85min_after_washout_frame_020","Trans","result_pic\from_source_tifs\references\Trans\85min after washout_frame_020_Trans.png","256","256","20240724_image processing project\85min after washout Trans_center.tif","20"
"85min_after_washout_frame_020","GFP projected","result_pic\from_source_tifs\references\GFP_projected\85min after washout_frame_020_GFP_projected.png","256","256","20240724_image processing project\85min after washout GFP_center.tif","20"
"85min_after_washout_frame_020","mCherry projected","result_pic\from_source_tifs\references\mCherry_projected\85min after washout_frame_020_mCherry_projected.png","256","256","20240724_image processing project\85min after washout_mCherry_center.tif","20"
"85min_after_washout_frame_021","Trans","result_pic\from_source_tifs\references\Trans\85min after washout_frame_021_Trans.png","256","256","20240724_image processing project\85min after washout Trans_center.tif","21"
"85min_after_washout_frame_021","GFP projected","result_pic\from_source_tifs\references\GFP_projected\85min after washout_frame_021_GFP_projected.png","256","256","20240724_image processing project\85min after washout GFP_center.tif","21"
"85min_after_washout_frame_021","mCherry projected","result_pic\from_source_tifs\references\mCherry_projected\85min after washout_frame_021_mCherry_projected.png","256","256","20240724_image processing project\85min after washout_mCherry_center.tif","21"
"85min_after_washout_frame_022","Trans","result_pic\from_source_tifs\references\Trans\85min after washout_frame_022_Trans.png","256","256","20240724_image processing project\85min after washout Trans_center.tif","22"
"85min_after_washout_frame_022","GFP projected","result_pic\from_source_tifs\references\GFP_projected\85min after washout_frame_022_GFP_projected.png","256","256","20240724_image processing project\85min after washout GFP_center.tif","22"
"85min_after_washout_frame_022","mCherry projected","result_pic\from_source_tifs\references\mCherry_projected\85min after washout_frame_022_mCherry_projected.png","256","256","20240724_image processing project\85min after washout_mCherry_center.tif","22"
"85min_after_washout_frame_023","Trans","result_pic\from_source_tifs\references\Trans\85min after washout_frame_023_Trans.png","256","256","20240724_image processing project\85min after washout Trans_center.tif","23"
"85min_after_washout_frame_023","GFP projected","result_pic\from_source_tifs\references\GFP_projected\85min after washout_frame_023_GFP_projected.png","256","256","20240724_image processing project\85min after washout GFP_center.tif","23"
"85min_after_washout_frame_023","mCherry projected","result_pic\from_source_tifs\references\mCherry_projected\85min after washout_frame_023_mCherry_projected.png","256","256","20240724_image processing project\85min after washout_mCherry_center.tif","23"
"Colorado+htb2-GFP_frame_000","Trans","result_pic\from_source_tifs\references\Trans\Colorado+htb2-GFP_frame_000_Trans.png","256","256","20240713_the one\Colorado+htb2-GFP_Trans_center.tif","0"
"Colorado+htb2-GFP_frame_000","GFP projected","result_pic\from_source_tifs\references\GFP_projected\Colorado+htb2-GFP_frame_000_GFP_projected.png","256","256","20240713_the one\Colorado+htb2-GFP_GFP_center.tif","0"
"Colorado+htb2-GFP_frame_000","mCherry projected","result_pic\from_source_tifs\references\mCherry_projected\Colorado+htb2-GFP_frame_000_mCherry_projected.png","256","256","20240713_the one\Colorado+htb2-GFP_mCherry_center.tif","0"
"Colorado+htb2-GFP_frame_001","Trans","result_pic\from_source_tifs\references\Trans\Colorado+htb2-GFP_frame_001_Trans.png","256","256","20240713_the one\Colorado+htb2-GFP_Trans_center.tif","1"
"Colorado+htb2-GFP_frame_001","GFP projected","result_pic\from_source_tifs\references\GFP_projected\Colorado+htb2-GFP_frame_001_GFP_projected.png","256","256","20240713_the one\Colorado+htb2-GFP_GFP_center.tif","1"
"Colorado+htb2-GFP_frame_001","mCherry projected","result_pic\from_source_tifs\references\mCherry_projected\Colorado+htb2-GFP_frame_001_mCherry_projected.png","256","256","20240713_the one\Colorado+htb2-GFP_mCherry_center.tif","1"
"Colorado+htb2-GFP_frame_002","Trans","result_pic\from_source_tifs\references\Trans\Colorado+htb2-GFP_frame_002_Trans.png","256","256","20240713_the one\Colorado+htb2-GFP_Trans_center.tif","2"
"Colorado+htb2-GFP_frame_002","GFP projected","result_pic\from_source_tifs\references\GFP_projected\Colorado+htb2-GFP_frame_002_GFP_projected.png","256","256","20240713_the one\Colorado+htb2-GFP_GFP_center.tif","2"
"Colorado+htb2-GFP_frame_002","mCherry projected","result_pic\from_source_tifs\references\mCherry_projected\Colorado+htb2-GFP_frame_002_mCherry_projected.png","256","256","20240713_the one\Colorado+htb2-GFP_mCherry_center.tif","2"
"Colorado+htb2-GFP_frame_003","Trans","result_pic\from_source_tifs\references\Trans\Colorado+htb2-GFP_frame_003_Trans.png","256","256","20240713_the one\Colorado+htb2-GFP_Trans_center.tif","3"
"Colorado+htb2-GFP_frame_003","GFP projected","result_pic\from_source_tifs\references\GFP_projected\Colorado+htb2-GFP_frame_003_GFP_projected.png","256","256","20240713_the one\Colorado+htb2-GFP_GFP_center.tif","3"
"Colorado+htb2-GFP_frame_003","mCherry projected","result_pic\from_source_tifs\references\mCherry_projected\Colorado+htb2-GFP_frame_003_mCherry_projected.png","256","256","20240713_the one\Colorado+htb2-GFP_mCherry_center.tif","3"
"Colorado+htb2-GFP_frame_004","Trans","result_pic\from_source_tifs\references\Trans\Colorado+htb2-GFP_frame_004_Trans.png","256","256","20240713_the one\Colorado+htb2-GFP_Trans_center.tif","4"
"Colorado+htb2-GFP_frame_004","GFP projected","result_pic\from_source_tifs\references\GFP_projected\Colorado+htb2-GFP_frame_004_GFP_projected.png","256","256","20240713_the one\Colorado+htb2-GFP_GFP_center.tif","4"
"Colorado+htb2-GFP_frame_004","mCherry projected","result_pic\from_source_tifs\references\mCherry_projected\Colorado+htb2-GFP_frame_004_mCherry_projected.png","256","256","20240713_the one\Colorado+htb2-GFP_mCherry_center.tif","4"
"Colorado+htb2-GFP_frame_005","Trans","result_pic\from_source_tifs\references\Trans\Colorado+htb2-GFP_frame_005_Trans.png","256","256","20240713_the one\Colorado+htb2-GFP_Trans_center.tif","5"
"Colorado+htb2-GFP_frame_005","GFP projected","result_pic\from_source_tifs\references\GFP_projected\Colorado+htb2-GFP_frame_005_GFP_projected.png","256","256","20240713_the one\Colorado+htb2-GFP_GFP_center.tif","5"
"Colorado+htb2-GFP_frame_005","mCherry projected","result_pic\from_source_tifs\references\mCherry_projected\Colorado+htb2-GFP_frame_005_mCherry_projected.png","256","256","20240713_the one\Colorado+htb2-GFP_mCherry_center.tif","5"
"Colorado+htb2-GFP_frame_006","Trans","result_pic\from_source_tifs\references\Trans\Colorado+htb2-GFP_frame_006_Trans.png","256","256","20240713_the one\Colorado+htb2-GFP_Trans_center.tif","6"
"Colorado+htb2-GFP_frame_006","GFP projected","result_pic\from_source_tifs\references\GFP_projected\Colorado+htb2-GFP_frame_006_GFP_projected.png","256","256","20240713_the one\Colorado+htb2-GFP_GFP_center.tif","6"
"Colorado+htb2-GFP_frame_006","mCherry projected","result_pic\from_source_tifs\references\mCherry_projected\Colorado+htb2-GFP_frame_006_mCherry_projected.png","256","256","20240713_the one\Colorado+htb2-GFP_mCherry_center.tif","6"
"Colorado+htb2-GFP_frame_007","Trans","result_pic\from_source_tifs\references\Trans\Colorado+htb2-GFP_frame_007_Trans.png","256","256","20240713_the one\Colorado+htb2-GFP_Trans_center.tif","7"
"Colorado+htb2-GFP_frame_007","GFP projected","result_pic\from_source_tifs\references\GFP_projected\Colorado+htb2-GFP_frame_007_GFP_projected.png","256","256","20240713_the one\Colorado+htb2-GFP_GFP_center.tif","7"
"Colorado+htb2-GFP_frame_007","mCherry projected","result_pic\from_source_tifs\references\mCherry_projected\Colorado+htb2-GFP_frame_007_mCherry_projected.png","256","256","20240713_the one\Colorado+htb2-GFP_mCherry_center.tif","7"
"Colorado+htb2-GFP_frame_008","Trans","result_pic\from_source_tifs\references\Trans\Colorado+htb2-GFP_frame_008_Trans.png","256","256","20240713_the one\Colorado+htb2-GFP_Trans_center.tif","8"
"Colorado+htb2-GFP_frame_008","GFP projected","result_pic\from_source_tifs\references\GFP_projected\Colorado+htb2-GFP_frame_008_GFP_projected.png","256","256","20240713_the one\Colorado+htb2-GFP_GFP_center.tif","8"
"Colorado+htb2-GFP_frame_008","mCherry projected","result_pic\from_source_tifs\references\mCherry_projected\Colorado+htb2-GFP_frame_008_mCherry_projected.png","256","256","20240713_the one\Colorado+htb2-GFP_mCherry_center.tif","8"
"Colorado+htb2-GFP_frame_009","Trans","result_pic\from_source_tifs\references\Trans\Colorado+htb2-GFP_frame_009_Trans.png","256","256","20240713_the one\Colorado+htb2-GFP_Trans_center.tif","9"
"Colorado+htb2-GFP_frame_009","GFP projected","result_pic\from_source_tifs\references\GFP_projected\Colorado+htb2-GFP_frame_009_GFP_projected.png","256","256","20240713_the one\Colorado+htb2-GFP_GFP_center.tif","9"
"Colorado+htb2-GFP_frame_009","mCherry projected","result_pic\from_source_tifs\references\mCherry_projected\Colorado+htb2-GFP_frame_009_mCherry_projected.png","256","256","20240713_the one\Colorado+htb2-GFP_mCherry_center.tif","9"
"Colorado+htb2-GFP_frame_010","Trans","result_pic\from_source_tifs\references\Trans\Colorado+htb2-GFP_frame_010_Trans.png","256","256","20240713_the one\Colorado+htb2-GFP_Trans_center.tif","10"
"Colorado+htb2-GFP_frame_010","GFP projected","result_pic\from_source_tifs\references\GFP_projected\Colorado+htb2-GFP_frame_010_GFP_projected.png","256","256","20240713_the one\Colorado+htb2-GFP_GFP_center.tif","10"
"Colorado+htb2-GFP_frame_010","mCherry projected","result_pic\from_source_tifs\references\mCherry_projected\Colorado+htb2-GFP_frame_010_mCherry_projected.png","256","256","20240713_the one\Colorado+htb2-GFP_mCherry_center.tif","10"
"Colorado+htb2-GFP_frame_011","Trans","result_pic\from_source_tifs\references\Trans\Colorado+htb2-GFP_frame_011_Trans.png","256","256","20240713_the one\Colorado+htb2-GFP_Trans_center.tif","11"
"Colorado+htb2-GFP_frame_011","GFP projected","result_pic\from_source_tifs\references\GFP_projected\Colorado+htb2-GFP_frame_011_GFP_projected.png","256","256","20240713_the one\Colorado+htb2-GFP_GFP_center.tif","11"
"Colorado+htb2-GFP_frame_011","mCherry projected","result_pic\from_source_tifs\references\mCherry_projected\Colorado+htb2-GFP_frame_011_mCherry_projected.png","256","256","20240713_the one\Colorado+htb2-GFP_mCherry_center.tif","11"
"Colorado+htb2-GFP_frame_012","Trans","result_pic\from_source_tifs\references\Trans\Colorado+htb2-GFP_frame_012_Trans.png","256","256","20240713_the one\Colorado+htb2-GFP_Trans_center.tif","12"
"Colorado+htb2-GFP_frame_012","GFP projected","result_pic\from_source_tifs\references\GFP_projected\Colorado+htb2-GFP_frame_012_GFP_projected.png","256","256","20240713_the one\Colorado+htb2-GFP_GFP_center.tif","12"
"Colorado+htb2-GFP_frame_012","mCherry projected","result_pic\from_source_tifs\references\mCherry_projected\Colorado+htb2-GFP_frame_012_mCherry_projected.png","256","256","20240713_the one\Colorado+htb2-GFP_mCherry_center.tif","12"
"Colorado+htb2-GFP_frame_013","Trans","result_pic\from_source_tifs\references\Trans\Colorado+htb2-GFP_frame_013_Trans.png","256","256","20240713_the one\Colorado+htb2-GFP_Trans_center.tif","13"
"Colorado+htb2-GFP_frame_013","GFP projected","result_pic\from_source_tifs\references\GFP_projected\Colorado+htb2-GFP_frame_013_GFP_projected.png","256","256","20240713_the one\Colorado+htb2-GFP_GFP_center.tif","13"
"Colorado+htb2-GFP_frame_013","mCherry projected","result_pic\from_source_tifs\references\mCherry_projected\Colorado+htb2-GFP_frame_013_mCherry_projected.png","256","256","20240713_the one\Colorado+htb2-GFP_mCherry_center.tif","13"
"Colorado+htb2-GFP_frame_014","Trans","result_pic\from_source_tifs\references\Trans\Colorado+htb2-GFP_frame_014_Trans.png","256","256","20240713_the one\Colorado+htb2-GFP_Trans_center.tif","14"
"Colorado+htb2-GFP_frame_014","GFP projected","result_pic\from_source_tifs\references\GFP_projected\Colorado+htb2-GFP_frame_014_GFP_projected.png","256","256","20240713_the one\Colorado+htb2-GFP_GFP_center.tif","14"
"Colorado+htb2-GFP_frame_014","mCherry projected","result_pic\from_source_tifs\references\mCherry_projected\Colorado+htb2-GFP_frame_014_mCherry_projected.png","256","256","20240713_the one\Colorado+htb2-GFP_mCherry_center.tif","14"
"Colorado+htb2-GFP_frame_015","Trans","result_pic\from_source_tifs\references\Trans\Colorado+htb2-GFP_frame_015_Trans.png","256","256","20240713_the one\Colorado+htb2-GFP_Trans_center.tif","15"
"Colorado+htb2-GFP_frame_015","GFP projected","result_pic\from_source_tifs\references\GFP_projected\Colorado+htb2-GFP_frame_015_GFP_projected.png","256","256","20240713_the one\Colorado+htb2-GFP_GFP_center.tif","15"
"Colorado+htb2-GFP_frame_015","mCherry projected","result_pic\from_source_tifs\references\mCherry_projected\Colorado+htb2-GFP_frame_015_mCherry_projected.png","256","256","20240713_the one\Colorado+htb2-GFP_mCherry_center.tif","15"
"Colorado+htb2-GFP_frame_016","Trans","result_pic\from_source_tifs\references\Trans\Colorado+htb2-GFP_frame_016_Trans.png","256","256","20240713_the one\Colorado+htb2-GFP_Trans_center.tif","16"
"Colorado+htb2-GFP_frame_016","GFP projected","result_pic\from_source_tifs\references\GFP_projected\Colorado+htb2-GFP_frame_016_GFP_projected.png","256","256","20240713_the one\Colorado+htb2-GFP_GFP_center.tif","16"
"Colorado+htb2-GFP_frame_016","mCherry projected","result_pic\from_source_tifs\references\mCherry_projected\Colorado+htb2-GFP_frame_016_mCherry_projected.png","256","256","20240713_the one\Colorado+htb2-GFP_mCherry_center.tif","16"
"Colorado+htb2-GFP_frame_017","Trans","result_pic\from_source_tifs\references\Trans\Colorado+htb2-GFP_frame_017_Trans.png","256","256","20240713_the one\Colorado+htb2-GFP_Trans_center.tif","17"
"Colorado+htb2-GFP_frame_017","GFP projected","result_pic\from_source_tifs\references\GFP_projected\Colorado+htb2-GFP_frame_017_GFP_projected.png","256","256","20240713_the one\Colorado+htb2-GFP_GFP_center.tif","17"
"Colorado+htb2-GFP_frame_017","mCherry projected","result_pic\from_source_tifs\references\mCherry_projected\Colorado+htb2-GFP_frame_017_mCherry_projected.png","256","256","20240713_the one\Colorado+htb2-GFP_mCherry_center.tif","17"
"Colorado+htb2-GFP_frame_018","Trans","result_pic\from_source_tifs\references\Trans\Colorado+htb2-GFP_frame_018_Trans.png","256","256","20240713_the one\Colorado+htb2-GFP_Trans_center.tif","18"
"Colorado+htb2-GFP_frame_018","GFP projected","result_pic\from_source_tifs\references\GFP_projected\Colorado+htb2-GFP_frame_018_GFP_projected.png","256","256","20240713_the one\Colorado+htb2-GFP_GFP_center.tif","18"
"Colorado+htb2-GFP_frame_018","mCherry projected","result_pic\from_source_tifs\references\mCherry_projected\Colorado+htb2-GFP_frame_018_mCherry_projected.png","256","256","20240713_the one\Colorado+htb2-GFP_mCherry_center.tif","18"
"Colorado+htb2-GFP_frame_019","Trans","result_pic\from_source_tifs\references\Trans\Colorado+htb2-GFP_frame_019_Trans.png","256","256","20240713_the one\Colorado+htb2-GFP_Trans_center.tif","19"
"Colorado+htb2-GFP_frame_019","GFP projected","result_pic\from_source_tifs\references\GFP_projected\Colorado+htb2-GFP_frame_019_GFP_projected.png","256","256","20240713_the one\Colorado+htb2-GFP_GFP_center.tif","19"
"Colorado+htb2-GFP_frame_019","mCherry projected","result_pic\from_source_tifs\references\mCherry_projected\Colorado+htb2-GFP_frame_019_mCherry_projected.png","256","256","20240713_the one\Colorado+htb2-GFP_mCherry_center.tif","19"
"_ess_dense_frame_000","Trans","result_pic\from_source_tifs\references\Trans\_ess dense_frame_000_Trans.png","256","256","20240724_image processing project\_ess dense_Trans_center.tif","0"
"_ess_dense_frame_000","GFP projected","result_pic\from_source_tifs\references\GFP_projected\_ess dense_frame_000_GFP_projected.png","256","256","20240724_image processing project\_ess dense_GFP_center.tif","0"
"_ess_dense_frame_000","mCherry projected","result_pic\from_source_tifs\references\mCherry_projected\_ess dense_frame_000_mCherry_projected.png","256","256","20240724_image processing project\_ess dense_mCherry_center.tif","0"
"_ess_dense_frame_001","Trans","result_pic\from_source_tifs\references\Trans\_ess dense_frame_001_Trans.png","256","256","20240724_image processing project\_ess dense_Trans_center.tif","1"
"_ess_dense_frame_001","GFP projected","result_pic\from_source_tifs\references\GFP_projected\_ess dense_frame_001_GFP_projected.png","256","256","20240724_image processing project\_ess dense_GFP_center.tif","1"
"_ess_dense_frame_001","mCherry projected","result_pic\from_source_tifs\references\mCherry_projected\_ess dense_frame_001_mCherry_projected.png","256","256","20240724_image processing project\_ess dense_mCherry_center.tif","1"
"_ess_dense_frame_002","Trans","result_pic\from_source_tifs\references\Trans\_ess dense_frame_002_Trans.png","256","256","20240724_image processing project\_ess dense_Trans_center.tif","2"
"_ess_dense_frame_002","GFP projected","result_pic\from_source_tifs\references\GFP_projected\_ess dense_frame_002_GFP_projected.png","256","256","20240724_image processing project\_ess dense_GFP_center.tif","2"
"_ess_dense_frame_002","mCherry projected","result_pic\from_source_tifs\references\mCherry_projected\_ess dense_frame_002_mCherry_projected.png","256","256","20240724_image processing project\_ess dense_mCherry_center.tif","2"
"_ess_dense_frame_003","Trans","result_pic\from_source_tifs\references\Trans\_ess dense_frame_003_Trans.png","256","256","20240724_image processing project\_ess dense_Trans_center.tif","3"
"_ess_dense_frame_003","GFP projected","result_pic\from_source_tifs\references\GFP_projected\_ess dense_frame_003_GFP_projected.png","256","256","20240724_image processing project\_ess dense_GFP_center.tif","3"
"_ess_dense_frame_003","mCherry projected","result_pic\from_source_tifs\references\mCherry_projected\_ess dense_frame_003_mCherry_projected.png","256","256","20240724_image processing project\_ess dense_mCherry_center.tif","3"
"_ess_dense_frame_004","Trans","result_pic\from_source_tifs\references\Trans\_ess dense_frame_004_Trans.png","256","256","20240724_image processing project\_ess dense_Trans_center.tif","4"
"_ess_dense_frame_004","GFP projected","result_pic\from_source_tifs\references\GFP_projected\_ess dense_frame_004_GFP_projected.png","256","256","20240724_image processing project\_ess dense_GFP_center.tif","4"
"_ess_dense_frame_004","mCherry projected","result_pic\from_source_tifs\references\mCherry_projected\_ess dense_frame_004_mCherry_projected.png","256","256","20240724_image processing project\_ess dense_mCherry_center.tif","4"
"_ess_dense_frame_005","Trans","result_pic\from_source_tifs\references\Trans\_ess dense_frame_005_Trans.png","256","256","20240724_image processing project\_ess dense_Trans_center.tif","5"
"_ess_dense_frame_005","GFP projected","result_pic\from_source_tifs\references\GFP_projected\_ess dense_frame_005_GFP_projected.png","256","256","20240724_image processing project\_ess dense_GFP_center.tif","5"
"_ess_dense_frame_005","mCherry projected","result_pic\from_source_tifs\references\mCherry_projected\_ess dense_frame_005_mCherry_projected.png","256","256","20240724_image processing project\_ess dense_mCherry_center.tif","5"
"_ess_dense_frame_006","Trans","result_pic\from_source_tifs\references\Trans\_ess dense_frame_006_Trans.png","256","256","20240724_image processing project\_ess dense_Trans_center.tif","6"
"_ess_dense_frame_006","GFP projected","result_pic\from_source_tifs\references\GFP_projected\_ess dense_frame_006_GFP_projected.png","256","256","20240724_image processing project\_ess dense_GFP_center.tif","6"
"_ess_dense_frame_006","mCherry projected","result_pic\from_source_tifs\references\mCherry_projected\_ess dense_frame_006_mCherry_projected.png","256","256","20240724_image processing project\_ess dense_mCherry_center.tif","6"
"_ess_dense_frame_007","Trans","result_pic\from_source_tifs\references\Trans\_ess dense_frame_007_Trans.png","256","256","20240724_image processing project\_ess dense_Trans_center.tif","7"
"_ess_dense_frame_007","GFP projected","result_pic\from_source_tifs\references\GFP_projected\_ess dense_frame_007_GFP_projected.png","256","256","20240724_image processing project\_ess dense_GFP_center.tif","7"
"_ess_dense_frame_007","mCherry projected","result_pic\from_source_tifs\references\mCherry_projected\_ess dense_frame_007_mCherry_projected.png","256","256","20240724_image processing project\_ess dense_mCherry_center.tif","7"
"_ess_dense_frame_008","Trans","result_pic\from_source_tifs\references\Trans\_ess dense_frame_008_Trans.png","256","256","20240724_image processing project\_ess dense_Trans_center.tif","8"
"_ess_dense_frame_008","GFP projected","result_pic\from_source_tifs\references\GFP_projected\_ess dense_frame_008_GFP_projected.png","256","256","20240724_image processing project\_ess dense_GFP_center.tif","8"
"_ess_dense_frame_008","mCherry projected","result_pic\from_source_tifs\references\mCherry_projected\_ess dense_frame_008_mCherry_projected.png","256","256","20240724_image processing project\_ess dense_mCherry_center.tif","8"
"_ess_dense_frame_009","Trans","result_pic\from_source_tifs\references\Trans\_ess dense_frame_009_Trans.png","256","256","20240724_image processing project\_ess dense_Trans_center.tif","9"
"_ess_dense_frame_009","GFP projected","result_pic\from_source_tifs\references\GFP_projected\_ess dense_frame_009_GFP_projected.png","256","256","20240724_image processing project\_ess dense_GFP_center.tif","9"
"_ess_dense_frame_009","mCherry projected","result_pic\from_source_tifs\references\mCherry_projected\_ess dense_frame_009_mCherry_projected.png","256","256","20240724_image processing project\_ess dense_mCherry_center.tif","9"
"_ess_dense_frame_010","Trans","result_pic\from_source_tifs\references\Trans\_ess dense_frame_010_Trans.png","256","256","20240724_image processing project\_ess dense_Trans_center.tif","10"
"_ess_dense_frame_010","GFP projected","result_pic\from_source_tifs\references\GFP_projected\_ess dense_frame_010_GFP_projected.png","256","256","20240724_image processing project\_ess dense_GFP_center.tif","10"
"_ess_dense_frame_010","mCherry projected","result_pic\from_source_tifs\references\mCherry_projected\_ess dense_frame_010_mCherry_projected.png","256","256","20240724_image processing project\_ess dense_mCherry_center.tif","10"
"_ess_dense_frame_011","Trans","result_pic\from_source_tifs\references\Trans\_ess dense_frame_011_Trans.png","256","256","20240724_image processing project\_ess dense_Trans_center.tif","11"
"_ess_dense_frame_011","GFP projected","result_pic\from_source_tifs\references\GFP_projected\_ess dense_frame_011_GFP_projected.png","256","256","20240724_image processing project\_ess dense_GFP_center.tif","11"
"_ess_dense_frame_011","mCherry projected","result_pic\from_source_tifs\references\mCherry_projected\_ess dense_frame_011_mCherry_projected.png","256","256","20240724_image processing project\_ess dense_mCherry_center.tif","11"
"_ess_dense_frame_012","Trans","result_pic\from_source_tifs\references\Trans\_ess dense_frame_012_Trans.png","256","256","20240724_image processing project\_ess dense_Trans_center.tif","12"
"_ess_dense_frame_012","GFP projected","result_pic\from_source_tifs\references\GFP_projected\_ess dense_frame_012_GFP_projected.png","256","256","20240724_image processing project\_ess dense_GFP_center.tif","12"
"_ess_dense_frame_012","mCherry projected","result_pic\from_source_tifs\references\mCherry_projected\_ess dense_frame_012_mCherry_projected.png","256","256","20240724_image processing project\_ess dense_mCherry_center.tif","12"
"_ess_dense_frame_013","Trans","result_pic\from_source_tifs\references\Trans\_ess dense_frame_013_Trans.png","256","256","20240724_image processing project\_ess dense_Trans_center.tif","13"
"_ess_dense_frame_013","GFP projected","result_pic\from_source_tifs\references\GFP_projected\_ess dense_frame_013_GFP_projected.png","256","256","20240724_image processing project\_ess dense_GFP_center.tif","13"
"_ess_dense_frame_013","mCherry projected","result_pic\from_source_tifs\references\mCherry_projected\_ess dense_frame_013_mCherry_projected.png","256","256","20240724_image processing project\_ess dense_mCherry_center.tif","13"
"_ess_dense_frame_014","Trans","result_pic\from_source_tifs\references\Trans\_ess dense_frame_014_Trans.png","256","256","20240724_image processing project\_ess dense_Trans_center.tif","14"
"_ess_dense_frame_014","GFP projected","result_pic\from_source_tifs\references\GFP_projected\_ess dense_frame_014_GFP_projected.png","256","256","20240724_image processing project\_ess dense_GFP_center.tif","14"
"_ess_dense_frame_014","mCherry projected","result_pic\from_source_tifs\references\mCherry_projected\_ess dense_frame_014_mCherry_projected.png","256","256","20240724_image processing project\_ess dense_mCherry_center.tif","14"
"_ess_dense_frame_015","Trans","result_pic\from_source_tifs\references\Trans\_ess dense_frame_015_Trans.png","256","256","20240724_image processing project\_ess dense_Trans_center.tif","15"
"_ess_dense_frame_015","GFP projected","result_pic\from_source_tifs\references\GFP_projected\_ess dense_frame_015_GFP_projected.png","256","256","20240724_image processing project\_ess dense_GFP_center.tif","15"
"_ess_dense_frame_015","mCherry projected","result_pic\from_source_tifs\references\mCherry_projected\_ess dense_frame_015_mCherry_projected.png","256","256","20240724_image processing project\_ess dense_mCherry_center.tif","15"
"_ess_dense_frame_016","Trans","result_pic\from_source_tifs\references\Trans\_ess dense_frame_016_Trans.png","256","256","20240724_image processing project\_ess dense_Trans_center.tif","16"
"_ess_dense_frame_016","GFP projected","result_pic\from_source_tifs\references\GFP_projected\_ess dense_frame_016_GFP_projected.png","256","256","20240724_image processing project\_ess dense_GFP_center.tif","16"
"_ess_dense_frame_016","mCherry projected","result_pic\from_source_tifs\references\mCherry_projected\_ess dense_frame_016_mCherry_projected.png","256","256","20240724_image processing project\_ess dense_mCherry_center.tif","16"
"_ess_dense_frame_017","Trans","result_pic\from_source_tifs\references\Trans\_ess dense_frame_017_Trans.png","256","256","20240724_image processing project\_ess dense_Trans_center.tif","17"
"_ess_dense_frame_017","GFP projected","result_pic\from_source_tifs\references\GFP_projected\_ess dense_frame_017_GFP_projected.png","256","256","20240724_image processing project\_ess dense_GFP_center.tif","17"
"_ess_dense_frame_017","mCherry projected","result_pic\from_source_tifs\references\mCherry_projected\_ess dense_frame_017_mCherry_projected.png","256","256","20240724_image processing project\_ess dense_mCherry_center.tif","17"
"_ess_dense_frame_018","Trans","result_pic\from_source_tifs\references\Trans\_ess dense_frame_018_Trans.png","256","256","20240724_image processing project\_ess dense_Trans_center.tif","18"
"_ess_dense_frame_018","GFP projected","result_pic\from_source_tifs\references\GFP_projected\_ess dense_frame_018_GFP_projected.png","256","256","20240724_image processing project\_ess dense_GFP_center.tif","18"
"_ess_dense_frame_018","mCherry projected","result_pic\from_source_tifs\references\mCherry_projected\_ess dense_frame_018_mCherry_projected.png","256","256","20240724_image processing project\_ess dense_mCherry_center.tif","18"
"_ess_dense_frame_019","Trans","result_pic\from_source_tifs\references\Trans\_ess dense_frame_019_Trans.png","256","256","20240724_image processing project\_ess dense_Trans_center.tif","19"
"_ess_dense_frame_019","GFP projected","result_pic\from_source_tifs\references\GFP_projected\_ess dense_frame_019_GFP_projected.png","256","256","20240724_image processing project\_ess dense_GFP_center.tif","19"
"_ess_dense_frame_019","mCherry projected","result_pic\from_source_tifs\references\mCherry_projected\_ess dense_frame_019_mCherry_projected.png","256","256","20240724_image processing project\_ess dense_mCherry_center.tif","19"
"_ess_dense_frame_020","Trans","result_pic\from_source_tifs\references\Trans\_ess dense_frame_020_Trans.png","256","256","20240724_image processing project\_ess dense_Trans_center.tif","20"
"_ess_dense_frame_020","GFP projected","result_pic\from_source_tifs\references\GFP_projected\_ess dense_frame_020_GFP_projected.png","256","256","20240724_image processing project\_ess dense_GFP_center.tif","20"
"_ess_dense_frame_020","mCherry projected","result_pic\from_source_tifs\references\mCherry_projected\_ess dense_frame_020_mCherry_projected.png","256","256","20240724_image processing project\_ess dense_mCherry_center.tif","20"
"alphafactor_arrest_frame_000","Trans","result_pic\from_source_tifs\references\Trans\alphafactor arrest_frame_000_Trans.png","256","256","20240724_image processing project\alphafactor arrest Trans_center.tif","0"
"alphafactor_arrest_frame_000","GFP projected","result_pic\from_source_tifs\references\GFP_projected\alphafactor arrest_frame_000_GFP_projected.png","256","256","20240724_image processing project\alphafactor arrest GFP_center.tif","0"
"alphafactor_arrest_frame_000","mCherry projected","result_pic\from_source_tifs\references\mCherry_projected\alphafactor arrest_frame_000_mCherry_projected.png","256","256","20240724_image processing project\alphafactor arrest mCherry_center.tif","0"
"alphafactor_arrest_frame_001","Trans","result_pic\from_source_tifs\references\Trans\alphafactor arrest_frame_001_Trans.png","256","256","20240724_image processing project\alphafactor arrest Trans_center.tif","1"
"alphafactor_arrest_frame_001","GFP projected","result_pic\from_source_tifs\references\GFP_projected\alphafactor arrest_frame_001_GFP_projected.png","256","256","20240724_image processing project\alphafactor arrest GFP_center.tif","1"
"alphafactor_arrest_frame_001","mCherry projected","result_pic\from_source_tifs\references\mCherry_projected\alphafactor arrest_frame_001_mCherry_projected.png","256","256","20240724_image processing project\alphafactor arrest mCherry_center.tif","1"
"alphafactor_arrest_frame_002","Trans","result_pic\from_source_tifs\references\Trans\alphafactor arrest_frame_002_Trans.png","256","256","20240724_image processing project\alphafactor arrest Trans_center.tif","2"
"alphafactor_arrest_frame_002","GFP projected","result_pic\from_source_tifs\references\GFP_projected\alphafactor arrest_frame_002_GFP_projected.png","256","256","20240724_image processing project\alphafactor arrest GFP_center.tif","2"
"alphafactor_arrest_frame_002","mCherry projected","result_pic\from_source_tifs\references\mCherry_projected\alphafactor arrest_frame_002_mCherry_projected.png","256","256","20240724_image processing project\alphafactor arrest mCherry_center.tif","2"
"alphafactor_arrest_frame_003","Trans","result_pic\from_source_tifs\references\Trans\alphafactor arrest_frame_003_Trans.png","256","256","20240724_image processing project\alphafactor arrest Trans_center.tif","3"
"alphafactor_arrest_frame_003","GFP projected","result_pic\from_source_tifs\references\GFP_projected\alphafactor arrest_frame_003_GFP_projected.png","256","256","20240724_image processing project\alphafactor arrest GFP_center.tif","3"
"alphafactor_arrest_frame_003","mCherry projected","result_pic\from_source_tifs\references\mCherry_projected\alphafactor arrest_frame_003_mCherry_projected.png","256","256","20240724_image processing project\alphafactor arrest mCherry_center.tif","3"
"alphafactor_arrest_frame_004","Trans","result_pic\from_source_tifs\references\Trans\alphafactor arrest_frame_004_Trans.png","256","256","20240724_image processing project\alphafactor arrest Trans_center.tif","4"
"alphafactor_arrest_frame_004","GFP projected","result_pic\from_source_tifs\references\GFP_projected\alphafactor arrest_frame_004_GFP_projected.png","256","256","20240724_image processing project\alphafactor arrest GFP_center.tif","4"
"alphafactor_arrest_frame_004","mCherry projected","result_pic\from_source_tifs\references\mCherry_projected\alphafactor arrest_frame_004_mCherry_projected.png","256","256","20240724_image processing project\alphafactor arrest mCherry_center.tif","4"
"alphafactor_arrest_frame_005","Trans","result_pic\from_source_tifs\references\Trans\alphafactor arrest_frame_005_Trans.png","256","256","20240724_image processing project\alphafactor arrest Trans_center.tif","5"
"alphafactor_arrest_frame_005","GFP projected","result_pic\from_source_tifs\references\GFP_projected\alphafactor arrest_frame_005_GFP_projected.png","256","256","20240724_image processing project\alphafactor arrest GFP_center.tif","5"
"alphafactor_arrest_frame_005","mCherry projected","result_pic\from_source_tifs\references\mCherry_projected\alphafactor arrest_frame_005_mCherry_projected.png","256","256","20240724_image processing project\alphafactor arrest mCherry_center.tif","5"
"alphafactor_arrest_frame_006","Trans","result_pic\from_source_tifs\references\Trans\alphafactor arrest_frame_006_Trans.png","256","256","20240724_image processing project\alphafactor arrest Trans_center.tif","6"
"alphafactor_arrest_frame_006","GFP projected","result_pic\from_source_tifs\references\GFP_projected\alphafactor arrest_frame_006_GFP_projected.png","256","256","20240724_image processing project\alphafactor arrest GFP_center.tif","6"
"alphafactor_arrest_frame_006","mCherry projected","result_pic\from_source_tifs\references\mCherry_projected\alphafactor arrest_frame_006_mCherry_projected.png","256","256","20240724_image processing project\alphafactor arrest mCherry_center.tif","6"
"alphafactor_arrest_frame_007","Trans","result_pic\from_source_tifs\references\Trans\alphafactor arrest_frame_007_Trans.png","256","256","20240724_image processing project\alphafactor arrest Trans_center.tif","7"
"alphafactor_arrest_frame_007","GFP projected","result_pic\from_source_tifs\references\GFP_projected\alphafactor arrest_frame_007_GFP_projected.png","256","256","20240724_image processing project\alphafactor arrest GFP_center.tif","7"
"alphafactor_arrest_frame_007","mCherry projected","result_pic\from_source_tifs\references\mCherry_projected\alphafactor arrest_frame_007_mCherry_projected.png","256","256","20240724_image processing project\alphafactor arrest mCherry_center.tif","7"
"alphafactor_arrest_frame_008","Trans","result_pic\from_source_tifs\references\Trans\alphafactor arrest_frame_008_Trans.png","256","256","20240724_image processing project\alphafactor arrest Trans_center.tif","8"
"alphafactor_arrest_frame_008","GFP projected","result_pic\from_source_tifs\references\GFP_projected\alphafactor arrest_frame_008_GFP_projected.png","256","256","20240724_image processing project\alphafactor arrest GFP_center.tif","8"
"alphafactor_arrest_frame_008","mCherry projected","result_pic\from_source_tifs\references\mCherry_projected\alphafactor arrest_frame_008_mCherry_projected.png","256","256","20240724_image processing project\alphafactor arrest mCherry_center.tif","8"
"alphafactor_arrest_frame_009","Trans","result_pic\from_source_tifs\references\Trans\alphafactor arrest_frame_009_Trans.png","256","256","20240724_image processing project\alphafactor arrest Trans_center.tif","9"
"alphafactor_arrest_frame_009","GFP projected","result_pic\from_source_tifs\references\GFP_projected\alphafactor arrest_frame_009_GFP_projected.png","256","256","20240724_image processing project\alphafactor arrest GFP_center.tif","9"
"alphafactor_arrest_frame_009","mCherry projected","result_pic\from_source_tifs\references\mCherry_projected\alphafactor arrest_frame_009_mCherry_projected.png","256","256","20240724_image processing project\alphafactor arrest mCherry_center.tif","9"
"alphafactor_arrest_frame_010","Trans","result_pic\from_source_tifs\references\Trans\alphafactor arrest_frame_010_Trans.png","256","256","20240724_image processing project\alphafactor arrest Trans_center.tif","10"
"alphafactor_arrest_frame_010","GFP projected","result_pic\from_source_tifs\references\GFP_projected\alphafactor arrest_frame_010_GFP_projected.png","256","256","20240724_image processing project\alphafactor arrest GFP_center.tif","10"
"alphafactor_arrest_frame_010","mCherry projected","result_pic\from_source_tifs\references\mCherry_projected\alphafactor arrest_frame_010_mCherry_projected.png","256","256","20240724_image processing project\alphafactor arrest mCherry_center.tif","10"
"alphafactor_arrest_frame_011","Trans","result_pic\from_source_tifs\references\Trans\alphafactor arrest_frame_011_Trans.png","256","256","20240724_image processing project\alphafactor arrest Trans_center.tif","11"
"alphafactor_arrest_frame_011","GFP projected","result_pic\from_source_tifs\references\GFP_projected\alphafactor arrest_frame_011_GFP_projected.png","256","256","20240724_image processing project\alphafactor arrest GFP_center.tif","11"
"alphafactor_arrest_frame_011","mCherry projected","result_pic\from_source_tifs\references\mCherry_projected\alphafactor arrest_frame_011_mCherry_projected.png","256","256","20240724_image processing project\alphafactor arrest mCherry_center.tif","11"
"alphafactor_arrest_frame_012","Trans","result_pic\from_source_tifs\references\Trans\alphafactor arrest_frame_012_Trans.png","256","256","20240724_image processing project\alphafactor arrest Trans_center.tif","12"
"alphafactor_arrest_frame_012","GFP projected","result_pic\from_source_tifs\references\GFP_projected\alphafactor arrest_frame_012_GFP_projected.png","256","256","20240724_image processing project\alphafactor arrest GFP_center.tif","12"
"alphafactor_arrest_frame_012","mCherry projected","result_pic\from_source_tifs\references\mCherry_projected\alphafactor arrest_frame_012_mCherry_projected.png","256","256","20240724_image processing project\alphafactor arrest mCherry_center.tif","12"
"alphafactor_arrest_frame_013","Trans","result_pic\from_source_tifs\references\Trans\alphafactor arrest_frame_013_Trans.png","256","256","20240724_image processing project\alphafactor arrest Trans_center.tif","13"
"alphafactor_arrest_frame_013","GFP projected","result_pic\from_source_tifs\references\GFP_projected\alphafactor arrest_frame_013_GFP_projected.png","256","256","20240724_image processing project\alphafactor arrest GFP_center.tif","13"
"alphafactor_arrest_frame_013","mCherry projected","result_pic\from_source_tifs\references\mCherry_projected\alphafactor arrest_frame_013_mCherry_projected.png","256","256","20240724_image processing project\alphafactor arrest mCherry_center.tif","13"
"alphafactor_arrest_frame_014","Trans","result_pic\from_source_tifs\references\Trans\alphafactor arrest_frame_014_Trans.png","256","256","20240724_image processing project\alphafactor arrest Trans_center.tif","14"
"alphafactor_arrest_frame_014","GFP projected","result_pic\from_source_tifs\references\GFP_projected\alphafactor arrest_frame_014_GFP_projected.png","256","256","20240724_image processing project\alphafactor arrest GFP_center.tif","14"
"alphafactor_arrest_frame_014","mCherry projected","result_pic\from_source_tifs\references\mCherry_projected\alphafactor arrest_frame_014_mCherry_projected.png","256","256","20240724_image processing project\alphafactor arrest mCherry_center.tif","14"
"alphafactor_arrest_frame_015","Trans","result_pic\from_source_tifs\references\Trans\alphafactor arrest_frame_015_Trans.png","256","256","20240724_image processing project\alphafactor arrest Trans_center.tif","15"
"alphafactor_arrest_frame_015","GFP projected","result_pic\from_source_tifs\references\GFP_projected\alphafactor arrest_frame_015_GFP_projected.png","256","256","20240724_image processing project\alphafactor arrest GFP_center.tif","15"
"alphafactor_arrest_frame_015","mCherry projected","result_pic\from_source_tifs\references\mCherry_projected\alphafactor arrest_frame_015_mCherry_projected.png","256","256","20240724_image processing project\alphafactor arrest mCherry_center.tif","15"
"alphafactor_arrest_frame_016","Trans","result_pic\from_source_tifs\references\Trans\alphafactor arrest_frame_016_Trans.png","256","256","20240724_image processing project\alphafactor arrest Trans_center.tif","16"
"alphafactor_arrest_frame_016","GFP projected","result_pic\from_source_tifs\references\GFP_projected\alphafactor arrest_frame_016_GFP_projected.png","256","256","20240724_image processing project\alphafactor arrest GFP_center.tif","16"
"alphafactor_arrest_frame_016","mCherry projected","result_pic\from_source_tifs\references\mCherry_projected\alphafactor arrest_frame_016_mCherry_projected.png","256","256","20240724_image processing project\alphafactor arrest mCherry_center.tif","16"
"alphafactor_arrest_frame_017","Trans","result_pic\from_source_tifs\references\Trans\alphafactor arrest_frame_017_Trans.png","256","256","20240724_image processing project\alphafactor arrest Trans_center.tif","17"
"alphafactor_arrest_frame_017","GFP projected","result_pic\from_source_tifs\references\GFP_projected\alphafactor arrest_frame_017_GFP_projected.png","256","256","20240724_image processing project\alphafactor arrest GFP_center.tif","17"
"alphafactor_arrest_frame_017","mCherry projected","result_pic\from_source_tifs\references\mCherry_projected\alphafactor arrest_frame_017_mCherry_projected.png","256","256","20240724_image processing project\alphafactor arrest mCherry_center.tif","17"
"alphafactor_arrest_frame_018","Trans","result_pic\from_source_tifs\references\Trans\alphafactor arrest_frame_018_Trans.png","256","256","20240724_image processing project\alphafactor arrest Trans_center.tif","18"
"alphafactor_arrest_frame_018","GFP projected","result_pic\from_source_tifs\references\GFP_projected\alphafactor arrest_frame_018_GFP_projected.png","256","256","20240724_image processing project\alphafactor arrest GFP_center.tif","18"
"alphafactor_arrest_frame_018","mCherry projected","result_pic\from_source_tifs\references\mCherry_projected\alphafactor arrest_frame_018_mCherry_projected.png","256","256","20240724_image processing project\alphafactor arrest mCherry_center.tif","18"
"alphafactor_arrest_frame_019","Trans","result_pic\from_source_tifs\references\Trans\alphafactor arrest_frame_019_Trans.png","256","256","20240724_image processing project\alphafactor arrest Trans_center.tif","19"
"alphafactor_arrest_frame_019","GFP projected","result_pic\from_source_tifs\references\GFP_projected\alphafactor arrest_frame_019_GFP_projected.png","256","256","20240724_image processing project\alphafactor arrest GFP_center.tif","19"
"alphafactor_arrest_frame_019","mCherry projected","result_pic\from_source_tifs\references\mCherry_projected\alphafactor arrest_frame_019_mCherry_projected.png","256","256","20240724_image processing project\alphafactor arrest mCherry_center.tif","19"
"alphafactor_arrest_frame_020","Trans","result_pic\from_source_tifs\references\Trans\alphafactor arrest_frame_020_Trans.png","256","256","20240724_image processing project\alphafactor arrest Trans_center.tif","20"
"alphafactor_arrest_frame_020","GFP projected","result_pic\from_source_tifs\references\GFP_projected\alphafactor arrest_frame_020_GFP_projected.png","256","256","20240724_image processing project\alphafactor arrest GFP_center.tif","20"
"alphafactor_arrest_frame_020","mCherry projected","result_pic\from_source_tifs\references\mCherry_projected\alphafactor arrest_frame_020_mCherry_projected.png","256","256","20240724_image processing project\alphafactor arrest mCherry_center.tif","20"
"alphafactor_arrest_frame_021","Trans","result_pic\from_source_tifs\references\Trans\alphafactor arrest_frame_021_Trans.png","256","256","20240724_image processing project\alphafactor arrest Trans_center.tif","21"
"alphafactor_arrest_frame_021","GFP projected","result_pic\from_source_tifs\references\GFP_projected\alphafactor arrest_frame_021_GFP_projected.png","256","256","20240724_image processing project\alphafactor arrest GFP_center.tif","21"
"alphafactor_arrest_frame_021","mCherry projected","result_pic\from_source_tifs\references\mCherry_projected\alphafactor arrest_frame_021_mCherry_projected.png","256","256","20240724_image processing project\alphafactor arrest mCherry_center.tif","21"
"alphafactor_arrest_frame_022","Trans","result_pic\from_source_tifs\references\Trans\alphafactor arrest_frame_022_Trans.png","256","256","20240724_image processing project\alphafactor arrest Trans_center.tif","22"
"alphafactor_arrest_frame_022","GFP projected","result_pic\from_source_tifs\references\GFP_projected\alphafactor arrest_frame_022_GFP_projected.png","256","256","20240724_image processing project\alphafactor arrest GFP_center.tif","22"
"alphafactor_arrest_frame_022","mCherry projected","result_pic\from_source_tifs\references\mCherry_projected\alphafactor arrest_frame_022_mCherry_projected.png","256","256","20240724_image processing project\alphafactor arrest mCherry_center.tif","22"
"alphafactor_arrest_frame_023","Trans","result_pic\from_source_tifs\references\Trans\alphafactor arrest_frame_023_Trans.png","256","256","20240724_image processing project\alphafactor arrest Trans_center.tif","23"
"alphafactor_arrest_frame_023","GFP projected","result_pic\from_source_tifs\references\GFP_projected\alphafactor arrest_frame_023_GFP_projected.png","256","256","20240724_image processing project\alphafactor arrest GFP_center.tif","23"
"alphafactor_arrest_frame_023","mCherry projected","result_pic\from_source_tifs\references\mCherry_projected\alphafactor arrest_frame_023_mCherry_projected.png","256","256","20240724_image processing project\alphafactor arrest mCherry_center.tif","23"
"alphafactor_arrest_frame_024","Trans","result_pic\from_source_tifs\references\Trans\alphafactor arrest_frame_024_Trans.png","256","256","20240724_image processing project\alphafactor arrest Trans_center.tif","24"
"alphafactor_arrest_frame_024","GFP projected","result_pic\from_source_tifs\references\GFP_projected\alphafactor arrest_frame_024_GFP_projected.png","256","256","20240724_image processing project\alphafactor arrest GFP_center.tif","24"
"alphafactor_arrest_frame_024","mCherry projected","result_pic\from_source_tifs\references\mCherry_projected\alphafactor arrest_frame_024_mCherry_projected.png","256","256","20240724_image processing project\alphafactor arrest mCherry_center.tif","24"
"alphafactor_arrest_frame_025","Trans","result_pic\from_source_tifs\references\Trans\alphafactor arrest_frame_025_Trans.png","256","256","20240724_image processing project\alphafactor arrest Trans_center.tif","25"
"alphafactor_arrest_frame_025","GFP projected","result_pic\from_source_tifs\references\GFP_projected\alphafactor arrest_frame_025_GFP_projected.png","256","256","20240724_image processing project\alphafactor arrest GFP_center.tif","25"
"alphafactor_arrest_frame_025","mCherry projected","result_pic\from_source_tifs\references\mCherry_projected\alphafactor arrest_frame_025_mCherry_projected.png","256","256","20240724_image processing project\alphafactor arrest mCherry_center.tif","25"
"alphafactor_arrest_frame_026","Trans","result_pic\from_source_tifs\references\Trans\alphafactor arrest_frame_026_Trans.png","256","256","20240724_image processing project\alphafactor arrest Trans_center.tif","26"
"alphafactor_arrest_frame_026","GFP projected","result_pic\from_source_tifs\references\GFP_projected\alphafactor arrest_frame_026_GFP_projected.png","256","256","20240724_image processing project\alphafactor arrest GFP_center.tif","26"
"alphafactor_arrest_frame_026","mCherry projected","result_pic\from_source_tifs\references\mCherry_projected\alphafactor arrest_frame_026_mCherry_projected.png","256","256","20240724_image processing project\alphafactor arrest mCherry_center.tif","26"
"alphafactor_arrest_frame_027","Trans","result_pic\from_source_tifs\references\Trans\alphafactor arrest_frame_027_Trans.png","256","256","20240724_image processing project\alphafactor arrest Trans_center.tif","27"
"alphafactor_arrest_frame_027","GFP projected","result_pic\from_source_tifs\references\GFP_projected\alphafactor arrest_frame_027_GFP_projected.png","256","256","20240724_image processing project\alphafactor arrest GFP_center.tif","27"
"alphafactor_arrest_frame_027","mCherry projected","result_pic\from_source_tifs\references\mCherry_projected\alphafactor arrest_frame_027_mCherry_projected.png","256","256","20240724_image processing project\alphafactor arrest mCherry_center.tif","27"
"alphafactor_arrest_frame_028","Trans","result_pic\from_source_tifs\references\Trans\alphafactor arrest_frame_028_Trans.png","256","256","20240724_image processing project\alphafactor arrest Trans_center.tif","28"
"alphafactor_arrest_frame_028","GFP projected","result_pic\from_source_tifs\references\GFP_projected\alphafactor arrest_frame_028_GFP_projected.png","256","256","20240724_image processing project\alphafactor arrest GFP_center.tif","28"
"alphafactor_arrest_frame_028","mCherry projected","result_pic\from_source_tifs\references\mCherry_projected\alphafactor arrest_frame_028_mCherry_projected.png","256","256","20240724_image processing project\alphafactor arrest mCherry_center.tif","28"
"training_1_frame_000","Trans","result_pic\from_source_tifs\references\Trans\training_1_frame_000_Trans.png","256","256","20240821_the other one\training_1_Trans_center.tif","0"
"training_1_frame_000","GFP projected","result_pic\from_source_tifs\references\GFP_projected\training_1_frame_000_GFP_projected.png","256","256","20240821_the other one\training_1_GFP_center.tif","0"
"training_1_frame_000","mCherry projected","result_pic\from_source_tifs\references\mCherry_projected\training_1_frame_000_mCherry_projected.png","256","256","20240821_the other one\training_1_mCherry_center.tif","0"
"training_1_frame_001","Trans","result_pic\from_source_tifs\references\Trans\training_1_frame_001_Trans.png","256","256","20240821_the other one\training_1_Trans_center.tif","1"
"training_1_frame_001","GFP projected","result_pic\from_source_tifs\references\GFP_projected\training_1_frame_001_GFP_projected.png","256","256","20240821_the other one\training_1_GFP_center.tif","1"
"training_1_frame_001","mCherry projected","result_pic\from_source_tifs\references\mCherry_projected\training_1_frame_001_mCherry_projected.png","256","256","20240821_the other one\training_1_mCherry_center.tif","1"
"training_1_frame_002","Trans","result_pic\from_source_tifs\references\Trans\training_1_frame_002_Trans.png","256","256","20240821_the other one\training_1_Trans_center.tif","2"
"training_1_frame_002","GFP projected","result_pic\from_source_tifs\references\GFP_projected\training_1_frame_002_GFP_projected.png","256","256","20240821_the other one\training_1_GFP_center.tif","2"
"training_1_frame_002","mCherry projected","result_pic\from_source_tifs\references\mCherry_projected\training_1_frame_002_mCherry_projected.png","256","256","20240821_the other one\training_1_mCherry_center.tif","2"
"training_1_frame_003","Trans","result_pic\from_source_tifs\references\Trans\training_1_frame_003_Trans.png","256","256","20240821_the other one\training_1_Trans_center.tif","3"
"training_1_frame_003","GFP projected","result_pic\from_source_tifs\references\GFP_projected\training_1_frame_003_GFP_projected.png","256","256","20240821_the other one\training_1_GFP_center.tif","3"
"training_1_frame_003","mCherry projected","result_pic\from_source_tifs\references\mCherry_projected\training_1_frame_003_mCherry_projected.png","256","256","20240821_the other one\training_1_mCherry_center.tif","3"
"training_1_frame_004","Trans","result_pic\from_source_tifs\references\Trans\training_1_frame_004_Trans.png","256","256","20240821_the other one\training_1_Trans_center.tif","4"
"training_1_frame_004","GFP projected","result_pic\from_source_tifs\references\GFP_projected\training_1_frame_004_GFP_projected.png","256","256","20240821_the other one\training_1_GFP_center.tif","4"
"training_1_frame_004","mCherry projected","result_pic\from_source_tifs\references\mCherry_projected\training_1_frame_004_mCherry_projected.png","256","256","20240821_the other one\training_1_mCherry_center.tif","4"
"training_1_frame_005","Trans","result_pic\from_source_tifs\references\Trans\training_1_frame_005_Trans.png","256","256","20240821_the other one\training_1_Trans_center.tif","5"
"training_1_frame_005","GFP projected","result_pic\from_source_tifs\references\GFP_projected\training_1_frame_005_GFP_projected.png","256","256","20240821_the other one\training_1_GFP_center.tif","5"
"training_1_frame_005","mCherry projected","result_pic\from_source_tifs\references\mCherry_projected\training_1_frame_005_mCherry_projected.png","256","256","20240821_the other one\training_1_mCherry_center.tif","5"
"training_1_frame_006","Trans","result_pic\from_source_tifs\references\Trans\training_1_frame_006_Trans.png","256","256","20240821_the other one\training_1_Trans_center.tif","6"
"training_1_frame_006","GFP projected","result_pic\from_source_tifs\references\GFP_projected\training_1_frame_006_GFP_projected.png","256","256","20240821_the other one\training_1_GFP_center.tif","6"
"training_1_frame_006","mCherry projected","result_pic\from_source_tifs\references\mCherry_projected\training_1_frame_006_mCherry_projected.png","256","256","20240821_the other one\training_1_mCherry_center.tif","6"
"training_1_frame_007","Trans","result_pic\from_source_tifs\references\Trans\training_1_frame_007_Trans.png","256","256","20240821_the other one\training_1_Trans_center.tif","7"
"training_1_frame_007","GFP projected","result_pic\from_source_tifs\references\GFP_projected\training_1_frame_007_GFP_projected.png","256","256","20240821_the other one\training_1_GFP_center.tif","7"
"training_1_frame_007","mCherry projected","result_pic\from_source_tifs\references\mCherry_projected\training_1_frame_007_mCherry_projected.png","256","256","20240821_the other one\training_1_mCherry_center.tif","7"
"training_1_frame_008","Trans","result_pic\from_source_tifs\references\Trans\training_1_frame_008_Trans.png","256","256","20240821_the other one\training_1_Trans_center.tif","8"
"training_1_frame_008","GFP projected","result_pic\from_source_tifs\references\GFP_projected\training_1_frame_008_GFP_projected.png","256","256","20240821_the other one\training_1_GFP_center.tif","8"
"training_1_frame_008","mCherry projected","result_pic\from_source_tifs\references\mCherry_projected\training_1_frame_008_mCherry_projected.png","256","256","20240821_the other one\training_1_mCherry_center.tif","8"
"training_1_frame_009","Trans","result_pic\from_source_tifs\references\Trans\training_1_frame_009_Trans.png","256","256","20240821_the other one\training_1_Trans_center.tif","9"
"training_1_frame_009","GFP projected","result_pic\from_source_tifs\references\GFP_projected\training_1_frame_009_GFP_projected.png","256","256","20240821_the other one\training_1_GFP_center.tif","9"
"training_1_frame_009","mCherry projected","result_pic\from_source_tifs\references\mCherry_projected\training_1_frame_009_mCherry_projected.png","256","256","20240821_the other one\training_1_mCherry_center.tif","9"
"training_1_frame_010","Trans","result_pic\from_source_tifs\references\Trans\training_1_frame_010_Trans.png","256","256","20240821_the other one\training_1_Trans_center.tif","10"
"training_1_frame_010","GFP projected","result_pic\from_source_tifs\references\GFP_projected\training_1_frame_010_GFP_projected.png","256","256","20240821_the other one\training_1_GFP_center.tif","10"
"training_1_frame_010","mCherry projected","result_pic\from_source_tifs\references\mCherry_projected\training_1_frame_010_mCherry_projected.png","256","256","20240821_the other one\training_1_mCherry_center.tif","10"
"training_1_frame_011","Trans","result_pic\from_source_tifs\references\Trans\training_1_frame_011_Trans.png","256","256","20240821_the other one\training_1_Trans_center.tif","11"
"training_1_frame_011","GFP projected","result_pic\from_source_tifs\references\GFP_projected\training_1_frame_011_GFP_projected.png","256","256","20240821_the other one\training_1_GFP_center.tif","11"
"training_1_frame_011","mCherry projected","result_pic\from_source_tifs\references\mCherry_projected\training_1_frame_011_mCherry_projected.png","256","256","20240821_the other one\training_1_mCherry_center.tif","11"
"training_1_frame_012","Trans","result_pic\from_source_tifs\references\Trans\training_1_frame_012_Trans.png","256","256","20240821_the other one\training_1_Trans_center.tif","12"
"training_1_frame_012","GFP projected","result_pic\from_source_tifs\references\GFP_projected\training_1_frame_012_GFP_projected.png","256","256","20240821_the other one\training_1_GFP_center.tif","12"
"training_1_frame_012","mCherry projected","result_pic\from_source_tifs\references\mCherry_projected\training_1_frame_012_mCherry_projected.png","256","256","20240821_the other one\training_1_mCherry_center.tif","12"
"training_1_frame_013","Trans","result_pic\from_source_tifs\references\Trans\training_1_frame_013_Trans.png","256","256","20240821_the other one\training_1_Trans_center.tif","13"
"training_1_frame_013","GFP projected","result_pic\from_source_tifs\references\GFP_projected\training_1_frame_013_GFP_projected.png","256","256","20240821_the other one\training_1_GFP_center.tif","13"
"training_1_frame_013","mCherry projected","result_pic\from_source_tifs\references\mCherry_projected\training_1_frame_013_mCherry_projected.png","256","256","20240821_the other one\training_1_mCherry_center.tif","13"
"training_1_frame_014","Trans","result_pic\from_source_tifs\references\Trans\training_1_frame_014_Trans.png","256","256","20240821_the other one\training_1_Trans_center.tif","14"
"training_1_frame_014","GFP projected","result_pic\from_source_tifs\references\GFP_projected\training_1_frame_014_GFP_projected.png","256","256","20240821_the other one\training_1_GFP_center.tif","14"
"training_1_frame_014","mCherry projected","result_pic\from_source_tifs\references\mCherry_projected\training_1_frame_014_mCherry_projected.png","256","256","20240821_the other one\training_1_mCherry_center.tif","14"
"training_1_frame_015","Trans","result_pic\from_source_tifs\references\Trans\training_1_frame_015_Trans.png","256","256","20240821_the other one\training_1_Trans_center.tif","15"
"training_1_frame_015","GFP projected","result_pic\from_source_tifs\references\GFP_projected\training_1_frame_015_GFP_projected.png","256","256","20240821_the other one\training_1_GFP_center.tif","15"
"training_1_frame_015","mCherry projected","result_pic\from_source_tifs\references\mCherry_projected\training_1_frame_015_mCherry_projected.png","256","256","20240821_the other one\training_1_mCherry_center.tif","15"
"training_1_frame_016","Trans","result_pic\from_source_tifs\references\Trans\training_1_frame_016_Trans.png","256","256","20240821_the other one\training_1_Trans_center.tif","16"
"training_1_frame_016","GFP projected","result_pic\from_source_tifs\references\GFP_projected\training_1_frame_016_GFP_projected.png","256","256","20240821_the other one\training_1_GFP_center.tif","16"
"training_1_frame_016","mCherry projected","result_pic\from_source_tifs\references\mCherry_projected\training_1_frame_016_mCherry_projected.png","256","256","20240821_the other one\training_1_mCherry_center.tif","16"
"training_1_frame_017","Trans","result_pic\from_source_tifs\references\Trans\training_1_frame_017_Trans.png","256","256","20240821_the other one\training_1_Trans_center.tif","17"
"training_1_frame_017","GFP projected","result_pic\from_source_tifs\references\GFP_projected\training_1_frame_017_GFP_projected.png","256","256","20240821_the other one\training_1_GFP_center.tif","17"
"training_1_frame_017","mCherry projected","result_pic\from_source_tifs\references\mCherry_projected\training_1_frame_017_mCherry_projected.png","256","256","20240821_the other one\training_1_mCherry_center.tif","17"
"training_1_frame_018","Trans","result_pic\from_source_tifs\references\Trans\training_1_frame_018_Trans.png","256","256","20240821_the other one\training_1_Trans_center.tif","18"
"training_1_frame_018","GFP projected","result_pic\from_source_tifs\references\GFP_projected\training_1_frame_018_GFP_projected.png","256","256","20240821_the other one\training_1_GFP_center.tif","18"
"training_1_frame_018","mCherry projected","result_pic\from_source_tifs\references\mCherry_projected\training_1_frame_018_mCherry_projected.png","256","256","20240821_the other one\training_1_mCherry_center.tif","18"
"training_1_frame_019","Trans","result_pic\from_source_tifs\references\Trans\training_1_frame_019_Trans.png","256","256","20240821_the other one\training_1_Trans_center.tif","19"
"training_1_frame_019","GFP projected","result_pic\from_source_tifs\references\GFP_projected\training_1_frame_019_GFP_projected.png","256","256","20240821_the other one\training_1_GFP_center.tif","19"
"training_1_frame_019","mCherry projected","result_pic\from_source_tifs\references\mCherry_projected\training_1_frame_019_mCherry_projected.png","256","256","20240821_the other one\training_1_mCherry_center.tif","19"
"training_1_frame_020","Trans","result_pic\from_source_tifs\references\Trans\training_1_frame_020_Trans.png","256","256","20240821_the other one\training_1_Trans_center.tif","20"
"training_1_frame_020","GFP projected","result_pic\from_source_tifs\references\GFP_projected\training_1_frame_020_GFP_projected.png","256","256","20240821_the other one\training_1_GFP_center.tif","20"
"training_1_frame_020","mCherry projected","result_pic\from_source_tifs\references\mCherry_projected\training_1_frame_020_mCherry_projected.png","256","256","20240821_the other one\training_1_mCherry_center.tif","20"
"training_1_frame_021","Trans","result_pic\from_source_tifs\references\Trans\training_1_frame_021_Trans.png","256","256","20240821_the other one\training_1_Trans_center.tif","21"
"training_1_frame_021","GFP projected","result_pic\from_source_tifs\references\GFP_projected\training_1_frame_021_GFP_projected.png","256","256","20240821_the other one\training_1_GFP_center.tif","21"
"training_1_frame_021","mCherry projected","result_pic\from_source_tifs\references\mCherry_projected\training_1_frame_021_mCherry_projected.png","256","256","20240821_the other one\training_1_mCherry_center.tif","21"
"training_1_frame_022","Trans","result_pic\from_source_tifs\references\Trans\training_1_frame_022_Trans.png","256","256","20240821_the other one\training_1_Trans_center.tif","22"
"training_1_frame_022","GFP projected","result_pic\from_source_tifs\references\GFP_projected\training_1_frame_022_GFP_projected.png","256","256","20240821_the other one\training_1_GFP_center.tif","22"
"training_1_frame_022","mCherry projected","result_pic\from_source_tifs\references\mCherry_projected\training_1_frame_022_mCherry_projected.png","256","256","20240821_the other one\training_1_mCherry_center.tif","22"
"training_1_frame_023","Trans","result_pic\from_source_tifs\references\Trans\training_1_frame_023_Trans.png","256","256","20240821_the other one\training_1_Trans_center.tif","23"
"training_1_frame_023","GFP projected","result_pic\from_source_tifs\references\GFP_projected\training_1_frame_023_GFP_projected.png","256","256","20240821_the other one\training_1_GFP_center.tif","23"
"training_1_frame_023","mCherry projected","result_pic\from_source_tifs\references\mCherry_projected\training_1_frame_023_mCherry_projected.png","256","256","20240821_the other one\training_1_mCherry_center.tif","23"
"training_1_frame_024","Trans","result_pic\from_source_tifs\references\Trans\training_1_frame_024_Trans.png","256","256","20240821_the other one\training_1_Trans_center.tif","24"
"training_1_frame_024","GFP projected","result_pic\from_source_tifs\references\GFP_projected\training_1_frame_024_GFP_projected.png","256","256","20240821_the other one\training_1_GFP_center.tif","24"
"training_1_frame_024","mCherry projected","result_pic\from_source_tifs\references\mCherry_projected\training_1_frame_024_mCherry_projected.png","256","256","20240821_the other one\training_1_mCherry_center.tif","24"
"training_1_frame_025","Trans","result_pic\from_source_tifs\references\Trans\training_1_frame_025_Trans.png","256","256","20240821_the other one\training_1_Trans_center.tif","25"
"training_1_frame_025","GFP projected","result_pic\from_source_tifs\references\GFP_projected\training_1_frame_025_GFP_projected.png","256","256","20240821_the other one\training_1_GFP_center.tif","25"
"training_1_frame_025","mCherry projected","result_pic\from_source_tifs\references\mCherry_projected\training_1_frame_025_mCherry_projected.png","256","256","20240821_the other one\training_1_mCherry_center.tif","25"
"training_1_frame_026","Trans","result_pic\from_source_tifs\references\Trans\training_1_frame_026_Trans.png","256","256","20240821_the other one\training_1_Trans_center.tif","26"
"training_1_frame_026","GFP projected","result_pic\from_source_tifs\references\GFP_projected\training_1_frame_026_GFP_projected.png","256","256","20240821_the other one\training_1_GFP_center.tif","26"
"training_1_frame_026","mCherry projected","result_pic\from_source_tifs\references\mCherry_projected\training_1_frame_026_mCherry_projected.png","256","256","20240821_the other one\training_1_mCherry_center.tif","26"
"training_1_frame_027","Trans","result_pic\from_source_tifs\references\Trans\training_1_frame_027_Trans.png","256","256","20240821_the other one\training_1_Trans_center.tif","27"
"training_1_frame_027","GFP projected","result_pic\from_source_tifs\references\GFP_projected\training_1_frame_027_GFP_projected.png","256","256","20240821_the other one\training_1_GFP_center.tif","27"
"training_1_frame_027","mCherry projected","result_pic\from_source_tifs\references\mCherry_projected\training_1_frame_027_mCherry_projected.png","256","256","20240821_the other one\training_1_mCherry_center.tif","27"
"training_1_frame_028","Trans","result_pic\from_source_tifs\references\Trans\training_1_frame_028_Trans.png","256","256","20240821_the other one\training_1_Trans_center.tif","28"
"training_1_frame_028","GFP projected","result_pic\from_source_tifs\references\GFP_projected\training_1_frame_028_GFP_projected.png","256","256","20240821_the other one\training_1_GFP_center.tif","28"
"training_1_frame_028","mCherry projected","result_pic\from_source_tifs\references\mCherry_projected\training_1_frame_028_mCherry_projected.png","256","256","20240821_the other one\training_1_mCherry_center.tif","28"
"training_1_frame_029","Trans","result_pic\from_source_tifs\references\Trans\training_1_frame_029_Trans.png","256","256","20240821_the other one\training_1_Trans_center.tif","29"
"training_1_frame_029","GFP projected","result_pic\from_source_tifs\references\GFP_projected\training_1_frame_029_GFP_projected.png","256","256","20240821_the other one\training_1_GFP_center.tif","29"
"training_1_frame_029","mCherry projected","result_pic\from_source_tifs\references\mCherry_projected\training_1_frame_029_mCherry_projected.png","256","256","20240821_the other one\training_1_mCherry_center.tif","29"
"training_1_frame_030","Trans","result_pic\from_source_tifs\references\Trans\training_1_frame_030_Trans.png","256","256","20240821_the other one\training_1_Trans_center.tif","30"
"training_1_frame_030","GFP projected","result_pic\from_source_tifs\references\GFP_projected\training_1_frame_030_GFP_projected.png","256","256","20240821_the other one\training_1_GFP_center.tif","30"
"training_1_frame_030","mCherry projected","result_pic\from_source_tifs\references\mCherry_projected\training_1_frame_030_mCherry_projected.png","256","256","20240821_the other one\training_1_mCherry_center.tif","30"
"training_1_frame_031","Trans","result_pic\from_source_tifs\references\Trans\training_1_frame_031_Trans.png","256","256","20240821_the other one\training_1_Trans_center.tif","31"
"training_1_frame_031","GFP projected","result_pic\from_source_tifs\references\GFP_projected\training_1_frame_031_GFP_projected.png","256","256","20240821_the other one\training_1_GFP_center.tif","31"
"training_1_frame_031","mCherry projected","result_pic\from_source_tifs\references\mCherry_projected\training_1_frame_031_mCherry_projected.png","256","256","20240821_the other one\training_1_mCherry_center.tif","31"
"training_1_frame_032","Trans","result_pic\from_source_tifs\references\Trans\training_1_frame_032_Trans.png","256","256","20240821_the other one\training_1_Trans_center.tif","32"
"training_1_frame_032","GFP projected","result_pic\from_source_tifs\references\GFP_projected\training_1_frame_032_GFP_projected.png","256","256","20240821_the other one\training_1_GFP_center.tif","32"
"training_1_frame_032","mCherry projected","result_pic\from_source_tifs\references\mCherry_projected\training_1_frame_032_mCherry_projected.png","256","256","20240821_the other one\training_1_mCherry_center.tif","32"
"training_1_frame_033","Trans","result_pic\from_source_tifs\references\Trans\training_1_frame_033_Trans.png","256","256","20240821_the other one\training_1_Trans_center.tif","33"
"training_1_frame_033","GFP projected","result_pic\from_source_tifs\references\GFP_projected\training_1_frame_033_GFP_projected.png","256","256","20240821_the other one\training_1_GFP_center.tif","33"
"training_1_frame_033","mCherry projected","result_pic\from_source_tifs\references\mCherry_projected\training_1_frame_033_mCherry_projected.png","256","256","20240821_the other one\training_1_mCherry_center.tif","33"
"training_1_frame_034","Trans","result_pic\from_source_tifs\references\Trans\training_1_frame_034_Trans.png","256","256","20240821_the other one\training_1_Trans_center.tif","34"
"training_1_frame_034","GFP projected","result_pic\from_source_tifs\references\GFP_projected\training_1_frame_034_GFP_projected.png","256","256","20240821_the other one\training_1_GFP_center.tif","34"
"training_1_frame_034","mCherry projected","result_pic\from_source_tifs\references\mCherry_projected\training_1_frame_034_mCherry_projected.png","256","256","20240821_the other one\training_1_mCherry_center.tif","34"
"training_1_frame_035","Trans","result_pic\from_source_tifs\references\Trans\training_1_frame_035_Trans.png","256","256","20240821_the other one\training_1_Trans_center.tif","35"
"training_1_frame_035","GFP projected","result_pic\from_source_tifs\references\GFP_projected\training_1_frame_035_GFP_projected.png","256","256","20240821_the other one\training_1_GFP_center.tif","35"
"training_1_frame_035","mCherry projected","result_pic\from_source_tifs\references\mCherry_projected\training_1_frame_035_mCherry_projected.png","256","256","20240821_the other one\training_1_mCherry_center.tif","35"
"training_1_frame_036","Trans","result_pic\from_source_tifs\references\Trans\training_1_frame_036_Trans.png","256","256","20240821_the other one\training_1_Trans_center.tif","36"
"training_1_frame_036","GFP projected","result_pic\from_source_tifs\references\GFP_projected\training_1_frame_036_GFP_projected.png","256","256","20240821_the other one\training_1_GFP_center.tif","36"
"training_1_frame_036","mCherry projected","result_pic\from_source_tifs\references\mCherry_projected\training_1_frame_036_mCherry_projected.png","256","256","20240821_the other one\training_1_mCherry_center.tif","36"
"training_1_frame_037","Trans","result_pic\from_source_tifs\references\Trans\training_1_frame_037_Trans.png","256","256","20240821_the other one\training_1_Trans_center.tif","37"
"training_1_frame_037","GFP projected","result_pic\from_source_tifs\references\GFP_projected\training_1_frame_037_GFP_projected.png","256","256","20240821_the other one\training_1_GFP_center.tif","37"
"training_1_frame_037","mCherry projected","result_pic\from_source_tifs\references\mCherry_projected\training_1_frame_037_mCherry_projected.png","256","256","20240821_the other one\training_1_mCherry_center.tif","37"
"training_1_frame_038","Trans","result_pic\from_source_tifs\references\Trans\training_1_frame_038_Trans.png","256","256","20240821_the other one\training_1_Trans_center.tif","38"
"training_1_frame_038","GFP projected","result_pic\from_source_tifs\references\GFP_projected\training_1_frame_038_GFP_projected.png","256","256","20240821_the other one\training_1_GFP_center.tif","38"
"training_1_frame_038","mCherry projected","result_pic\from_source_tifs\references\mCherry_projected\training_1_frame_038_mCherry_projected.png","256","256","20240821_the other one\training_1_mCherry_center.tif","38"
"training_1_frame_039","Trans","result_pic\from_source_tifs\references\Trans\training_1_frame_039_Trans.png","256","256","20240821_the other one\training_1_Trans_center.tif","39"
"training_1_frame_039","GFP projected","result_pic\from_source_tifs\references\GFP_projected\training_1_frame_039_GFP_projected.png","256","256","20240821_the other one\training_1_GFP_center.tif","39"
"training_1_frame_039","mCherry projected","result_pic\from_source_tifs\references\mCherry_projected\training_1_frame_039_mCherry_projected.png","256","256","20240821_the other one\training_1_mCherry_center.tif","39"
"training_1_frame_040","Trans","result_pic\from_source_tifs\references\Trans\training_1_frame_040_Trans.png","256","256","20240821_the other one\training_1_Trans_center.tif","40"
"training_1_frame_040","GFP projected","result_pic\from_source_tifs\references\GFP_projected\training_1_frame_040_GFP_projected.png","256","256","20240821_the other one\training_1_GFP_center.tif","40"
"training_1_frame_040","mCherry projected","result_pic\from_source_tifs\references\mCherry_projected\training_1_frame_040_mCherry_projected.png","256","256","20240821_the other one\training_1_mCherry_center.tif","40"
"training_1_frame_041","Trans","result_pic\from_source_tifs\references\Trans\training_1_frame_041_Trans.png","256","256","20240821_the other one\training_1_Trans_center.tif","41"
"training_1_frame_041","GFP projected","result_pic\from_source_tifs\references\GFP_projected\training_1_frame_041_GFP_projected.png","256","256","20240821_the other one\training_1_GFP_center.tif","41"
"training_1_frame_041","mCherry projected","result_pic\from_source_tifs\references\mCherry_projected\training_1_frame_041_mCherry_projected.png","256","256","20240821_the other one\training_1_mCherry_center.tif","41"
"training_1_frame_042","Trans","result_pic\from_source_tifs\references\Trans\training_1_frame_042_Trans.png","256","256","20240821_the other one\training_1_Trans_center.tif","42"
"training_1_frame_042","GFP projected","result_pic\from_source_tifs\references\GFP_projected\training_1_frame_042_GFP_projected.png","256","256","20240821_the other one\training_1_GFP_center.tif","42"
"training_1_frame_042","mCherry projected","result_pic\from_source_tifs\references\mCherry_projected\training_1_frame_042_mCherry_projected.png","256","256","20240821_the other one\training_1_mCherry_center.tif","42"
"training_1_frame_043","Trans","result_pic\from_source_tifs\references\Trans\training_1_frame_043_Trans.png","256","256","20240821_the other one\training_1_Trans_center.tif","43"
"training_1_frame_043","GFP projected","result_pic\from_source_tifs\references\GFP_projected\training_1_frame_043_GFP_projected.png","256","256","20240821_the other one\training_1_GFP_center.tif","43"
"training_1_frame_043","mCherry projected","result_pic\from_source_tifs\references\mCherry_projected\training_1_frame_043_mCherry_projected.png","256","256","20240821_the other one\training_1_mCherry_center.tif","43"
"training_1_frame_044","Trans","result_pic\from_source_tifs\references\Trans\training_1_frame_044_Trans.png","256","256","20240821_the other one\training_1_Trans_center.tif","44"
"training_1_frame_044","GFP projected","result_pic\from_source_tifs\references\GFP_projected\training_1_frame_044_GFP_projected.png","256","256","20240821_the other one\training_1_GFP_center.tif","44"
"training_1_frame_044","mCherry projected","result_pic\from_source_tifs\references\mCherry_projected\training_1_frame_044_mCherry_projected.png","256","256","20240821_the other one\training_1_mCherry_center.tif","44"
"training_1_frame_045","Trans","result_pic\from_source_tifs\references\Trans\training_1_frame_045_Trans.png","256","256","20240821_the other one\training_1_Trans_center.tif","45"
"training_1_frame_045","GFP projected","result_pic\from_source_tifs\references\GFP_projected\training_1_frame_045_GFP_projected.png","256","256","20240821_the other one\training_1_GFP_center.tif","45"
"training_1_frame_045","mCherry projected","result_pic\from_source_tifs\references\mCherry_projected\training_1_frame_045_mCherry_projected.png","256","256","20240821_the other one\training_1_mCherry_center.tif","45"
"training_1_frame_046","Trans","result_pic\from_source_tifs\references\Trans\training_1_frame_046_Trans.png","256","256","20240821_the other one\training_1_Trans_center.tif","46"
"training_1_frame_046","GFP projected","result_pic\from_source_tifs\references\GFP_projected\training_1_frame_046_GFP_projected.png","256","256","20240821_the other one\training_1_GFP_center.tif","46"
"training_1_frame_046","mCherry projected","result_pic\from_source_tifs\references\mCherry_projected\training_1_frame_046_mCherry_projected.png","256","256","20240821_the other one\training_1_mCherry_center.tif","46"
"training_1_frame_047","Trans","result_pic\from_source_tifs\references\Trans\training_1_frame_047_Trans.png","256","256","20240821_the other one\training_1_Trans_center.tif","47"
"training_1_frame_047","GFP projected","result_pic\from_source_tifs\references\GFP_projected\training_1_frame_047_GFP_projected.png","256","256","20240821_the other one\training_1_GFP_center.tif","47"
"training_1_frame_047","mCherry projected","result_pic\from_source_tifs\references\mCherry_projected\training_1_frame_047_mCherry_projected.png","256","256","20240821_the other one\training_1_mCherry_center.tif","47"
"training_1_frame_048","Trans","result_pic\from_source_tifs\references\Trans\training_1_frame_048_Trans.png","256","256","20240821_the other one\training_1_Trans_center.tif","48"
"training_1_frame_048","GFP projected","result_pic\from_source_tifs\references\GFP_projected\training_1_frame_048_GFP_projected.png","256","256","20240821_the other one\training_1_GFP_center.tif","48"
"training_1_frame_048","mCherry projected","result_pic\from_source_tifs\references\mCherry_projected\training_1_frame_048_mCherry_projected.png","256","256","20240821_the other one\training_1_mCherry_center.tif","48"
"training_1_frame_049","Trans","result_pic\from_source_tifs\references\Trans\training_1_frame_049_Trans.png","256","256","20240821_the other one\training_1_Trans_center.tif","49"
"training_1_frame_049","GFP projected","result_pic\from_source_tifs\references\GFP_projected\training_1_frame_049_GFP_projected.png","256","256","20240821_the other one\training_1_GFP_center.tif","49"
"training_1_frame_049","mCherry projected","result_pic\from_source_tifs\references\mCherry_projected\training_1_frame_049_mCherry_projected.png","256","256","20240821_the other one\training_1_mCherry_center.tif","49"
"training_1_frame_050","Trans","result_pic\from_source_tifs\references\Trans\training_1_frame_050_Trans.png","256","256","20240821_the other one\training_1_Trans_center.tif","50"
"training_1_frame_050","GFP projected","result_pic\from_source_tifs\references\GFP_projected\training_1_frame_050_GFP_projected.png","256","256","20240821_the other one\training_1_GFP_center.tif","50"
"training_1_frame_050","mCherry projected","result_pic\from_source_tifs\references\mCherry_projected\training_1_frame_050_mCherry_projected.png","256","256","20240821_the other one\training_1_mCherry_center.tif","50"
"training_1_frame_051","Trans","result_pic\from_source_tifs\references\Trans\training_1_frame_051_Trans.png","256","256","20240821_the other one\training_1_Trans_center.tif","51"
"training_1_frame_051","GFP projected","result_pic\from_source_tifs\references\GFP_projected\training_1_frame_051_GFP_projected.png","256","256","20240821_the other one\training_1_GFP_center.tif","51"
"training_1_frame_051","mCherry projected","result_pic\from_source_tifs\references\mCherry_projected\training_1_frame_051_mCherry_projected.png","256","256","20240821_the other one\training_1_mCherry_center.tif","51"
"training_1_frame_052","Trans","result_pic\from_source_tifs\references\Trans\training_1_frame_052_Trans.png","256","256","20240821_the other one\training_1_Trans_center.tif","52"
"training_1_frame_052","GFP projected","result_pic\from_source_tifs\references\GFP_projected\training_1_frame_052_GFP_projected.png","256","256","20240821_the other one\training_1_GFP_center.tif","52"
"training_1_frame_052","mCherry projected","result_pic\from_source_tifs\references\mCherry_projected\training_1_frame_052_mCherry_projected.png","256","256","20240821_the other one\training_1_mCherry_center.tif","52"
"training_1_frame_053","Trans","result_pic\from_source_tifs\references\Trans\training_1_frame_053_Trans.png","256","256","20240821_the other one\training_1_Trans_center.tif","53"
"training_1_frame_053","GFP projected","result_pic\from_source_tifs\references\GFP_projected\training_1_frame_053_GFP_projected.png","256","256","20240821_the other one\training_1_GFP_center.tif","53"
"training_1_frame_053","mCherry projected","result_pic\from_source_tifs\references\mCherry_projected\training_1_frame_053_mCherry_projected.png","256","256","20240821_the other one\training_1_mCherry_center.tif","53"
"training_1_frame_054","Trans","result_pic\from_source_tifs\references\Trans\training_1_frame_054_Trans.png","256","256","20240821_the other one\training_1_Trans_center.tif","54"
"training_1_frame_054","GFP projected","result_pic\from_source_tifs\references\GFP_projected\training_1_frame_054_GFP_projected.png","256","256","20240821_the other one\training_1_GFP_center.tif","54"
"training_1_frame_054","mCherry projected","result_pic\from_source_tifs\references\mCherry_projected\training_1_frame_054_mCherry_projected.png","256","256","20240821_the other one\training_1_mCherry_center.tif","54"
"training_1_frame_055","Trans","result_pic\from_source_tifs\references\Trans\training_1_frame_055_Trans.png","256","256","20240821_the other one\training_1_Trans_center.tif","55"
"training_1_frame_055","GFP projected","result_pic\from_source_tifs\references\GFP_projected\training_1_frame_055_GFP_projected.png","256","256","20240821_the other one\training_1_GFP_center.tif","55"
"training_1_frame_055","mCherry projected","result_pic\from_source_tifs\references\mCherry_projected\training_1_frame_055_mCherry_projected.png","256","256","20240821_the other one\training_1_mCherry_center.tif","55"
"training_1_frame_056","Trans","result_pic\from_source_tifs\references\Trans\training_1_frame_056_Trans.png","256","256","20240821_the other one\training_1_Trans_center.tif","56"
"training_1_frame_056","GFP projected","result_pic\from_source_tifs\references\GFP_projected\training_1_frame_056_GFP_projected.png","256","256","20240821_the other one\training_1_GFP_center.tif","56"
"training_1_frame_056","mCherry projected","result_pic\from_source_tifs\references\mCherry_projected\training_1_frame_056_mCherry_projected.png","256","256","20240821_the other one\training_1_mCherry_center.tif","56"
"training_1_frame_057","Trans","result_pic\from_source_tifs\references\Trans\training_1_frame_057_Trans.png","256","256","20240821_the other one\training_1_Trans_center.tif","57"
"training_1_frame_057","GFP projected","result_pic\from_source_tifs\references\GFP_projected\training_1_frame_057_GFP_projected.png","256","256","20240821_the other one\training_1_GFP_center.tif","57"
"training_1_frame_057","mCherry projected","result_pic\from_source_tifs\references\mCherry_projected\training_1_frame_057_mCherry_projected.png","256","256","20240821_the other one\training_1_mCherry_center.tif","57"
"training_1_frame_058","Trans","result_pic\from_source_tifs\references\Trans\training_1_frame_058_Trans.png","256","256","20240821_the other one\training_1_Trans_center.tif","58"
"training_1_frame_058","GFP projected","result_pic\from_source_tifs\references\GFP_projected\training_1_frame_058_GFP_projected.png","256","256","20240821_the other one\training_1_GFP_center.tif","58"
"training_1_frame_058","mCherry projected","result_pic\from_source_tifs\references\mCherry_projected\training_1_frame_058_mCherry_projected.png","256","256","20240821_the other one\training_1_mCherry_center.tif","58"
"training_1_frame_059","Trans","result_pic\from_source_tifs\references\Trans\training_1_frame_059_Trans.png","256","256","20240821_the other one\training_1_Trans_center.tif","59"
"training_1_frame_059","GFP projected","result_pic\from_source_tifs\references\GFP_projected\training_1_frame_059_GFP_projected.png","256","256","20240821_the other one\training_1_GFP_center.tif","59"
"training_1_frame_059","mCherry projected","result_pic\from_source_tifs\references\mCherry_projected\training_1_frame_059_mCherry_projected.png","256","256","20240821_the other one\training_1_mCherry_center.tif","59"
"training_1_frame_060","Trans","result_pic\from_source_tifs\references\Trans\training_1_frame_060_Trans.png","256","256","20240821_the other one\training_1_Trans_center.tif","60"
"training_1_frame_060","GFP projected","result_pic\from_source_tifs\references\GFP_projected\training_1_frame_060_GFP_projected.png","256","256","20240821_the other one\training_1_GFP_center.tif","60"
"training_1_frame_060","mCherry projected","result_pic\from_source_tifs\references\mCherry_projected\training_1_frame_060_mCherry_projected.png","256","256","20240821_the other one\training_1_mCherry_center.tif","60"
"training_1_frame_061","Trans","result_pic\from_source_tifs\references\Trans\training_1_frame_061_Trans.png","256","256","20240821_the other one\training_1_Trans_center.tif","61"
"training_1_frame_061","GFP projected","result_pic\from_source_tifs\references\GFP_projected\training_1_frame_061_GFP_projected.png","256","256","20240821_the other one\training_1_GFP_center.tif","61"
"training_1_frame_061","mCherry projected","result_pic\from_source_tifs\references\mCherry_projected\training_1_frame_061_mCherry_projected.png","256","256","20240821_the other one\training_1_mCherry_center.tif","61"
"training_1_frame_062","Trans","result_pic\from_source_tifs\references\Trans\training_1_frame_062_Trans.png","256","256","20240821_the other one\training_1_Trans_center.tif","62"
"training_1_frame_062","GFP projected","result_pic\from_source_tifs\references\GFP_projected\training_1_frame_062_GFP_projected.png","256","256","20240821_the other one\training_1_GFP_center.tif","62"
"training_1_frame_062","mCherry projected","result_pic\from_source_tifs\references\mCherry_projected\training_1_frame_062_mCherry_projected.png","256","256","20240821_the other one\training_1_mCherry_center.tif","62"
"training_1_frame_063","Trans","result_pic\from_source_tifs\references\Trans\training_1_frame_063_Trans.png","256","256","20240821_the other one\training_1_Trans_center.tif","63"
"training_1_frame_063","GFP projected","result_pic\from_source_tifs\references\GFP_projected\training_1_frame_063_GFP_projected.png","256","256","20240821_the other one\training_1_GFP_center.tif","63"
"training_1_frame_063","mCherry projected","result_pic\from_source_tifs\references\mCherry_projected\training_1_frame_063_mCherry_projected.png","256","256","20240821_the other one\training_1_mCherry_center.tif","63"
"training_1_frame_064","Trans","result_pic\from_source_tifs\references\Trans\training_1_frame_064_Trans.png","256","256","20240821_the other one\training_1_Trans_center.tif","64"
"training_1_frame_064","GFP projected","result_pic\from_source_tifs\references\GFP_projected\training_1_frame_064_GFP_projected.png","256","256","20240821_the other one\training_1_GFP_center.tif","64"
"training_1_frame_064","mCherry projected","result_pic\from_source_tifs\references\mCherry_projected\training_1_frame_064_mCherry_projected.png","256","256","20240821_the other one\training_1_mCherry_center.tif","64"
"training_2_frame_000","Trans","result_pic\from_source_tifs\references\Trans\training_2_frame_000_Trans.png","256","256","20240821_the other one\training_2_Trans_center.tif","0"
"training_2_frame_000","GFP projected","result_pic\from_source_tifs\references\GFP_projected\training_2_frame_000_GFP_projected.png","256","256","20240821_the other one\training_2_GFP_center.tif","0"
"training_2_frame_000","mCherry projected","result_pic\from_source_tifs\references\mCherry_projected\training_2_frame_000_mCherry_projected.png","256","256","20240821_the other one\training_2_mCherry_center.tif","0"
"training_2_frame_001","Trans","result_pic\from_source_tifs\references\Trans\training_2_frame_001_Trans.png","256","256","20240821_the other one\training_2_Trans_center.tif","1"
"training_2_frame_001","GFP projected","result_pic\from_source_tifs\references\GFP_projected\training_2_frame_001_GFP_projected.png","256","256","20240821_the other one\training_2_GFP_center.tif","1"
"training_2_frame_001","mCherry projected","result_pic\from_source_tifs\references\mCherry_projected\training_2_frame_001_mCherry_projected.png","256","256","20240821_the other one\training_2_mCherry_center.tif","1"
"training_2_frame_002","Trans","result_pic\from_source_tifs\references\Trans\training_2_frame_002_Trans.png","256","256","20240821_the other one\training_2_Trans_center.tif","2"
"training_2_frame_002","GFP projected","result_pic\from_source_tifs\references\GFP_projected\training_2_frame_002_GFP_projected.png","256","256","20240821_the other one\training_2_GFP_center.tif","2"
"training_2_frame_002","mCherry projected","result_pic\from_source_tifs\references\mCherry_projected\training_2_frame_002_mCherry_projected.png","256","256","20240821_the other one\training_2_mCherry_center.tif","2"
"training_2_frame_003","Trans","result_pic\from_source_tifs\references\Trans\training_2_frame_003_Trans.png","256","256","20240821_the other one\training_2_Trans_center.tif","3"
"training_2_frame_003","GFP projected","result_pic\from_source_tifs\references\GFP_projected\training_2_frame_003_GFP_projected.png","256","256","20240821_the other one\training_2_GFP_center.tif","3"
"training_2_frame_003","mCherry projected","result_pic\from_source_tifs\references\mCherry_projected\training_2_frame_003_mCherry_projected.png","256","256","20240821_the other one\training_2_mCherry_center.tif","3"
"training_2_frame_004","Trans","result_pic\from_source_tifs\references\Trans\training_2_frame_004_Trans.png","256","256","20240821_the other one\training_2_Trans_center.tif","4"
"training_2_frame_004","GFP projected","result_pic\from_source_tifs\references\GFP_projected\training_2_frame_004_GFP_projected.png","256","256","20240821_the other one\training_2_GFP_center.tif","4"
"training_2_frame_004","mCherry projected","result_pic\from_source_tifs\references\mCherry_projected\training_2_frame_004_mCherry_projected.png","256","256","20240821_the other one\training_2_mCherry_center.tif","4"
"training_2_frame_005","Trans","result_pic\from_source_tifs\references\Trans\training_2_frame_005_Trans.png","256","256","20240821_the other one\training_2_Trans_center.tif","5"
"training_2_frame_005","GFP projected","result_pic\from_source_tifs\references\GFP_projected\training_2_frame_005_GFP_projected.png","256","256","20240821_the other one\training_2_GFP_center.tif","5"
"training_2_frame_005","mCherry projected","result_pic\from_source_tifs\references\mCherry_projected\training_2_frame_005_mCherry_projected.png","256","256","20240821_the other one\training_2_mCherry_center.tif","5"
"training_2_frame_006","Trans","result_pic\from_source_tifs\references\Trans\training_2_frame_006_Trans.png","256","256","20240821_the other one\training_2_Trans_center.tif","6"
"training_2_frame_006","GFP projected","result_pic\from_source_tifs\references\GFP_projected\training_2_frame_006_GFP_projected.png","256","256","20240821_the other one\training_2_GFP_center.tif","6"
"training_2_frame_006","mCherry projected","result_pic\from_source_tifs\references\mCherry_projected\training_2_frame_006_mCherry_projected.png","256","256","20240821_the other one\training_2_mCherry_center.tif","6"
"training_2_frame_007","Trans","result_pic\from_source_tifs\references\Trans\training_2_frame_007_Trans.png","256","256","20240821_the other one\training_2_Trans_center.tif","7"
"training_2_frame_007","GFP projected","result_pic\from_source_tifs\references\GFP_projected\training_2_frame_007_GFP_projected.png","256","256","20240821_the other one\training_2_GFP_center.tif","7"
"training_2_frame_007","mCherry projected","result_pic\from_source_tifs\references\mCherry_projected\training_2_frame_007_mCherry_projected.png","256","256","20240821_the other one\training_2_mCherry_center.tif","7"
"training_2_frame_008","Trans","result_pic\from_source_tifs\references\Trans\training_2_frame_008_Trans.png","256","256","20240821_the other one\training_2_Trans_center.tif","8"
"training_2_frame_008","GFP projected","result_pic\from_source_tifs\references\GFP_projected\training_2_frame_008_GFP_projected.png","256","256","20240821_the other one\training_2_GFP_center.tif","8"
"training_2_frame_008","mCherry projected","result_pic\from_source_tifs\references\mCherry_projected\training_2_frame_008_mCherry_projected.png","256","256","20240821_the other one\training_2_mCherry_center.tif","8"
"training_2_frame_009","Trans","result_pic\from_source_tifs\references\Trans\training_2_frame_009_Trans.png","256","256","20240821_the other one\training_2_Trans_center.tif","9"
"training_2_frame_009","GFP projected","result_pic\from_source_tifs\references\GFP_projected\training_2_frame_009_GFP_projected.png","256","256","20240821_the other one\training_2_GFP_center.tif","9"
"training_2_frame_009","mCherry projected","result_pic\from_source_tifs\references\mCherry_projected\training_2_frame_009_mCherry_projected.png","256","256","20240821_the other one\training_2_mCherry_center.tif","9"
"training_2_frame_010","Trans","result_pic\from_source_tifs\references\Trans\training_2_frame_010_Trans.png","256","256","20240821_the other one\training_2_Trans_center.tif","10"
"training_2_frame_010","GFP projected","result_pic\from_source_tifs\references\GFP_projected\training_2_frame_010_GFP_projected.png","256","256","20240821_the other one\training_2_GFP_center.tif","10"
"training_2_frame_010","mCherry projected","result_pic\from_source_tifs\references\mCherry_projected\training_2_frame_010_mCherry_projected.png","256","256","20240821_the other one\training_2_mCherry_center.tif","10"
"training_2_frame_011","Trans","result_pic\from_source_tifs\references\Trans\training_2_frame_011_Trans.png","256","256","20240821_the other one\training_2_Trans_center.tif","11"
"training_2_frame_011","GFP projected","result_pic\from_source_tifs\references\GFP_projected\training_2_frame_011_GFP_projected.png","256","256","20240821_the other one\training_2_GFP_center.tif","11"
"training_2_frame_011","mCherry projected","result_pic\from_source_tifs\references\mCherry_projected\training_2_frame_011_mCherry_projected.png","256","256","20240821_the other one\training_2_mCherry_center.tif","11"
"training_2_frame_012","Trans","result_pic\from_source_tifs\references\Trans\training_2_frame_012_Trans.png","256","256","20240821_the other one\training_2_Trans_center.tif","12"
"training_2_frame_012","GFP projected","result_pic\from_source_tifs\references\GFP_projected\training_2_frame_012_GFP_projected.png","256","256","20240821_the other one\training_2_GFP_center.tif","12"
"training_2_frame_012","mCherry projected","result_pic\from_source_tifs\references\mCherry_projected\training_2_frame_012_mCherry_projected.png","256","256","20240821_the other one\training_2_mCherry_center.tif","12"
"training_2_frame_013","Trans","result_pic\from_source_tifs\references\Trans\training_2_frame_013_Trans.png","256","256","20240821_the other one\training_2_Trans_center.tif","13"
"training_2_frame_013","GFP projected","result_pic\from_source_tifs\references\GFP_projected\training_2_frame_013_GFP_projected.png","256","256","20240821_the other one\training_2_GFP_center.tif","13"
"training_2_frame_013","mCherry projected","result_pic\from_source_tifs\references\mCherry_projected\training_2_frame_013_mCherry_projected.png","256","256","20240821_the other one\training_2_mCherry_center.tif","13"
"training_2_frame_014","Trans","result_pic\from_source_tifs\references\Trans\training_2_frame_014_Trans.png","256","256","20240821_the other one\training_2_Trans_center.tif","14"
"training_2_frame_014","GFP projected","result_pic\from_source_tifs\references\GFP_projected\training_2_frame_014_GFP_projected.png","256","256","20240821_the other one\training_2_GFP_center.tif","14"
"training_2_frame_014","mCherry projected","result_pic\from_source_tifs\references\mCherry_projected\training_2_frame_014_mCherry_projected.png","256","256","20240821_the other one\training_2_mCherry_center.tif","14"
"training_2_frame_015","Trans","result_pic\from_source_tifs\references\Trans\training_2_frame_015_Trans.png","256","256","20240821_the other one\training_2_Trans_center.tif","15"
"training_2_frame_015","GFP projected","result_pic\from_source_tifs\references\GFP_projected\training_2_frame_015_GFP_projected.png","256","256","20240821_the other one\training_2_GFP_center.tif","15"
"training_2_frame_015","mCherry projected","result_pic\from_source_tifs\references\mCherry_projected\training_2_frame_015_mCherry_projected.png","256","256","20240821_the other one\training_2_mCherry_center.tif","15"
"training_2_frame_016","Trans","result_pic\from_source_tifs\references\Trans\training_2_frame_016_Trans.png","256","256","20240821_the other one\training_2_Trans_center.tif","16"
"training_2_frame_016","GFP projected","result_pic\from_source_tifs\references\GFP_projected\training_2_frame_016_GFP_projected.png","256","256","20240821_the other one\training_2_GFP_center.tif","16"
"training_2_frame_016","mCherry projected","result_pic\from_source_tifs\references\mCherry_projected\training_2_frame_016_mCherry_projected.png","256","256","20240821_the other one\training_2_mCherry_center.tif","16"
"training_2_frame_017","Trans","result_pic\from_source_tifs\references\Trans\training_2_frame_017_Trans.png","256","256","20240821_the other one\training_2_Trans_center.tif","17"
"training_2_frame_017","GFP projected","result_pic\from_source_tifs\references\GFP_projected\training_2_frame_017_GFP_projected.png","256","256","20240821_the other one\training_2_GFP_center.tif","17"
"training_2_frame_017","mCherry projected","result_pic\from_source_tifs\references\mCherry_projected\training_2_frame_017_mCherry_projected.png","256","256","20240821_the other one\training_2_mCherry_center.tif","17"
"training_2_frame_018","Trans","result_pic\from_source_tifs\references\Trans\training_2_frame_018_Trans.png","256","256","20240821_the other one\training_2_Trans_center.tif","18"
"training_2_frame_018","GFP projected","result_pic\from_source_tifs\references\GFP_projected\training_2_frame_018_GFP_projected.png","256","256","20240821_the other one\training_2_GFP_center.tif","18"
"training_2_frame_018","mCherry projected","result_pic\from_source_tifs\references\mCherry_projected\training_2_frame_018_mCherry_projected.png","256","256","20240821_the other one\training_2_mCherry_center.tif","18"
"training_2_frame_019","Trans","result_pic\from_source_tifs\references\Trans\training_2_frame_019_Trans.png","256","256","20240821_the other one\training_2_Trans_center.tif","19"
"training_2_frame_019","GFP projected","result_pic\from_source_tifs\references\GFP_projected\training_2_frame_019_GFP_projected.png","256","256","20240821_the other one\training_2_GFP_center.tif","19"
"training_2_frame_019","mCherry projected","result_pic\from_source_tifs\references\mCherry_projected\training_2_frame_019_mCherry_projected.png","256","256","20240821_the other one\training_2_mCherry_center.tif","19"
"training_2_frame_020","Trans","result_pic\from_source_tifs\references\Trans\training_2_frame_020_Trans.png","256","256","20240821_the other one\training_2_Trans_center.tif","20"
"training_2_frame_020","GFP projected","result_pic\from_source_tifs\references\GFP_projected\training_2_frame_020_GFP_projected.png","256","256","20240821_the other one\training_2_GFP_center.tif","20"
"training_2_frame_020","mCherry projected","result_pic\from_source_tifs\references\mCherry_projected\training_2_frame_020_mCherry_projected.png","256","256","20240821_the other one\training_2_mCherry_center.tif","20"
"training_2_frame_021","Trans","result_pic\from_source_tifs\references\Trans\training_2_frame_021_Trans.png","256","256","20240821_the other one\training_2_Trans_center.tif","21"
"training_2_frame_021","GFP projected","result_pic\from_source_tifs\references\GFP_projected\training_2_frame_021_GFP_projected.png","256","256","20240821_the other one\training_2_GFP_center.tif","21"
"training_2_frame_021","mCherry projected","result_pic\from_source_tifs\references\mCherry_projected\training_2_frame_021_mCherry_projected.png","256","256","20240821_the other one\training_2_mCherry_center.tif","21"
"training_2_frame_022","Trans","result_pic\from_source_tifs\references\Trans\training_2_frame_022_Trans.png","256","256","20240821_the other one\training_2_Trans_center.tif","22"
"training_2_frame_022","GFP projected","result_pic\from_source_tifs\references\GFP_projected\training_2_frame_022_GFP_projected.png","256","256","20240821_the other one\training_2_GFP_center.tif","22"
"training_2_frame_022","mCherry projected","result_pic\from_source_tifs\references\mCherry_projected\training_2_frame_022_mCherry_projected.png","256","256","20240821_the other one\training_2_mCherry_center.tif","22"
"training_2_frame_023","Trans","result_pic\from_source_tifs\references\Trans\training_2_frame_023_Trans.png","256","256","20240821_the other one\training_2_Trans_center.tif","23"
"training_2_frame_023","GFP projected","result_pic\from_source_tifs\references\GFP_projected\training_2_frame_023_GFP_projected.png","256","256","20240821_the other one\training_2_GFP_center.tif","23"
"training_2_frame_023","mCherry projected","result_pic\from_source_tifs\references\mCherry_projected\training_2_frame_023_mCherry_projected.png","256","256","20240821_the other one\training_2_mCherry_center.tif","23"
"training_2_frame_024","Trans","result_pic\from_source_tifs\references\Trans\training_2_frame_024_Trans.png","256","256","20240821_the other one\training_2_Trans_center.tif","24"
"training_2_frame_024","GFP projected","result_pic\from_source_tifs\references\GFP_projected\training_2_frame_024_GFP_projected.png","256","256","20240821_the other one\training_2_GFP_center.tif","24"
"training_2_frame_024","mCherry projected","result_pic\from_source_tifs\references\mCherry_projected\training_2_frame_024_mCherry_projected.png","256","256","20240821_the other one\training_2_mCherry_center.tif","24"
"training_2_frame_025","Trans","result_pic\from_source_tifs\references\Trans\training_2_frame_025_Trans.png","256","256","20240821_the other one\training_2_Trans_center.tif","25"
"training_2_frame_025","GFP projected","result_pic\from_source_tifs\references\GFP_projected\training_2_frame_025_GFP_projected.png","256","256","20240821_the other one\training_2_GFP_center.tif","25"
"training_2_frame_025","mCherry projected","result_pic\from_source_tifs\references\mCherry_projected\training_2_frame_025_mCherry_projected.png","256","256","20240821_the other one\training_2_mCherry_center.tif","25"
"training_2_frame_026","Trans","result_pic\from_source_tifs\references\Trans\training_2_frame_026_Trans.png","256","256","20240821_the other one\training_2_Trans_center.tif","26"
"training_2_frame_026","GFP projected","result_pic\from_source_tifs\references\GFP_projected\training_2_frame_026_GFP_projected.png","256","256","20240821_the other one\training_2_GFP_center.tif","26"
"training_2_frame_026","mCherry projected","result_pic\from_source_tifs\references\mCherry_projected\training_2_frame_026_mCherry_projected.png","256","256","20240821_the other one\training_2_mCherry_center.tif","26"
"training_2_frame_027","Trans","result_pic\from_source_tifs\references\Trans\training_2_frame_027_Trans.png","256","256","20240821_the other one\training_2_Trans_center.tif","27"
"training_2_frame_027","GFP projected","result_pic\from_source_tifs\references\GFP_projected\training_2_frame_027_GFP_projected.png","256","256","20240821_the other one\training_2_GFP_center.tif","27"
"training_2_frame_027","mCherry projected","result_pic\from_source_tifs\references\mCherry_projected\training_2_frame_027_mCherry_projected.png","256","256","20240821_the other one\training_2_mCherry_center.tif","27"
"training_2_frame_028","Trans","result_pic\from_source_tifs\references\Trans\training_2_frame_028_Trans.png","256","256","20240821_the other one\training_2_Trans_center.tif","28"
"training_2_frame_028","GFP projected","result_pic\from_source_tifs\references\GFP_projected\training_2_frame_028_GFP_projected.png","256","256","20240821_the other one\training_2_GFP_center.tif","28"
"training_2_frame_028","mCherry projected","result_pic\from_source_tifs\references\mCherry_projected\training_2_frame_028_mCherry_projected.png","256","256","20240821_the other one\training_2_mCherry_center.tif","28"
"training_2_frame_029","Trans","result_pic\from_source_tifs\references\Trans\training_2_frame_029_Trans.png","256","256","20240821_the other one\training_2_Trans_center.tif","29"
"training_2_frame_029","GFP projected","result_pic\from_source_tifs\references\GFP_projected\training_2_frame_029_GFP_projected.png","256","256","20240821_the other one\training_2_GFP_center.tif","29"
"training_2_frame_029","mCherry projected","result_pic\from_source_tifs\references\mCherry_projected\training_2_frame_029_mCherry_projected.png","256","256","20240821_the other one\training_2_mCherry_center.tif","29"
"training_2_frame_030","Trans","result_pic\from_source_tifs\references\Trans\training_2_frame_030_Trans.png","256","256","20240821_the other one\training_2_Trans_center.tif","30"
"training_2_frame_030","GFP projected","result_pic\from_source_tifs\references\GFP_projected\training_2_frame_030_GFP_projected.png","256","256","20240821_the other one\training_2_GFP_center.tif","30"
"training_2_frame_030","mCherry projected","result_pic\from_source_tifs\references\mCherry_projected\training_2_frame_030_mCherry_projected.png","256","256","20240821_the other one\training_2_mCherry_center.tif","30"
"training_2_frame_031","Trans","result_pic\from_source_tifs\references\Trans\training_2_frame_031_Trans.png","256","256","20240821_the other one\training_2_Trans_center.tif","31"
"training_2_frame_031","GFP projected","result_pic\from_source_tifs\references\GFP_projected\training_2_frame_031_GFP_projected.png","256","256","20240821_the other one\training_2_GFP_center.tif","31"
"training_2_frame_031","mCherry projected","result_pic\from_source_tifs\references\mCherry_projected\training_2_frame_031_mCherry_projected.png","256","256","20240821_the other one\training_2_mCherry_center.tif","31"
"training_2_frame_032","Trans","result_pic\from_source_tifs\references\Trans\training_2_frame_032_Trans.png","256","256","20240821_the other one\training_2_Trans_center.tif","32"
"training_2_frame_032","GFP projected","result_pic\from_source_tifs\references\GFP_projected\training_2_frame_032_GFP_projected.png","256","256","20240821_the other one\training_2_GFP_center.tif","32"
"training_2_frame_032","mCherry projected","result_pic\from_source_tifs\references\mCherry_projected\training_2_frame_032_mCherry_projected.png","256","256","20240821_the other one\training_2_mCherry_center.tif","32"
"training_2_frame_033","Trans","result_pic\from_source_tifs\references\Trans\training_2_frame_033_Trans.png","256","256","20240821_the other one\training_2_Trans_center.tif","33"
"training_2_frame_033","GFP projected","result_pic\from_source_tifs\references\GFP_projected\training_2_frame_033_GFP_projected.png","256","256","20240821_the other one\training_2_GFP_center.tif","33"
"training_2_frame_033","mCherry projected","result_pic\from_source_tifs\references\mCherry_projected\training_2_frame_033_mCherry_projected.png","256","256","20240821_the other one\training_2_mCherry_center.tif","33"
"training_2_frame_034","Trans","result_pic\from_source_tifs\references\Trans\training_2_frame_034_Trans.png","256","256","20240821_the other one\training_2_Trans_center.tif","34"
"training_2_frame_034","GFP projected","result_pic\from_source_tifs\references\GFP_projected\training_2_frame_034_GFP_projected.png","256","256","20240821_the other one\training_2_GFP_center.tif","34"
"training_2_frame_034","mCherry projected","result_pic\from_source_tifs\references\mCherry_projected\training_2_frame_034_mCherry_projected.png","256","256","20240821_the other one\training_2_mCherry_center.tif","34"
"training_2_frame_035","Trans","result_pic\from_source_tifs\references\Trans\training_2_frame_035_Trans.png","256","256","20240821_the other one\training_2_Trans_center.tif","35"
"training_2_frame_035","GFP projected","result_pic\from_source_tifs\references\GFP_projected\training_2_frame_035_GFP_projected.png","256","256","20240821_the other one\training_2_GFP_center.tif","35"
"training_2_frame_035","mCherry projected","result_pic\from_source_tifs\references\mCherry_projected\training_2_frame_035_mCherry_projected.png","256","256","20240821_the other one\training_2_mCherry_center.tif","35"
"training_2_frame_036","Trans","result_pic\from_source_tifs\references\Trans\training_2_frame_036_Trans.png","256","256","20240821_the other one\training_2_Trans_center.tif","36"
"training_2_frame_036","GFP projected","result_pic\from_source_tifs\references\GFP_projected\training_2_frame_036_GFP_projected.png","256","256","20240821_the other one\training_2_GFP_center.tif","36"
"training_2_frame_036","mCherry projected","result_pic\from_source_tifs\references\mCherry_projected\training_2_frame_036_mCherry_projected.png","256","256","20240821_the other one\training_2_mCherry_center.tif","36"
"training_2_frame_037","Trans","result_pic\from_source_tifs\references\Trans\training_2_frame_037_Trans.png","256","256","20240821_the other one\training_2_Trans_center.tif","37"
"training_2_frame_037","GFP projected","result_pic\from_source_tifs\references\GFP_projected\training_2_frame_037_GFP_projected.png","256","256","20240821_the other one\training_2_GFP_center.tif","37"
"training_2_frame_037","mCherry projected","result_pic\from_source_tifs\references\mCherry_projected\training_2_frame_037_mCherry_projected.png","256","256","20240821_the other one\training_2_mCherry_center.tif","37"
"training_2_frame_038","Trans","result_pic\from_source_tifs\references\Trans\training_2_frame_038_Trans.png","256","256","20240821_the other one\training_2_Trans_center.tif","38"
"training_2_frame_038","GFP projected","result_pic\from_source_tifs\references\GFP_projected\training_2_frame_038_GFP_projected.png","256","256","20240821_the other one\training_2_GFP_center.tif","38"
"training_2_frame_038","mCherry projected","result_pic\from_source_tifs\references\mCherry_projected\training_2_frame_038_mCherry_projected.png","256","256","20240821_the other one\training_2_mCherry_center.tif","38"
"training_2_frame_039","Trans","result_pic\from_source_tifs\references\Trans\training_2_frame_039_Trans.png","256","256","20240821_the other one\training_2_Trans_center.tif","39"
"training_2_frame_039","GFP projected","result_pic\from_source_tifs\references\GFP_projected\training_2_frame_039_GFP_projected.png","256","256","20240821_the other one\training_2_GFP_center.tif","39"
"training_2_frame_039","mCherry projected","result_pic\from_source_tifs\references\mCherry_projected\training_2_frame_039_mCherry_projected.png","256","256","20240821_the other one\training_2_mCherry_center.tif","39"
"training_2_frame_040","Trans","result_pic\from_source_tifs\references\Trans\training_2_frame_040_Trans.png","256","256","20240821_the other one\training_2_Trans_center.tif","40"
"training_2_frame_040","GFP projected","result_pic\from_source_tifs\references\GFP_projected\training_2_frame_040_GFP_projected.png","256","256","20240821_the other one\training_2_GFP_center.tif","40"
"training_2_frame_040","mCherry projected","result_pic\from_source_tifs\references\mCherry_projected\training_2_frame_040_mCherry_projected.png","256","256","20240821_the other one\training_2_mCherry_center.tif","40"
"training_2_frame_041","Trans","result_pic\from_source_tifs\references\Trans\training_2_frame_041_Trans.png","256","256","20240821_the other one\training_2_Trans_center.tif","41"
"training_2_frame_041","GFP projected","result_pic\from_source_tifs\references\GFP_projected\training_2_frame_041_GFP_projected.png","256","256","20240821_the other one\training_2_GFP_center.tif","41"
"training_2_frame_041","mCherry projected","result_pic\from_source_tifs\references\mCherry_projected\training_2_frame_041_mCherry_projected.png","256","256","20240821_the other one\training_2_mCherry_center.tif","41"
"training_2_frame_042","Trans","result_pic\from_source_tifs\references\Trans\training_2_frame_042_Trans.png","256","256","20240821_the other one\training_2_Trans_center.tif","42"
"training_2_frame_042","GFP projected","result_pic\from_source_tifs\references\GFP_projected\training_2_frame_042_GFP_projected.png","256","256","20240821_the other one\training_2_GFP_center.tif","42"
"training_2_frame_042","mCherry projected","result_pic\from_source_tifs\references\mCherry_projected\training_2_frame_042_mCherry_projected.png","256","256","20240821_the other one\training_2_mCherry_center.tif","42"
"training_2_frame_043","Trans","result_pic\from_source_tifs\references\Trans\training_2_frame_043_Trans.png","256","256","20240821_the other one\training_2_Trans_center.tif","43"
"training_2_frame_043","GFP projected","result_pic\from_source_tifs\references\GFP_projected\training_2_frame_043_GFP_projected.png","256","256","20240821_the other one\training_2_GFP_center.tif","43"
"training_2_frame_043","mCherry projected","result_pic\from_source_tifs\references\mCherry_projected\training_2_frame_043_mCherry_projected.png","256","256","20240821_the other one\training_2_mCherry_center.tif","43"
"training_2_frame_044","Trans","result_pic\from_source_tifs\references\Trans\training_2_frame_044_Trans.png","256","256","20240821_the other one\training_2_Trans_center.tif","44"
"training_2_frame_044","GFP projected","result_pic\from_source_tifs\references\GFP_projected\training_2_frame_044_GFP_projected.png","256","256","20240821_the other one\training_2_GFP_center.tif","44"
"training_2_frame_044","mCherry projected","result_pic\from_source_tifs\references\mCherry_projected\training_2_frame_044_mCherry_projected.png","256","256","20240821_the other one\training_2_mCherry_center.tif","44"
"training_2_frame_045","Trans","result_pic\from_source_tifs\references\Trans\training_2_frame_045_Trans.png","256","256","20240821_the other one\training_2_Trans_center.tif","45"
"training_2_frame_045","GFP projected","result_pic\from_source_tifs\references\GFP_projected\training_2_frame_045_GFP_projected.png","256","256","20240821_the other one\training_2_GFP_center.tif","45"
"training_2_frame_045","mCherry projected","result_pic\from_source_tifs\references\mCherry_projected\training_2_frame_045_mCherry_projected.png","256","256","20240821_the other one\training_2_mCherry_center.tif","45"
"training_2_frame_046","Trans","result_pic\from_source_tifs\references\Trans\training_2_frame_046_Trans.png","256","256","20240821_the other one\training_2_Trans_center.tif","46"
"training_2_frame_046","GFP projected","result_pic\from_source_tifs\references\GFP_projected\training_2_frame_046_GFP_projected.png","256","256","20240821_the other one\training_2_GFP_center.tif","46"
"training_2_frame_046","mCherry projected","result_pic\from_source_tifs\references\mCherry_projected\training_2_frame_046_mCherry_projected.png","256","256","20240821_the other one\training_2_mCherry_center.tif","46"
"training_2_frame_047","Trans","result_pic\from_source_tifs\references\Trans\training_2_frame_047_Trans.png","256","256","20240821_the other one\training_2_Trans_center.tif","47"
"training_2_frame_047","GFP projected","result_pic\from_source_tifs\references\GFP_projected\training_2_frame_047_GFP_projected.png","256","256","20240821_the other one\training_2_GFP_center.tif","47"
"training_2_frame_047","mCherry projected","result_pic\from_source_tifs\references\mCherry_projected\training_2_frame_047_mCherry_projected.png","256","256","20240821_the other one\training_2_mCherry_center.tif","47"
"training_2_frame_048","Trans","result_pic\from_source_tifs\references\Trans\training_2_frame_048_Trans.png","256","256","20240821_the other one\training_2_Trans_center.tif","48"
"training_2_frame_048","GFP projected","result_pic\from_source_tifs\references\GFP_projected\training_2_frame_048_GFP_projected.png","256","256","20240821_the other one\training_2_GFP_center.tif","48"
"training_2_frame_048","mCherry projected","result_pic\from_source_tifs\references\mCherry_projected\training_2_frame_048_mCherry_projected.png","256","256","20240821_the other one\training_2_mCherry_center.tif","48"
"training_2_frame_049","Trans","result_pic\from_source_tifs\references\Trans\training_2_frame_049_Trans.png","256","256","20240821_the other one\training_2_Trans_center.tif","49"
"training_2_frame_049","GFP projected","result_pic\from_source_tifs\references\GFP_projected\training_2_frame_049_GFP_projected.png","256","256","20240821_the other one\training_2_GFP_center.tif","49"
"training_2_frame_049","mCherry projected","result_pic\from_source_tifs\references\mCherry_projected\training_2_frame_049_mCherry_projected.png","256","256","20240821_the other one\training_2_mCherry_center.tif","49"
"training_2_frame_050","Trans","result_pic\from_source_tifs\references\Trans\training_2_frame_050_Trans.png","256","256","20240821_the other one\training_2_Trans_center.tif","50"
"training_2_frame_050","GFP projected","result_pic\from_source_tifs\references\GFP_projected\training_2_frame_050_GFP_projected.png","256","256","20240821_the other one\training_2_GFP_center.tif","50"
"training_2_frame_050","mCherry projected","result_pic\from_source_tifs\references\mCherry_projected\training_2_frame_050_mCherry_projected.png","256","256","20240821_the other one\training_2_mCherry_center.tif","50"
"training_2_frame_051","Trans","result_pic\from_source_tifs\references\Trans\training_2_frame_051_Trans.png","256","256","20240821_the other one\training_2_Trans_center.tif","51"
"training_2_frame_051","GFP projected","result_pic\from_source_tifs\references\GFP_projected\training_2_frame_051_GFP_projected.png","256","256","20240821_the other one\training_2_GFP_center.tif","51"
"training_2_frame_051","mCherry projected","result_pic\from_source_tifs\references\mCherry_projected\training_2_frame_051_mCherry_projected.png","256","256","20240821_the other one\training_2_mCherry_center.tif","51"
"training_2_frame_052","Trans","result_pic\from_source_tifs\references\Trans\training_2_frame_052_Trans.png","256","256","20240821_the other one\training_2_Trans_center.tif","52"
"training_2_frame_052","GFP projected","result_pic\from_source_tifs\references\GFP_projected\training_2_frame_052_GFP_projected.png","256","256","20240821_the other one\training_2_GFP_center.tif","52"
"training_2_frame_052","mCherry projected","result_pic\from_source_tifs\references\mCherry_projected\training_2_frame_052_mCherry_projected.png","256","256","20240821_the other one\training_2_mCherry_center.tif","52"
"training_2_frame_053","Trans","result_pic\from_source_tifs\references\Trans\training_2_frame_053_Trans.png","256","256","20240821_the other one\training_2_Trans_center.tif","53"
"training_2_frame_053","GFP projected","result_pic\from_source_tifs\references\GFP_projected\training_2_frame_053_GFP_projected.png","256","256","20240821_the other one\training_2_GFP_center.tif","53"
"training_2_frame_053","mCherry projected","result_pic\from_source_tifs\references\mCherry_projected\training_2_frame_053_mCherry_projected.png","256","256","20240821_the other one\training_2_mCherry_center.tif","53"
"training_2_frame_054","Trans","result_pic\from_source_tifs\references\Trans\training_2_frame_054_Trans.png","256","256","20240821_the other one\training_2_Trans_center.tif","54"
"training_2_frame_054","GFP projected","result_pic\from_source_tifs\references\GFP_projected\training_2_frame_054_GFP_projected.png","256","256","20240821_the other one\training_2_GFP_center.tif","54"
"training_2_frame_054","mCherry projected","result_pic\from_source_tifs\references\mCherry_projected\training_2_frame_054_mCherry_projected.png","256","256","20240821_the other one\training_2_mCherry_center.tif","54"
"training_2_frame_055","Trans","result_pic\from_source_tifs\references\Trans\training_2_frame_055_Trans.png","256","256","20240821_the other one\training_2_Trans_center.tif","55"
"training_2_frame_055","GFP projected","result_pic\from_source_tifs\references\GFP_projected\training_2_frame_055_GFP_projected.png","256","256","20240821_the other one\training_2_GFP_center.tif","55"
"training_2_frame_055","mCherry projected","result_pic\from_source_tifs\references\mCherry_projected\training_2_frame_055_mCherry_projected.png","256","256","20240821_the other one\training_2_mCherry_center.tif","55"
"training_2_frame_056","Trans","result_pic\from_source_tifs\references\Trans\training_2_frame_056_Trans.png","256","256","20240821_the other one\training_2_Trans_center.tif","56"
"training_2_frame_056","GFP projected","result_pic\from_source_tifs\references\GFP_projected\training_2_frame_056_GFP_projected.png","256","256","20240821_the other one\training_2_GFP_center.tif","56"
"training_2_frame_056","mCherry projected","result_pic\from_source_tifs\references\mCherry_projected\training_2_frame_056_mCherry_projected.png","256","256","20240821_the other one\training_2_mCherry_center.tif","56"
"training_2_frame_057","Trans","result_pic\from_source_tifs\references\Trans\training_2_frame_057_Trans.png","256","256","20240821_the other one\training_2_Trans_center.tif","57"
"training_2_frame_057","GFP projected","result_pic\from_source_tifs\references\GFP_projected\training_2_frame_057_GFP_projected.png","256","256","20240821_the other one\training_2_GFP_center.tif","57"
"training_2_frame_057","mCherry projected","result_pic\from_source_tifs\references\mCherry_projected\training_2_frame_057_mCherry_projected.png","256","256","20240821_the other one\training_2_mCherry_center.tif","57"
"training_2_frame_058","Trans","result_pic\from_source_tifs\references\Trans\training_2_frame_058_Trans.png","256","256","20240821_the other one\training_2_Trans_center.tif","58"
"training_2_frame_058","GFP projected","result_pic\from_source_tifs\references\GFP_projected\training_2_frame_058_GFP_projected.png","256","256","20240821_the other one\training_2_GFP_center.tif","58"
"training_2_frame_058","mCherry projected","result_pic\from_source_tifs\references\mCherry_projected\training_2_frame_058_mCherry_projected.png","256","256","20240821_the other one\training_2_mCherry_center.tif","58"
"training_2_frame_059","Trans","result_pic\from_source_tifs\references\Trans\training_2_frame_059_Trans.png","256","256","20240821_the other one\training_2_Trans_center.tif","59"
"training_2_frame_059","GFP projected","result_pic\from_source_tifs\references\GFP_projected\training_2_frame_059_GFP_projected.png","256","256","20240821_the other one\training_2_GFP_center.tif","59"
"training_2_frame_059","mCherry projected","result_pic\from_source_tifs\references\mCherry_projected\training_2_frame_059_mCherry_projected.png","256","256","20240821_the other one\training_2_mCherry_center.tif","59"
"training_2_frame_060","Trans","result_pic\from_source_tifs\references\Trans\training_2_frame_060_Trans.png","256","256","20240821_the other one\training_2_Trans_center.tif","60"
"training_2_frame_060","GFP projected","result_pic\from_source_tifs\references\GFP_projected\training_2_frame_060_GFP_projected.png","256","256","20240821_the other one\training_2_GFP_center.tif","60"
"training_2_frame_060","mCherry projected","result_pic\from_source_tifs\references\mCherry_projected\training_2_frame_060_mCherry_projected.png","256","256","20240821_the other one\training_2_mCherry_center.tif","60"
"training_2_frame_061","Trans","result_pic\from_source_tifs\references\Trans\training_2_frame_061_Trans.png","256","256","20240821_the other one\training_2_Trans_center.tif","61"
"training_2_frame_061","GFP projected","result_pic\from_source_tifs\references\GFP_projected\training_2_frame_061_GFP_projected.png","256","256","20240821_the other one\training_2_GFP_center.tif","61"
"training_2_frame_061","mCherry projected","result_pic\from_source_tifs\references\mCherry_projected\training_2_frame_061_mCherry_projected.png","256","256","20240821_the other one\training_2_mCherry_center.tif","61"
"training_2_frame_062","Trans","result_pic\from_source_tifs\references\Trans\training_2_frame_062_Trans.png","256","256","20240821_the other one\training_2_Trans_center.tif","62"
"training_2_frame_062","GFP projected","result_pic\from_source_tifs\references\GFP_projected\training_2_frame_062_GFP_projected.png","256","256","20240821_the other one\training_2_GFP_center.tif","62"
"training_2_frame_062","mCherry projected","result_pic\from_source_tifs\references\mCherry_projected\training_2_frame_062_mCherry_projected.png","256","256","20240821_the other one\training_2_mCherry_center.tif","62"
"training_2_frame_063","Trans","result_pic\from_source_tifs\references\Trans\training_2_frame_063_Trans.png","256","256","20240821_the other one\training_2_Trans_center.tif","63"
"training_2_frame_063","GFP projected","result_pic\from_source_tifs\references\GFP_projected\training_2_frame_063_GFP_projected.png","256","256","20240821_the other one\training_2_GFP_center.tif","63"
"training_2_frame_063","mCherry projected","result_pic\from_source_tifs\references\mCherry_projected\training_2_frame_063_mCherry_projected.png","256","256","20240821_the other one\training_2_mCherry_center.tif","63"
"training_2_frame_064","Trans","result_pic\from_source_tifs\references\Trans\training_2_frame_064_Trans.png","256","256","20240821_the other one\training_2_Trans_center.tif","64"
"training_2_frame_064","GFP projected","result_pic\from_source_tifs\references\GFP_projected\training_2_frame_064_GFP_projected.png","256","256","20240821_the other one\training_2_GFP_center.tif","64"
"training_2_frame_064","mCherry projected","result_pic\from_source_tifs\references\mCherry_projected\training_2_frame_064_mCherry_projected.png","256","256","20240821_the other one\training_2_mCherry_center.tif","64"
"training_2_frame_065","Trans","result_pic\from_source_tifs\references\Trans\training_2_frame_065_Trans.png","256","256","20240821_the other one\training_2_Trans_center.tif","65"
"training_2_frame_065","GFP projected","result_pic\from_source_tifs\references\GFP_projected\training_2_frame_065_GFP_projected.png","256","256","20240821_the other one\training_2_GFP_center.tif","65"
"training_2_frame_065","mCherry projected","result_pic\from_source_tifs\references\mCherry_projected\training_2_frame_065_mCherry_projected.png","256","256","20240821_the other one\training_2_mCherry_center.tif","65"
"training_2_frame_066","Trans","result_pic\from_source_tifs\references\Trans\training_2_frame_066_Trans.png","256","256","20240821_the other one\training_2_Trans_center.tif","66"
"training_2_frame_066","GFP projected","result_pic\from_source_tifs\references\GFP_projected\training_2_frame_066_GFP_projected.png","256","256","20240821_the other one\training_2_GFP_center.tif","66"
"training_2_frame_066","mCherry projected","result_pic\from_source_tifs\references\mCherry_projected\training_2_frame_066_mCherry_projected.png","256","256","20240821_the other one\training_2_mCherry_center.tif","66"
"training_2_frame_067","Trans","result_pic\from_source_tifs\references\Trans\training_2_frame_067_Trans.png","256","256","20240821_the other one\training_2_Trans_center.tif","67"
"training_2_frame_067","GFP projected","result_pic\from_source_tifs\references\GFP_projected\training_2_frame_067_GFP_projected.png","256","256","20240821_the other one\training_2_GFP_center.tif","67"
"training_2_frame_067","mCherry projected","result_pic\from_source_tifs\references\mCherry_projected\training_2_frame_067_mCherry_projected.png","256","256","20240821_the other one\training_2_mCherry_center.tif","67"
"training_2_frame_068","Trans","result_pic\from_source_tifs\references\Trans\training_2_frame_068_Trans.png","256","256","20240821_the other one\training_2_Trans_center.tif","68"
"training_2_frame_068","GFP projected","result_pic\from_source_tifs\references\GFP_projected\training_2_frame_068_GFP_projected.png","256","256","20240821_the other one\training_2_GFP_center.tif","68"
"training_2_frame_068","mCherry projected","result_pic\from_source_tifs\references\mCherry_projected\training_2_frame_068_mCherry_projected.png","256","256","20240821_the other one\training_2_mCherry_center.tif","68"
"training_2_frame_069","Trans","result_pic\from_source_tifs\references\Trans\training_2_frame_069_Trans.png","256","256","20240821_the other one\training_2_Trans_center.tif","69"
"training_2_frame_069","GFP projected","result_pic\from_source_tifs\references\GFP_projected\training_2_frame_069_GFP_projected.png","256","256","20240821_the other one\training_2_GFP_center.tif","69"
"training_2_frame_069","mCherry projected","result_pic\from_source_tifs\references\mCherry_projected\training_2_frame_069_mCherry_projected.png","256","256","20240821_the other one\training_2_mCherry_center.tif","69"
"training_2_frame_070","Trans","result_pic\from_source_tifs\references\Trans\training_2_frame_070_Trans.png","256","256","20240821_the other one\training_2_Trans_center.tif","70"
"training_2_frame_070","GFP projected","result_pic\from_source_tifs\references\GFP_projected\training_2_frame_070_GFP_projected.png","256","256","20240821_the other one\training_2_GFP_center.tif","70"
"training_2_frame_070","mCherry projected","result_pic\from_source_tifs\references\mCherry_projected\training_2_frame_070_mCherry_projected.png","256","256","20240821_the other one\training_2_mCherry_center.tif","70"
"training_2_frame_071","Trans","result_pic\from_source_tifs\references\Trans\training_2_frame_071_Trans.png","256","256","20240821_the other one\training_2_Trans_center.tif","71"
"training_2_frame_071","GFP projected","result_pic\from_source_tifs\references\GFP_projected\training_2_frame_071_GFP_projected.png","256","256","20240821_the other one\training_2_GFP_center.tif","71"
"training_2_frame_071","mCherry projected","result_pic\from_source_tifs\references\mCherry_projected\training_2_frame_071_mCherry_projected.png","256","256","20240821_the other one\training_2_mCherry_center.tif","71"
"training_2_frame_072","Trans","result_pic\from_source_tifs\references\Trans\training_2_frame_072_Trans.png","256","256","20240821_the other one\training_2_Trans_center.tif","72"
"training_2_frame_072","GFP projected","result_pic\from_source_tifs\references\GFP_projected\training_2_frame_072_GFP_projected.png","256","256","20240821_the other one\training_2_GFP_center.tif","72"
"training_2_frame_072","mCherry projected","result_pic\from_source_tifs\references\mCherry_projected\training_2_frame_072_mCherry_projected.png","256","256","20240821_the other one\training_2_mCherry_center.tif","72"
"training_2_frame_073","Trans","result_pic\from_source_tifs\references\Trans\training_2_frame_073_Trans.png","256","256","20240821_the other one\training_2_Trans_center.tif","73"
"training_2_frame_073","GFP projected","result_pic\from_source_tifs\references\GFP_projected\training_2_frame_073_GFP_projected.png","256","256","20240821_the other one\training_2_GFP_center.tif","73"
"training_2_frame_073","mCherry projected","result_pic\from_source_tifs\references\mCherry_projected\training_2_frame_073_mCherry_projected.png","256","256","20240821_the other one\training_2_mCherry_center.tif","73"
"training_2_frame_074","Trans","result_pic\from_source_tifs\references\Trans\training_2_frame_074_Trans.png","256","256","20240821_the other one\training_2_Trans_center.tif","74"
"training_2_frame_074","GFP projected","result_pic\from_source_tifs\references\GFP_projected\training_2_frame_074_GFP_projected.png","256","256","20240821_the other one\training_2_GFP_center.tif","74"
"training_2_frame_074","mCherry projected","result_pic\from_source_tifs\references\mCherry_projected\training_2_frame_074_mCherry_projected.png","256","256","20240821_the other one\training_2_mCherry_center.tif","74"
"training_2_frame_075","Trans","result_pic\from_source_tifs\references\Trans\training_2_frame_075_Trans.png","256","256","20240821_the other one\training_2_Trans_center.tif","75"
"training_2_frame_075","GFP projected","result_pic\from_source_tifs\references\GFP_projected\training_2_frame_075_GFP_projected.png","256","256","20240821_the other one\training_2_GFP_center.tif","75"
"training_2_frame_075","mCherry projected","result_pic\from_source_tifs\references\mCherry_projected\training_2_frame_075_mCherry_projected.png","256","256","20240821_the other one\training_2_mCherry_center.tif","75"
"training_2_frame_076","Trans","result_pic\from_source_tifs\references\Trans\training_2_frame_076_Trans.png","256","256","20240821_the other one\training_2_Trans_center.tif","76"
"training_2_frame_076","GFP projected","result_pic\from_source_tifs\references\GFP_projected\training_2_frame_076_GFP_projected.png","256","256","20240821_the other one\training_2_GFP_center.tif","76"
"training_2_frame_076","mCherry projected","result_pic\from_source_tifs\references\mCherry_projected\training_2_frame_076_mCherry_projected.png","256","256","20240821_the other one\training_2_mCherry_center.tif","76"
"training_2_frame_077","Trans","result_pic\from_source_tifs\references\Trans\training_2_frame_077_Trans.png","256","256","20240821_the other one\training_2_Trans_center.tif","77"
"training_2_frame_077","GFP projected","result_pic\from_source_tifs\references\GFP_projected\training_2_frame_077_GFP_projected.png","256","256","20240821_the other one\training_2_GFP_center.tif","77"
"training_2_frame_077","mCherry projected","result_pic\from_source_tifs\references\mCherry_projected\training_2_frame_077_mCherry_projected.png","256","256","20240821_the other one\training_2_mCherry_center.tif","77"
"training_2_frame_078","Trans","result_pic\from_source_tifs\references\Trans\training_2_frame_078_Trans.png","256","256","20240821_the other one\training_2_Trans_center.tif","78"
"training_2_frame_078","GFP projected","result_pic\from_source_tifs\references\GFP_projected\training_2_frame_078_GFP_projected.png","256","256","20240821_the other one\training_2_GFP_center.tif","78"
"training_2_frame_078","mCherry projected","result_pic\from_source_tifs\references\mCherry_projected\training_2_frame_078_mCherry_projected.png","256","256","20240821_the other one\training_2_mCherry_center.tif","78"
"training_2_frame_079","Trans","result_pic\from_source_tifs\references\Trans\training_2_frame_079_Trans.png","256","256","20240821_the other one\training_2_Trans_center.tif","79"
"training_2_frame_079","GFP projected","result_pic\from_source_tifs\references\GFP_projected\training_2_frame_079_GFP_projected.png","256","256","20240821_the other one\training_2_GFP_center.tif","79"
"training_2_frame_079","mCherry projected","result_pic\from_source_tifs\references\mCherry_projected\training_2_frame_079_mCherry_projected.png","256","256","20240821_the other one\training_2_mCherry_center.tif","79"
"training_2_frame_080","Trans","result_pic\from_source_tifs\references\Trans\training_2_frame_080_Trans.png","256","256","20240821_the other one\training_2_Trans_center.tif","80"
"training_2_frame_080","GFP projected","result_pic\from_source_tifs\references\GFP_projected\training_2_frame_080_GFP_projected.png","256","256","20240821_the other one\training_2_GFP_center.tif","80"
"training_2_frame_080","mCherry projected","result_pic\from_source_tifs\references\mCherry_projected\training_2_frame_080_mCherry_projected.png","256","256","20240821_the other one\training_2_mCherry_center.tif","80"
"training_2_frame_081","Trans","result_pic\from_source_tifs\references\Trans\training_2_frame_081_Trans.png","256","256","20240821_the other one\training_2_Trans_center.tif","81"
"training_2_frame_081","GFP projected","result_pic\from_source_tifs\references\GFP_projected\training_2_frame_081_GFP_projected.png","256","256","20240821_the other one\training_2_GFP_center.tif","81"
"training_2_frame_081","mCherry projected","result_pic\from_source_tifs\references\mCherry_projected\training_2_frame_081_mCherry_projected.png","256","256","20240821_the other one\training_2_mCherry_center.tif","81"
"training_2_frame_082","Trans","result_pic\from_source_tifs\references\Trans\training_2_frame_082_Trans.png","256","256","20240821_the other one\training_2_Trans_center.tif","82"
"training_2_frame_082","GFP projected","result_pic\from_source_tifs\references\GFP_projected\training_2_frame_082_GFP_projected.png","256","256","20240821_the other one\training_2_GFP_center.tif","82"
"training_2_frame_082","mCherry projected","result_pic\from_source_tifs\references\mCherry_projected\training_2_frame_082_mCherry_projected.png","256","256","20240821_the other one\training_2_mCherry_center.tif","82"
"training_2_frame_083","Trans","result_pic\from_source_tifs\references\Trans\training_2_frame_083_Trans.png","256","256","20240821_the other one\training_2_Trans_center.tif","83"
"training_2_frame_083","GFP projected","result_pic\from_source_tifs\references\GFP_projected\training_2_frame_083_GFP_projected.png","256","256","20240821_the other one\training_2_GFP_center.tif","83"
"training_2_frame_083","mCherry projected","result_pic\from_source_tifs\references\mCherry_projected\training_2_frame_083_mCherry_projected.png","256","256","20240821_the other one\training_2_mCherry_center.tif","83"
"training_2_frame_084","Trans","result_pic\from_source_tifs\references\Trans\training_2_frame_084_Trans.png","256","256","20240821_the other one\training_2_Trans_center.tif","84"
"training_2_frame_084","GFP projected","result_pic\from_source_tifs\references\GFP_projected\training_2_frame_084_GFP_projected.png","256","256","20240821_the other one\training_2_GFP_center.tif","84"
"training_2_frame_084","mCherry projected","result_pic\from_source_tifs\references\mCherry_projected\training_2_frame_084_mCherry_projected.png","256","256","20240821_the other one\training_2_mCherry_center.tif","84"
"training_2_frame_085","Trans","result_pic\from_source_tifs\references\Trans\training_2_frame_085_Trans.png","256","256","20240821_the other one\training_2_Trans_center.tif","85"
"training_2_frame_085","GFP projected","result_pic\from_source_tifs\references\GFP_projected\training_2_frame_085_GFP_projected.png","256","256","20240821_the other one\training_2_GFP_center.tif","85"
"training_2_frame_085","mCherry projected","result_pic\from_source_tifs\references\mCherry_projected\training_2_frame_085_mCherry_projected.png","256","256","20240821_the other one\training_2_mCherry_center.tif","85"
"training_2_frame_086","Trans","result_pic\from_source_tifs\references\Trans\training_2_frame_086_Trans.png","256","256","20240821_the other one\training_2_Trans_center.tif","86"
"training_2_frame_086","GFP projected","result_pic\from_source_tifs\references\GFP_projected\training_2_frame_086_GFP_projected.png","256","256","20240821_the other one\training_2_GFP_center.tif","86"
"training_2_frame_086","mCherry projected","result_pic\from_source_tifs\references\mCherry_projected\training_2_frame_086_mCherry_projected.png","256","256","20240821_the other one\training_2_mCherry_center.tif","86"
"training_2_frame_087","Trans","result_pic\from_source_tifs\references\Trans\training_2_frame_087_Trans.png","256","256","20240821_the other one\training_2_Trans_center.tif","87"
"training_2_frame_087","GFP projected","result_pic\from_source_tifs\references\GFP_projected\training_2_frame_087_GFP_projected.png","256","256","20240821_the other one\training_2_GFP_center.tif","87"
"training_2_frame_087","mCherry projected","result_pic\from_source_tifs\references\mCherry_projected\training_2_frame_087_mCherry_projected.png","256","256","20240821_the other one\training_2_mCherry_center.tif","87"
"training_2_frame_088","Trans","result_pic\from_source_tifs\references\Trans\training_2_frame_088_Trans.png","256","256","20240821_the other one\training_2_Trans_center.tif","88"
"training_2_frame_088","GFP projected","result_pic\from_source_tifs\references\GFP_projected\training_2_frame_088_GFP_projected.png","256","256","20240821_the other one\training_2_GFP_center.tif","88"
"training_2_frame_088","mCherry projected","result_pic\from_source_tifs\references\mCherry_projected\training_2_frame_088_mCherry_projected.png","256","256","20240821_the other one\training_2_mCherry_center.tif","88"
"training_2_frame_089","Trans","result_pic\from_source_tifs\references\Trans\training_2_frame_089_Trans.png","256","256","20240821_the other one\training_2_Trans_center.tif","89"
"training_2_frame_089","GFP projected","result_pic\from_source_tifs\references\GFP_projected\training_2_frame_089_GFP_projected.png","256","256","20240821_the other one\training_2_GFP_center.tif","89"
"training_2_frame_089","mCherry projected","result_pic\from_source_tifs\references\mCherry_projected\training_2_frame_089_mCherry_projected.png","256","256","20240821_the other one\training_2_mCherry_center.tif","89"
"training_2_frame_090","Trans","result_pic\from_source_tifs\references\Trans\training_2_frame_090_Trans.png","256","256","20240821_the other one\training_2_Trans_center.tif","90"
"training_2_frame_090","GFP projected","result_pic\from_source_tifs\references\GFP_projected\training_2_frame_090_GFP_projected.png","256","256","20240821_the other one\training_2_GFP_center.tif","90"
"training_2_frame_090","mCherry projected","result_pic\from_source_tifs\references\mCherry_projected\training_2_frame_090_mCherry_projected.png","256","256","20240821_the other one\training_2_mCherry_center.tif","90"
"training_2_frame_091","Trans","result_pic\from_source_tifs\references\Trans\training_2_frame_091_Trans.png","256","256","20240821_the other one\training_2_Trans_center.tif","91"
"training_2_frame_091","GFP projected","result_pic\from_source_tifs\references\GFP_projected\training_2_frame_091_GFP_projected.png","256","256","20240821_the other one\training_2_GFP_center.tif","91"
"training_2_frame_091","mCherry projected","result_pic\from_source_tifs\references\mCherry_projected\training_2_frame_091_mCherry_projected.png","256","256","20240821_the other one\training_2_mCherry_center.tif","91"
"training_2_frame_092","Trans","result_pic\from_source_tifs\references\Trans\training_2_frame_092_Trans.png","256","256","20240821_the other one\training_2_Trans_center.tif","92"
"training_2_frame_092","GFP projected","result_pic\from_source_tifs\references\GFP_projected\training_2_frame_092_GFP_projected.png","256","256","20240821_the other one\training_2_GFP_center.tif","92"
"training_2_frame_092","mCherry projected","result_pic\from_source_tifs\references\mCherry_projected\training_2_frame_092_mCherry_projected.png","256","256","20240821_the other one\training_2_mCherry_center.tif","92"
"training_2_frame_093","Trans","result_pic\from_source_tifs\references\Trans\training_2_frame_093_Trans.png","256","256","20240821_the other one\training_2_Trans_center.tif","93"
"training_2_frame_093","GFP projected","result_pic\from_source_tifs\references\GFP_projected\training_2_frame_093_GFP_projected.png","256","256","20240821_the other one\training_2_GFP_center.tif","93"
"training_2_frame_093","mCherry projected","result_pic\from_source_tifs\references\mCherry_projected\training_2_frame_093_mCherry_projected.png","256","256","20240821_the other one\training_2_mCherry_center.tif","93"
"training_2_frame_094","Trans","result_pic\from_source_tifs\references\Trans\training_2_frame_094_Trans.png","256","256","20240821_the other one\training_2_Trans_center.tif","94"
"training_2_frame_094","GFP projected","result_pic\from_source_tifs\references\GFP_projected\training_2_frame_094_GFP_projected.png","256","256","20240821_the other one\training_2_GFP_center.tif","94"
"training_2_frame_094","mCherry projected","result_pic\from_source_tifs\references\mCherry_projected\training_2_frame_094_mCherry_projected.png","256","256","20240821_the other one\training_2_mCherry_center.tif","94"
"training_2_frame_095","Trans","result_pic\from_source_tifs\references\Trans\training_2_frame_095_Trans.png","256","256","20240821_the other one\training_2_Trans_center.tif","95"
"training_2_frame_095","GFP projected","result_pic\from_source_tifs\references\GFP_projected\training_2_frame_095_GFP_projected.png","256","256","20240821_the other one\training_2_GFP_center.tif","95"
"training_2_frame_095","mCherry projected","result_pic\from_source_tifs\references\mCherry_projected\training_2_frame_095_mCherry_projected.png","256","256","20240821_the other one\training_2_mCherry_center.tif","95"
"training_2_frame_096","Trans","result_pic\from_source_tifs\references\Trans\training_2_frame_096_Trans.png","256","256","20240821_the other one\training_2_Trans_center.tif","96"
"training_2_frame_096","GFP projected","result_pic\from_source_tifs\references\GFP_projected\training_2_frame_096_GFP_projected.png","256","256","20240821_the other one\training_2_GFP_center.tif","96"
"training_2_frame_096","mCherry projected","result_pic\from_source_tifs\references\mCherry_projected\training_2_frame_096_mCherry_projected.png","256","256","20240821_the other one\training_2_mCherry_center.tif","96"
"training_2_frame_097","Trans","result_pic\from_source_tifs\references\Trans\training_2_frame_097_Trans.png","256","256","20240821_the other one\training_2_Trans_center.tif","97"
"training_2_frame_097","GFP projected","result_pic\from_source_tifs\references\GFP_projected\training_2_frame_097_GFP_projected.png","256","256","20240821_the other one\training_2_GFP_center.tif","97"
"training_2_frame_097","mCherry projected","result_pic\from_source_tifs\references\mCherry_projected\training_2_frame_097_mCherry_projected.png","256","256","20240821_the other one\training_2_mCherry_center.tif","97"
"training_2_frame_098","Trans","result_pic\from_source_tifs\references\Trans\training_2_frame_098_Trans.png","256","256","20240821_the other one\training_2_Trans_center.tif","98"
"training_2_frame_098","GFP projected","result_pic\from_source_tifs\references\GFP_projected\training_2_frame_098_GFP_projected.png","256","256","20240821_the other one\training_2_GFP_center.tif","98"
"training_2_frame_098","mCherry projected","result_pic\from_source_tifs\references\mCherry_projected\training_2_frame_098_mCherry_projected.png","256","256","20240821_the other one\training_2_mCherry_center.tif","98"
"training_2_frame_099","Trans","result_pic\from_source_tifs\references\Trans\training_2_frame_099_Trans.png","256","256","20240821_the other one\training_2_Trans_center.tif","99"
"training_2_frame_099","GFP projected","result_pic\from_source_tifs\references\GFP_projected\training_2_frame_099_GFP_projected.png","256","256","20240821_the other one\training_2_GFP_center.tif","99"
"training_2_frame_099","mCherry projected","result_pic\from_source_tifs\references\mCherry_projected\training_2_frame_099_mCherry_projected.png","256","256","20240821_the other one\training_2_mCherry_center.tif","99"
"training_2_frame_100","Trans","result_pic\from_source_tifs\references\Trans\training_2_frame_100_Trans.png","256","256","20240821_the other one\training_2_Trans_center.tif","100"
"training_2_frame_100","GFP projected","result_pic\from_source_tifs\references\GFP_projected\training_2_frame_100_GFP_projected.png","256","256","20240821_the other one\training_2_GFP_center.tif","100"
"training_2_frame_100","mCherry projected","result_pic\from_source_tifs\references\mCherry_projected\training_2_frame_100_mCherry_projected.png","256","256","20240821_the other one\training_2_mCherry_center.tif","100"
"training_2_frame_101","Trans","result_pic\from_source_tifs\references\Trans\training_2_frame_101_Trans.png","256","256","20240821_the other one\training_2_Trans_center.tif","101"
"training_2_frame_101","GFP projected","result_pic\from_source_tifs\references\GFP_projected\training_2_frame_101_GFP_projected.png","256","256","20240821_the other one\training_2_GFP_center.tif","101"
"training_2_frame_101","mCherry projected","result_pic\from_source_tifs\references\mCherry_projected\training_2_frame_101_mCherry_projected.png","256","256","20240821_the other one\training_2_mCherry_center.tif","101"
"training_2_frame_102","Trans","result_pic\from_source_tifs\references\Trans\training_2_frame_102_Trans.png","256","256","20240821_the other one\training_2_Trans_center.tif","102"
"training_2_frame_102","GFP projected","result_pic\from_source_tifs\references\GFP_projected\training_2_frame_102_GFP_projected.png","256","256","20240821_the other one\training_2_GFP_center.tif","102"
"training_2_frame_102","mCherry projected","result_pic\from_source_tifs\references\mCherry_projected\training_2_frame_102_mCherry_projected.png","256","256","20240821_the other one\training_2_mCherry_center.tif","102"
"training_2_frame_103","Trans","result_pic\from_source_tifs\references\Trans\training_2_frame_103_Trans.png","256","256","20240821_the other one\training_2_Trans_center.tif","103"
"training_2_frame_103","GFP projected","result_pic\from_source_tifs\references\GFP_projected\training_2_frame_103_GFP_projected.png","256","256","20240821_the other one\training_2_GFP_center.tif","103"
"training_2_frame_103","mCherry projected","result_pic\from_source_tifs\references\mCherry_projected\training_2_frame_103_mCherry_projected.png","256","256","20240821_the other one\training_2_mCherry_center.tif","103"
"training_2_frame_104","Trans","result_pic\from_source_tifs\references\Trans\training_2_frame_104_Trans.png","256","256","20240821_the other one\training_2_Trans_center.tif","104"
"training_2_frame_104","GFP projected","result_pic\from_source_tifs\references\GFP_projected\training_2_frame_104_GFP_projected.png","256","256","20240821_the other one\training_2_GFP_center.tif","104"
"training_2_frame_104","mCherry projected","result_pic\from_source_tifs\references\mCherry_projected\training_2_frame_104_mCherry_projected.png","256","256","20240821_the other one\training_2_mCherry_center.tif","104"
"training_2_frame_105","Trans","result_pic\from_source_tifs\references\Trans\training_2_frame_105_Trans.png","256","256","20240821_the other one\training_2_Trans_center.tif","105"
"training_2_frame_105","GFP projected","result_pic\from_source_tifs\references\GFP_projected\training_2_frame_105_GFP_projected.png","256","256","20240821_the other one\training_2_GFP_center.tif","105"
"training_2_frame_105","mCherry projected","result_pic\from_source_tifs\references\mCherry_projected\training_2_frame_105_mCherry_projected.png","256","256","20240821_the other one\training_2_mCherry_center.tif","105"
"training_2_frame_106","Trans","result_pic\from_source_tifs\references\Trans\training_2_frame_106_Trans.png","256","256","20240821_the other one\training_2_Trans_center.tif","106"
"training_2_frame_106","GFP projected","result_pic\from_source_tifs\references\GFP_projected\training_2_frame_106_GFP_projected.png","256","256","20240821_the other one\training_2_GFP_center.tif","106"
"training_2_frame_106","mCherry projected","result_pic\from_source_tifs\references\mCherry_projected\training_2_frame_106_mCherry_projected.png","256","256","20240821_the other one\training_2_mCherry_center.tif","106"
"training_2_frame_107","Trans","result_pic\from_source_tifs\references\Trans\training_2_frame_107_Trans.png","256","256","20240821_the other one\training_2_Trans_center.tif","107"
"training_2_frame_107","GFP projected","result_pic\from_source_tifs\references\GFP_projected\training_2_frame_107_GFP_projected.png","256","256","20240821_the other one\training_2_GFP_center.tif","107"
"training_2_frame_107","mCherry projected","result_pic\from_source_tifs\references\mCherry_projected\training_2_frame_107_mCherry_projected.png","256","256","20240821_the other one\training_2_mCherry_center.tif","107"
"training_2_frame_108","Trans","result_pic\from_source_tifs\references\Trans\training_2_frame_108_Trans.png","256","256","20240821_the other one\training_2_Trans_center.tif","108"
"training_2_frame_108","GFP projected","result_pic\from_source_tifs\references\GFP_projected\training_2_frame_108_GFP_projected.png","256","256","20240821_the other one\training_2_GFP_center.tif","108"
"training_2_frame_108","mCherry projected","result_pic\from_source_tifs\references\mCherry_projected\training_2_frame_108_mCherry_projected.png","256","256","20240821_the other one\training_2_mCherry_center.tif","108"
"training_2_frame_109","Trans","result_pic\from_source_tifs\references\Trans\training_2_frame_109_Trans.png","256","256","20240821_the other one\training_2_Trans_center.tif","109"
"training_2_frame_109","GFP projected","result_pic\from_source_tifs\references\GFP_projected\training_2_frame_109_GFP_projected.png","256","256","20240821_the other one\training_2_GFP_center.tif","109"
"training_2_frame_109","mCherry projected","result_pic\from_source_tifs\references\mCherry_projected\training_2_frame_109_mCherry_projected.png","256","256","20240821_the other one\training_2_mCherry_center.tif","109"
"training_2_frame_110","Trans","result_pic\from_source_tifs\references\Trans\training_2_frame_110_Trans.png","256","256","20240821_the other one\training_2_Trans_center.tif","110"
"training_2_frame_110","GFP projected","result_pic\from_source_tifs\references\GFP_projected\training_2_frame_110_GFP_projected.png","256","256","20240821_the other one\training_2_GFP_center.tif","110"
"training_2_frame_110","mCherry projected","result_pic\from_source_tifs\references\mCherry_projected\training_2_frame_110_mCherry_projected.png","256","256","20240821_the other one\training_2_mCherry_center.tif","110"
"training_2_frame_111","Trans","result_pic\from_source_tifs\references\Trans\training_2_frame_111_Trans.png","256","256","20240821_the other one\training_2_Trans_center.tif","111"
"training_2_frame_111","GFP projected","result_pic\from_source_tifs\references\GFP_projected\training_2_frame_111_GFP_projected.png","256","256","20240821_the other one\training_2_GFP_center.tif","111"
"training_2_frame_111","mCherry projected","result_pic\from_source_tifs\references\mCherry_projected\training_2_frame_111_mCherry_projected.png","256","256","20240821_the other one\training_2_mCherry_center.tif","111"
"training_2_frame_112","Trans","result_pic\from_source_tifs\references\Trans\training_2_frame_112_Trans.png","256","256","20240821_the other one\training_2_Trans_center.tif","112"
"training_2_frame_112","GFP projected","result_pic\from_source_tifs\references\GFP_projected\training_2_frame_112_GFP_projected.png","256","256","20240821_the other one\training_2_GFP_center.tif","112"
"training_2_frame_112","mCherry projected","result_pic\from_source_tifs\references\mCherry_projected\training_2_frame_112_mCherry_projected.png","256","256","20240821_the other one\training_2_mCherry_center.tif","112"
"training_2_frame_113","Trans","result_pic\from_source_tifs\references\Trans\training_2_frame_113_Trans.png","256","256","20240821_the other one\training_2_Trans_center.tif","113"
"training_2_frame_113","GFP projected","result_pic\from_source_tifs\references\GFP_projected\training_2_frame_113_GFP_projected.png","256","256","20240821_the other one\training_2_GFP_center.tif","113"
"training_2_frame_113","mCherry projected","result_pic\from_source_tifs\references\mCherry_projected\training_2_frame_113_mCherry_projected.png","256","256","20240821_the other one\training_2_mCherry_center.tif","113"
"training_2_frame_114","Trans","result_pic\from_source_tifs\references\Trans\training_2_frame_114_Trans.png","256","256","20240821_the other one\training_2_Trans_center.tif","114"
"training_2_frame_114","GFP projected","result_pic\from_source_tifs\references\GFP_projected\training_2_frame_114_GFP_projected.png","256","256","20240821_the other one\training_2_GFP_center.tif","114"
"training_2_frame_114","mCherry projected","result_pic\from_source_tifs\references\mCherry_projected\training_2_frame_114_mCherry_projected.png","256","256","20240821_the other one\training_2_mCherry_center.tif","114"
"training_2_frame_115","Trans","result_pic\from_source_tifs\references\Trans\training_2_frame_115_Trans.png","256","256","20240821_the other one\training_2_Trans_center.tif","115"
"training_2_frame_115","GFP projected","result_pic\from_source_tifs\references\GFP_projected\training_2_frame_115_GFP_projected.png","256","256","20240821_the other one\training_2_GFP_center.tif","115"
"training_2_frame_115","mCherry projected","result_pic\from_source_tifs\references\mCherry_projected\training_2_frame_115_mCherry_projected.png","256","256","20240821_the other one\training_2_mCherry_center.tif","115"
