image_id,condition,budneck_idx,nucleus_1_idx,nucleus_2_idx,nucleus_distance,bud_to_nucleus_1,bud_to_nucleus_2,bud_to_nearest_nucleus,bud_to_farthest_nucleus,projection_t,between_nuclei,perpendicular_distance,normalized_perpendicular_distance,midpoint_distance,midpoint_offset_parallel,line_deviation_deg,nucleus_1_x,nucleus_1_y,nucleus_2_x,nucleus_2_y,bud_x,bud_y
45min_after_washout_frame_000,45min_after_washout,3,0,1,28.338,19.041,24.664,19.041,24.664,0.347,True,16.306,0.575,16.872,4.336,100.294,145.98,74.098,133.258,99.419,126.996,75.564
45min_after_washout_frame_001,45min_after_washout,7,7,6,31.338,16.059,16.792,16.059,16.792,0.488,True,4.927,0.157,4.942,0.384,34.928,216.96,249.84,232.875,222.844,220.478,234.171
45min_after_washout_frame_001,45min_after_washout,0,1,0,23.07,15.607,21.303,15.607,21.303,0.302,True,13.96,0.605,14.685,4.556,104.384,240.469,40.031,217.562,37.287,235.2,25.34
45min_after_washout_frame_002,45min_after_washout,0,1,0,25.343,20.684,28.651,20.684,28.651,0.194,True,20.091,0.793,21.536,7.755,120.775,96.706,63.873,121.386,58.114,96.929,43.19
45min_after_washout_frame_002,45min_after_washout,4,2,3,22.951,16.432,24.305,16.432,24.305,0.196,True,15.807,0.689,17.283,6.987,114.717,143.343,83.686,125.744,98.419,150.048,98.689
45min_after_washout_frame_003,45min_after_washout,1,0,1,44.821,23.555,25.589,23.555,25.589,0.475,True,10.067,0.225,10.129,1.115,48.47,212.074,3.235,169.932,18.5,195.48,19.953
45min_after_washout_frame_003,45min_after_washout,5,6,7,22.386,14.668,36.715,14.668,36.715,-0.63,False,4.01,0.179,25.618,25.303,170.404,132.355,124.452,110.121,127.061,145.901,118.824
45min_after_washout_frame_003,45min_after_washout,7,8,9,19.268,15.084,31.548,15.084,31.548,-0.534,False,11.03,0.572,22.773,19.923,153.473,119.069,181.345,102.824,191.706,121.812,166.512
45min_after_washout_frame_004,45min_after_washout,7,3,1,36.387,13.527,27.504,13.527,27.504,0.283,True,8.753,0.241,11.778,7.881,58.88,171.778,124.556,136.311,116.422,159.769,130.782
45min_after_washout_frame_005,45min_after_washout,3,3,4,26.858,11.142,17.11,11.142,17.11,0.383,True,4.272,0.159,5.301,3.139,37.007,118.214,81.071,142.784,91.919,129.353,81.319
45min_after_washout_frame_005,45min_after_washout,7,5,6,32.166,18.801,22.66,18.801,22.66,0.423,True,12.985,0.404,13.221,2.487,78.646,140.261,127.225,108.742,133.645,129.53,142.663
45min_after_washout_frame_005,45min_after_washout,2,2,0,30.599,16.116,33.774,16.116,33.774,0.03,True,16.091,0.526,21.59,14.395,115.234,150.618,69.629,154.436,39.269,166.696,70.739
45min_after_washout_frame_006,45min_after_washout,4,6,7,42.487,17.884,27.324,17.884,27.324,0.382,True,7.531,0.177,9.052,5.022,40.904,228.6,145.6,186.432,150.795,211.58,140.109
45min_after_washout_frame_006,45min_after_washout,3,5,4,37.681,22.129,22.438,22.129,22.438,0.495,True,11.899,0.316,11.9,0.183,64.555,165.7,134.6,132.017,117.711,143.689,136.874
45min_after_washout_frame_006,45min_after_washout,1,0,2,33.916,15.074,31.927,15.074,31.927,0.156,True,14.119,0.416,18.323,11.678,95.742,87.424,61.353,96.347,94.074,75.191,70.162
45min_after_washout_frame_007,45min_after_washout,4,4,6,42.047,18.303,28.408,18.303,28.408,0.367,True,9.875,0.235,11.358,5.613,52.992,147.581,129.897,106.0,136.136,130.876,122.419
45min_after_washout_frame_007,45min_after_washout,2,0,5,43.415,18.38,27.223,18.38,27.223,0.393,True,6.831,0.157,8.26,4.644,36.352,50.387,90.29,56.437,133.282,59.529,106.235
45min_after_washout_frame_007,45min_after_washout,1,3,1,41.989,13.585,33.08,13.585,33.08,0.242,True,9.017,0.215,14.095,10.833,57.406,198.765,111.2,159.887,95.34,192.762,99.012
45min_after_washout_frame_008,45min_after_washout,3,5,3,33.006,17.147,18.635,17.147,18.635,0.476,True,6.902,0.209,6.949,0.806,45.476,201.87,178.522,176.892,156.946,194.503,163.037
45min_after_washout_frame_008,45min_after_washout,2,2,4,39.201,14.777,33.321,14.777,33.321,0.21,True,12.277,0.313,16.738,11.376,77.804,136.573,138.899,156.022,172.935,129.993,152.131
45min_after_washout_frame_009,45min_after_washout,1,2,0,24.045,13.913,25.015,13.913,25.015,0.126,True,13.578,0.565,16.283,8.987,110.272,159.565,68.391,141.683,52.317,166.385,56.264
45min_after_washout_frame_009,45min_after_washout,7,6,5,35.182,15.148,21.493,15.148,21.493,0.406,True,5.034,0.143,6.022,3.304,32.958,112.065,198.39,95.939,167.121,101.042,188.0
45min_after_washout_frame_009,45min_after_washout,6,4,3,39.181,18.972,20.532,18.972,20.532,0.48,True,2.518,0.064,2.638,0.786,14.669,172.023,114.744,132.917,112.333,153.1,116.1
45min_after_washout_frame_010,45min_after_washout,7,4,3,29.111,14.731,22.77,14.731,22.77,0.322,True,11.361,0.39,12.486,5.178,80.395,170.985,174.545,174.75,145.679,160.932,163.777
45min_after_washout_frame_011,45min_after_washout,3,3,2,23.271,18.337,20.582,18.337,20.582,0.419,True,15.524,0.667,15.638,1.877,106.812,147.784,120.307,128.091,107.909,147.797,101.97
45min_after_washout_frame_011,45min_after_washout,1,1,0,25.655,18.569,20.634,18.569,20.634,0.439,True,14.773,0.576,14.857,1.578,98.434,113.766,76.503,138.654,70.279,121.095,59.442
45min_after_washout_frame_011,45min_after_washout,5,5,4,28.342,16.221,36.235,16.221,36.235,-0.154,False,15.626,0.551,24.233,18.522,131.105,116.982,160.526,117.07,132.184,101.343,164.829
45min_after_washout_frame_012,45min_after_washout,1,0,2,26.351,16.687,19.513,16.687,19.513,0.426,True,12.339,0.468,12.491,1.941,86.906,103.604,56.594,79.2,66.533,88.545,49.404
45min_after_washout_frame_012,45min_after_washout,5,6,5,24.825,13.558,30.916,13.558,30.916,-0.126,False,13.19,0.531,20.39,15.549,128.631,103.25,133.781,83.226,119.108,97.984,146.274
45min_after_washout_frame_013,45min_after_washout,13,6,4,50.35,17.718,33.665,17.718,33.665,0.338,True,4.86,0.097,9.478,8.137,24.223,139.299,148.597,116.833,103.537,136.046,131.181
45min_after_washout_frame_013,45min_after_washout,4,3,1,33.072,13.979,21.295,13.979,21.295,0.382,True,5.982,0.181,7.142,3.901,41.652,158.191,90.529,127.368,78.544,148.583,80.375
45min_after_washout_frame_014,45min_after_washout,3,3,2,23.379,23.082,23.151,23.082,23.151,0.497,True,19.943,0.853,19.943,0.067,119.248,122.294,119.412,98.933,120.313,111.45,139.788
45min_after_washout_frame_014,45min_after_washout,0,0,1,46.365,17.633,32.254,17.633,32.254,0.33,True,8.735,0.188,11.755,7.866,45.41,127.24,55.519,171.21,70.23,138.994,68.663
45min_after_washout_frame_015,45min_after_washout,1,3,1,39.099,19.277,19.893,19.277,19.893,0.492,True,1.18,0.03,1.22,0.309,6.911,155.194,147.935,139.405,112.167,146.344,130.81
45min_after_washout_frame_015,45min_after_washout,3,4,8,29.872,14.833,26.722,14.833,26.722,0.223,True,13.25,0.444,15.619,8.27,93.018,86.316,156.031,93.148,185.111,100.74,159.49
45min_after_washout_frame_015,45min_after_washout,5,6,7,23.34,9.372,18.406,9.372,18.406,0.27,True,6.944,0.298,8.782,5.376,69.975,194.556,176.611,171.529,180.424,187.212,170.788
45min_after_washout_frame_016,45min_after_washout,5,5,4,26.11,22.202,33.669,22.202,33.669,0.03,True,22.188,0.85,25.354,12.269,129.196,126.186,132.558,121.736,106.83,104.188,135.565
45min_after_washout_frame_016,45min_after_washout,1,1,0,27.448,15.814,19.357,15.814,19.357,0.417,True,10.903,0.397,11.137,2.27,77.871,39.557,9.409,13.7,0.2,25.109,15.837
45min_after_washout_frame_017,45min_after_washout,5,4,6,37.112,20.483,21.724,20.483,21.724,0.481,True,10.047,0.271,10.072,0.706,56.919,42.518,130.783,68.533,157.25,62.196,136.471
45min_after_washout_frame_017,45min_after_washout,1,1,3,36.482,13.713,34.407,13.713,34.407,0.126,True,12.921,0.354,18.794,13.647,92.487,152.683,73.984,156.406,110.275,140.298,79.872
45min_after_washout_frame_017,45min_after_washout,6,8,5,37.15,17.745,22.349,17.745,22.349,0.433,True,7.482,0.201,7.883,2.485,44.495,160.29,161.0,133.056,135.732,153.583,144.571
45min_after_washout_frame_018,45min_after_washout,6,4,6,36.235,17.845,31.525,17.845,31.525,0.243,True,15.525,0.428,18.107,9.319,89.962,118.25,88.333,133.871,121.029,108.035,102.965
45min_after_washout_frame_018,45min_after_washout,2,2,1,39.703,19.056,25.787,19.056,25.787,0.404,True,10.272,0.259,10.952,3.801,56.091,90.988,73.481,118.267,44.633,94.552,54.762
45min_after_washout_frame_018,45min_after_washout,9,9,8,27.772,15.11,27.313,15.11,27.313,0.164,True,14.404,0.519,17.156,9.32,104.24,129.769,149.138,156.722,142.444,137.672,162.017
45min_after_washout_frame_018,45min_after_washout,4,5,3,29.004,14.122,15.265,14.122,15.265,0.48,True,2.363,0.081,2.433,0.579,18.536,60.301,103.521,69.053,75.868,66.755,90.959
45min_after_washout_frame_019,45min_after_washout,1,2,3,44.904,24.568,31.549,24.568,31.549,0.403,True,16.623,0.37,17.186,4.362,74.378,152.416,81.517,117.611,109.889,148.898,105.832
45min_after_washout_frame_019,45min_after_washout,3,5,6,31.357,16.389,20.13,16.389,20.13,0.431,True,9.292,0.296,9.544,2.178,62.029,43.633,174.2,68.194,193.694,59.984,175.315
45min_after_washout_frame_019,45min_after_washout,0,0,1,35.291,9.592,25.699,9.592,25.699,0.272,True,0.117,0.003,8.055,8.054,0.963,138.182,39.909,121.706,71.118,133.6,48.336
45min_after_washout_frame_019,45min_after_washout,5,8,7,26.886,12.479,17.994,12.479,17.994,0.384,True,7.021,0.261,7.685,3.126,57.198,147.835,239.541,124.083,226.944,142.01,228.505
60min_after_washout_frame_000,60min_after_washout,8,5,6,41.31,20.151,21.491,20.151,21.491,0.484,True,2.624,0.064,2.709,0.675,14.494,122.855,144.913,83.464,157.357,103.013,148.43
60min_after_washout_frame_000,60min_after_washout,4,2,4,40.373,14.027,29.962,14.027,29.962,0.285,True,8.023,0.199,11.821,8.681,50.423,105.515,78.524,97.788,118.15,95.438,88.281
60min_after_washout_frame_000,60min_after_washout,2,1,3,30.146,15.603,32.206,15.603,32.206,0.063,True,15.486,0.514,20.326,13.166,111.719,151.393,50.2,143.0,79.154,165.735,56.343
60min_after_washout_frame_001,60min_after_washout,9,11,8,42.932,15.617,32.415,15.617,32.415,0.281,True,9.91,0.231,13.656,9.397,57.189,50.236,164.782,78.625,132.575,50.783,149.175
60min_after_washout_frame_001,60min_after_washout,1,0,1,39.76,16.059,23.737,16.059,23.737,0.403,True,0.821,0.021,3.929,3.842,4.911,136.887,51.736,97.885,59.462,121.314,55.657
60min_after_washout_frame_001,60min_after_washout,7,10,4,45.22,18.642,26.599,18.642,26.599,0.412,True,0.668,0.015,4.036,3.98,3.491,176.025,147.875,184.026,103.368,179.979,129.657
60min_after_washout_frame_001,60min_after_washout,11,12,9,42.35,19.113,26.466,19.113,26.466,0.407,True,8.297,0.196,9.192,3.957,43.998,134.535,171.279,99.867,146.956,125.205,154.598
60min_after_washout_frame_001,60min_after_washout,8,7,6,29.525,25.634,28.971,25.634,28.971,0.396,True,22.82,0.773,23.028,3.085,114.871,112.9,130.15,90.333,111.111,89.259,140.062
60min_after_washout_frame_001,60min_after_washout,2,2,3,26.106,13.831,29.429,13.831,29.429,0.005,True,13.83,0.53,18.929,12.924,117.495,135.526,78.868,138.484,104.806,121.8,80.564
60min_after_washout_frame_002,60min_after_washout,11,6,4,36.707,21.27,26.484,21.27,26.484,0.408,True,15.117,0.412,15.493,3.391,80.103,133.373,165.706,121.053,131.128,114.11,156.685
60min_after_washout_frame_002,60min_after_washout,0,1,0,22.577,15.125,17.974,15.125,17.974,0.408,True,12.005,0.532,12.185,2.088,94.441,149.069,71.724,129.812,59.938,147.489,56.681
60min_after_washout_frame_002,60min_after_washout,12,7,8,37.921,15.103,28.353,15.103,28.353,0.3,True,9.944,0.262,12.51,7.592,61.705,221.904,202.692,253.688,223.375,236.856,200.559
60min_after_washout_frame_002,60min_after_washout,9,3,2,34.617,10.18,24.61,10.18,24.61,0.291,True,1.573,0.045,7.42,7.251,12.553,82.81,119.381,115.98,109.48,92.897,118.011
60min_after_washout_frame_002,60min_after_washout,13,9,10,34.512,13.676,21.723,13.676,21.723,0.38,True,3.828,0.111,5.629,4.127,26.402,200.951,235.634,232.338,249.986,211.3,244.575
60min_after_washout_frame_003,60min_after_washout,5,7,8,43.261,17.254,26.011,17.254,26.011,0.399,True,0.286,0.007,4.388,4.379,1.581,106.2,86.775,149.452,87.677,123.454,86.849
60min_after_washout_frame_003,60min_after_washout,4,6,5,45.627,18.812,26.819,18.812,26.819,0.412,True,0.283,0.006,4.014,4.004,1.465,159.481,60.333,113.857,60.786,140.67,60.237
60min_after_washout_frame_003,60min_after_washout,1,0,2,24.262,13.631,35.079,13.631,35.079,-0.387,False,9.872,0.407,23.685,21.53,149.939,144.883,13.831,121.029,18.265,155.928,21.819
60min_after_washout_frame_003,60min_after_washout,0,1,3,22.002,10.742,21.398,10.742,21.398,0.146,True,10.249,0.466,12.869,7.784,101.189,216.387,18.013,235.083,29.611,224.523,11.0
60min_after_washout_frame_004,60min_after_washout,6,11,10,3.984,11.546,12.951,11.546,12.951,-0.584,False,11.308,2.839,12.105,4.32,162.466,135.875,133.25,132.143,131.857,142.01,123.469
60min_after_washout_frame_004,60min_after_washout,0,0,3,26.427,12.618,36.191,12.618,36.191,-0.324,False,9.274,0.351,23.662,21.769,147.539,147.558,61.0,137.733,85.533,159.348,56.506
60min_after_washout_frame_004,60min_after_washout,8,7,6,27.525,14.637,35.227,14.637,35.227,-0.178,False,13.796,0.501,23.199,18.651,132.567,104.533,116.4,128.042,102.083,107.534,130.726
60min_after_washout_frame_004,60min_after_washout,3,5,1,28.261,13.185,31.424,13.185,31.424,-0.009,False,13.182,0.466,19.519,14.394,115.949,76.458,101.333,86.717,75.0,64.079,96.794
60min_after_washout_frame_004,60min_after_washout,4,8,4,24.364,11.214,13.404,11.214,13.404,0.455,True,1.755,0.072,2.075,1.106,16.529,171.042,115.083,187.767,97.367,177.368,105.825
60min_after_washout_frame_005,60min_after_washout,1,6,3,49.935,24.962,25.331,24.962,25.331,0.496,True,2.993,0.06,2.999,0.185,13.672,184.949,130.346,222.241,97.138,201.466,111.63
60min_after_washout_frame_005,60min_after_washout,0,0,1,33.185,15.466,18.156,15.466,18.156,0.459,True,2.691,0.081,3.017,1.363,18.546,95.787,71.093,70.457,92.533,85.901,82.987
60min_after_washout_frame_005,60min_after_washout,3,4,5,26.682,13.25,13.434,13.25,13.434,0.497,True,0.173,0.006,0.196,0.092,1.485,109.207,102.966,97.341,126.864,103.47,114.909
60min_after_washout_frame_006,60min_after_washout,1,2,0,48.001,23.221,29.732,23.221,29.732,0.425,True,11.076,0.231,11.644,3.591,50.361,87.627,103.582,130.333,81.667,110.842,104.118
60min_after_washout_frame_006,60min_after_washout,4,4,8,43.228,15.898,27.337,15.898,27.337,0.368,True,0.394,0.009,5.734,5.72,2.247,162.576,147.793,167.938,190.688,164.938,163.515
60min_after_washout_frame_006,60min_after_washout,3,3,5,36.001,15.426,20.591,15.426,20.591,0.428,True,0.537,0.015,2.639,2.584,3.487,129.923,134.731,104.857,160.571,118.804,145.423
60min_after_washout_frame_006,60min_after_washout,7,9,7,30.222,11.18,37.554,11.18,37.554,-0.204,False,9.334,0.309,23.223,21.265,137.789,136.485,210.091,121.825,183.663,131.308,220.0
60min_after_washout_frame_007,60min_after_washout,0,0,1,14.019,17.263,22.066,17.263,22.066,0.019,True,17.261,1.231,18.529,6.737,140.562,102.143,52.071,88.52,55.38,105.952,68.909
60min_after_washout_frame_007,60min_after_washout,10,14,15,37.585,22.649,26.94,22.649,26.94,0.425,True,16.069,0.428,16.316,2.83,81.807,216.9,178.6,184.708,198.0,211.522,200.602
60min_after_washout_frame_007,60min_after_washout,8,11,7,26.522,20.281,28.988,20.281,28.988,0.195,True,19.61,0.739,21.212,8.087,117.791,128.13,151.957,146.22,132.561,146.0,161.548
60min_after_washout_frame_007,60min_after_washout,1,3,2,25.181,12.978,25.505,12.978,25.505,0.12,True,12.622,0.501,15.842,9.573,106.217,61.692,113.923,55.479,89.521,73.179,107.885
60min_after_washout_frame_007,60min_after_washout,2,6,10,42.12,15.776,36.441,15.776,36.441,0.196,True,13.446,0.319,18.571,12.809,80.12,94.571,126.643,54.697,140.212,82.429,116.571
60min_after_washout_frame_007,60min_after_washout,9,13,12,29.568,17.537,31.404,17.537,31.404,0.112,True,17.222,0.582,20.696,11.476,112.387,170.824,176.882,189.875,154.271,186.125,185.45
60min_after_washout_frame_007,60min_after_washout,4,4,9,21.573,24.012,30.134,24.012,30.134,0.144,True,23.811,1.104,25.019,7.683,134.773,26.2,116.82,25.677,138.387,49.929,120.5
60min_after_washout_frame_007,60min_after_washout,7,8,5,31.329,9.156,30.835,9.156,30.835,0.058,True,8.972,0.286,16.49,13.836,95.394,171.077,137.692,197.619,121.048,177.393,144.321
60min_after_washout_frame_008,60min_after_washout,8,8,7,23.454,18.616,23.058,18.616,23.058,0.332,True,16.912,0.721,17.366,3.946,112.469,111.909,104.939,134.9,100.3,122.881,119.978
60min_after_washout_frame_008,60min_after_washout,10,13,12,23.938,15.254,16.753,15.254,16.753,0.458,True,10.602,0.443,10.649,1.002,83.292,171.629,235.543,193.481,225.769,177.311,221.387
60min_after_washout_frame_008,60min_after_washout,2,4,2,45.631,24.902,27.046,24.902,27.046,0.473,True,12.4,0.272,12.46,1.221,57.153,61.8,74.046,85.087,34.804,62.157,49.147
60min_after_washout_frame_008,60min_after_washout,0,0,1,26.583,14.012,23.815,14.012,23.815,0.238,True,12.508,0.471,14.321,6.975,94.885,66.184,3.684,49.65,24.5,72.049,16.41
60min_after_washout_frame_008,60min_after_washout,3,5,6,26.927,11.569,27.05,11.569,27.05,0.088,True,11.325,0.421,15.859,11.102,102.971,106.25,73.205,132.034,80.966,111.776,63.041
60min_after_washout_frame_009,60min_after_washout,4,6,3,39.225,15.193,36.132,15.193,36.132,0.151,True,13.995,0.357,19.584,13.699,89.882,188.644,140.622,161.595,112.216,194.701,126.688
60min_after_washout_frame_009,60min_after_washout,3,5,1,48.113,18.654,29.466,18.654,29.466,0.388,True,0.417,0.009,5.423,5.407,2.09,69.653,124.98,88.159,80.568,77.211,107.925
60min_after_washout_frame_009,60min_after_washout,1,4,0,53.789,29.71,36.524,29.71,36.524,0.422,True,19.168,0.356,19.622,4.195,71.835,145.722,125.0,131.905,73.016,158.416,98.139
60min_after_washout_frame_009,60min_after_washout,6,7,8,33.293,15.162,18.293,15.162,18.293,0.453,True,1.64,0.049,2.272,1.573,11.353,55.441,143.588,88.455,147.891,70.6,143.91
60min_after_washout_frame_010,60min_after_washout,9,12,13,33.91,18.11,32.235,18.11,32.235,0.191,True,16.915,0.499,19.901,10.486,100.719,162.486,152.054,133.194,169.139,165.42,169.924
60min_after_washout_frame_010,60min_after_washout,7,11,7,37.189,17.792,19.516,17.792,19.516,0.477,True,1.485,0.04,1.719,0.865,9.153,98.441,145.765,94.13,108.826,94.911,128.327
60min_after_washout_frame_010,60min_after_washout,5,10,4,43.836,17.244,26.632,17.244,26.632,0.393,True,0.916,0.021,4.787,4.698,5.015,151.548,125.903,137.038,84.538,146.713,109.351
60min_after_washout_frame_010,60min_after_washout,6,9,8,39.856,17.928,22.06,17.928,22.06,0.448,True,1.613,0.04,2.626,2.072,9.356,13.792,126.094,52.615,117.077,30.82,120.483
60min_after_washout_frame_010,60min_after_washout,1,1,0,39.467,17.37,22.293,17.37,22.293,0.437,True,1.959,0.05,3.156,2.474,11.518,98.976,12.585,60.647,3.176,81.747,10.373
60min_after_washout_frame_010,60min_after_washout,3,3,5,37.838,15.268,22.596,15.268,22.596,0.403,True,0.685,0.018,3.73,3.667,4.306,220.667,75.778,184.045,85.295,206.077,80.277
60min_after_washout_frame_011,60min_after_washout,1,0,2,50.445,18.595,31.871,18.595,31.871,0.368,True,0.696,0.014,6.677,6.641,3.396,101.263,52.86,76.537,96.829,92.762,69.397
60min_after_washout_frame_011,60min_after_washout,6,3,8,30.866,13.673,17.615,13.673,17.615,0.435,True,2.543,0.082,3.234,1.998,19.021,167.946,103.405,160.0,133.231,162.03,115.733
60min_after_washout_frame_011,60min_after_washout,7,7,6,29.91,16.282,23.423,16.282,23.423,0.342,True,12.679,0.424,13.536,4.74,83.917,116.269,135.91,88.54,124.7,111.551,120.327
60min_after_washout_frame_011,60min_after_washout,12,11,10,25.031,12.821,29.071,12.821,29.071,-0.043,False,12.775,0.51,18.658,13.598,120.913,140.164,170.656,115.429,166.821,139.277,183.446
60min_after_washout_frame_011,60min_after_washout,4,4,1,29.415,9.842,20.238,9.842,20.238,0.319,True,2.941,0.1,6.075,5.315,25.746,147.056,104.056,142.015,75.076,142.548,95.306
60min_after_washout_frame_012,60min_after_washout,4,3,7,42.43,17.772,25.966,17.772,25.966,0.4,True,5.209,0.123,6.706,4.223,28.617,101.776,107.552,119.453,146.125,113.591,120.829
60min_after_washout_frame_012,60min_after_washout,5,6,4,23.843,20.256,27.479,20.256,27.479,0.197,True,19.705,0.826,20.99,7.23,122.425,178.821,133.872,165.192,114.308,159.97,141.286
60min_after_washout_frame_012,60min_after_washout,0,0,1,19.85,12.488,32.156,12.488,32.156,-0.614,False,2.704,0.136,22.281,22.116,172.317,64.581,68.442,63.477,88.262,67.96,56.42
60min_after_washout_frame_013,60min_after_washout,5,5,8,34.392,22.179,23.776,22.179,23.776,0.469,True,15.224,0.443,15.261,1.067,83.162,142.846,126.077,133.931,159.293,153.369,145.601
60min_after_washout_frame_013,60min_after_washout,0,0,2,29.682,21.077,25.171,21.077,25.171,0.393,True,17.563,0.592,17.851,3.19,100.688,42.767,78.932,45.931,108.444,61.472,88.644
60min_after_washout_frame_013,60min_after_washout,2,6,1,26.27,19.973,23.085,19.973,23.085,0.403,True,16.938,0.645,17.129,2.55,105.196,83.218,131.164,85.043,104.957,67.057,119.428
60min_after_washout_frame_013,60min_after_washout,4,3,7,22.723,12.113,13.689,12.113,13.689,0.461,True,6.096,0.268,6.161,0.895,56.66,120.655,111.655,127.826,133.217,118.174,123.511
60min_after_washout_frame_014,60min_after_washout,0,1,2,20.014,20.461,28.444,20.461,28.444,0.013,True,20.459,1.022,22.665,9.753,135.284,59.175,49.925,62.708,69.625,39.082,53.787
60min_after_washout_frame_014,60min_after_washout,5,6,5,42.916,16.925,26.062,16.925,26.062,0.393,True,1.207,0.028,4.733,4.576,6.745,23.895,102.018,66.375,95.917,40.777,100.812
60min_after_washout_frame_014,60min_after_washout,7,10,11,38.29,18.439,20.02,18.439,20.02,0.479,True,1.799,0.047,1.966,0.794,10.752,142.105,137.842,103.935,140.87,123.67,137.5
60min_after_washout_frame_014,60min_after_washout,4,7,4,48.71,18.435,30.707,18.435,30.707,0.373,True,3.148,0.065,6.945,6.19,15.715,150.167,108.0,115.059,74.235,134.892,97.677
60min_after_washout_frame_014,60min_after_washout,3,3,9,44.206,15.834,28.375,15.834,28.375,0.358,True,0.242,0.005,6.275,6.271,1.366,176.758,70.455,168.289,113.842,173.487,85.947
60min_after_washout_frame_015,60min_after_washout,3,4,6,42.916,28.132,31.654,28.132,31.654,0.443,True,20.742,0.483,20.887,2.453,88.445,238.551,116.102,197.591,128.909,214.222,101.976
60min_after_washout_frame_015,60min_after_washout,6,7,3,35.975,16.435,19.557,16.435,19.557,0.457,True,0.54,0.015,1.652,1.561,3.464,116.306,139.531,98.667,108.176,107.782,125.479
60min_after_washout_frame_015,60min_after_washout,7,8,5,31.884,15.811,16.147,15.811,16.147,0.495,True,1.082,0.034,1.095,0.169,7.767,63.538,142.923,82.829,117.537,73.943,131.019
60min_after_washout_frame_015,60min_after_washout,8,10,11,28.485,12.415,17.178,12.415,17.178,0.413,True,3.954,0.139,4.664,2.474,31.881,224.4,162.55,250.333,174.333,236.75,163.818
60min_after_washout_frame_015,60min_after_washout,2,1,2,39.484,11.967,35.62,11.967,35.62,0.139,True,10.635,0.269,17.784,14.254,80.075,60.845,76.103,100.258,78.462,65.688,87.047
85min_after_washout_frame_000,85min_after_washout,3,1,4,48.849,21.402,27.516,21.402,27.516,0.437,True,1.287,0.026,3.32,3.061,6.126,159.156,97.292,171.439,144.571,165.773,117.645
85min_after_washout_frame_000,85min_after_washout,6,5,3,30.588,14.851,16.931,14.851,16.931,0.465,True,4.306,0.141,4.439,1.08,31.585,80.926,146.044,100.924,122.899,86.961,132.474
85min_after_washout_frame_000,85min_after_washout,2,2,0,24.391,13.524,22.649,13.524,22.649,0.223,True,12.386,0.508,14.114,6.766,99.483,133.237,103.25,125.321,80.179,119.759,102.134
85min_after_washout_frame_000,85min_after_washout,7,7,6,25.398,11.044,14.731,11.044,14.731,0.426,True,2.174,0.086,2.868,1.871,19.838,61.464,248.321,38.104,238.354,50.652,246.071
85min_after_washout_frame_001,85min_after_washout,2,2,4,40.395,26.003,29.963,26.003,29.963,0.432,True,19.275,0.477,19.469,2.743,87.873,132.833,107.472,107.03,138.552,136.514,133.214
85min_after_washout_frame_001,85min_after_washout,4,5,6,33.81,26.171,35.845,26.171,35.845,0.238,True,24.908,0.737,26.441,8.873,116.143,195.387,227.145,173.296,252.741,208.995,249.5
85min_after_washout_frame_001,85min_after_washout,0,1,0,36.812,15.474,21.768,15.474,21.768,0.414,True,2.782,0.076,4.228,3.184,17.7,161.294,74.635,125.456,66.223,147.11,68.448
85min_after_washout_frame_002,85min_after_washout,3,5,4,44.351,20.915,23.473,20.915,23.473,0.471,True,0.901,0.02,1.566,1.28,4.671,125.931,126.172,170.092,122.077,146.82,125.14
85min_after_washout_frame_002,85min_after_washout,6,8,6,33.948,15.86,18.118,15.86,18.118,0.467,True,0.713,0.021,1.336,1.13,4.832,58.312,164.188,50.0,131.273,53.741,149.0
85min_after_washout_frame_002,85min_after_washout,1,1,0,29.972,16.793,23.403,16.793,23.403,0.352,True,13.062,0.436,13.793,4.432,84.989,109.662,57.05,98.468,29.247,93.604,52.139
85min_after_washout_frame_002,85min_after_washout,7,7,9,29.127,14.659,15.47,14.659,15.47,0.486,True,3.851,0.132,3.874,0.42,29.646,12.686,160.529,2.8,187.927,4.263,172.526
85min_after_washout_frame_002,85min_after_washout,2,3,2,31.129,12.248,19.609,12.248,19.609,0.379,True,3.29,0.106,5.002,3.767,25.243,167.403,94.161,144.573,73.0,160.988,83.728
85min_after_washout_frame_003,85min_after_washout,4,9,4,28.557,24.094,29.196,24.094,29.196,0.333,True,22.134,0.775,22.641,4.761,116.031,210.81,116.19,224.417,91.083,195.885,97.276
85min_after_washout_frame_003,85min_after_washout,5,5,11,31.498,12.045,26.42,12.045,26.42,0.221,True,9.822,0.312,13.172,8.777,76.455,124.611,95.167,120.24,126.36,113.917,100.708
85min_after_washout_frame_003,85min_after_washout,0,1,0,29.109,14.009,15.484,14.009,15.484,0.474,True,2.37,0.081,2.485,0.747,18.542,180.293,56.683,198.021,33.596,186.822,44.289
85min_after_washout_frame_003,85min_after_washout,2,2,3,34.782,16.82,18.894,16.82,18.894,0.469,True,4.045,0.116,4.183,1.064,26.281,141.898,67.322,107.625,73.25,126.5,74.091
85min_after_washout_frame_003,85min_after_washout,3,7,6,25.364,13.594,14.695,13.594,14.695,0.476,True,6.258,0.247,6.288,0.614,52.613,58.409,99.841,33.1,98.167,46.78,92.8
85min_after_washout_frame_003,85min_after_washout,9,12,13,28.223,13.69,14.569,13.69,14.569,0.484,True,0.719,0.025,0.843,0.44,5.843,97.8,149.1,73.8,163.95,85.795,155.682
85min_after_washout_frame_004,85min_after_washout,4,5,3,38.829,19.309,19.938,19.309,19.938,0.492,True,2.856,0.074,2.874,0.318,16.744,180.14,143.047,189.57,105.38,187.548,125.215
85min_after_washout_frame_004,85min_after_washout,7,7,6,46.757,13.974,32.808,13.974,32.808,0.298,True,0.692,0.015,9.448,9.422,4.048,206.971,173.771,246.022,148.056,218.247,165.518
85min_after_washout_frame_005,85min_after_washout,4,11,6,47.964,16.98,31.001,16.98,31.001,0.354,True,0.621,0.013,7.041,7.013,3.242,195.857,112.643,162.234,78.438,183.519,100.977
85min_after_washout_frame_005,85min_after_washout,1,5,1,35.363,15.687,22.814,15.687,22.814,0.39,True,7.455,0.211,8.404,3.88,47.451,233.375,71.688,242.143,37.429,229.574,56.468
85min_after_washout_frame_005,85min_after_washout,0,2,4,35.209,17.271,20.616,17.271,20.616,0.449,True,6.965,0.198,7.193,1.8,43.526,170.657,43.114,193.554,69.862,186.226,50.591
85min_after_washout_frame_005,85min_after_washout,5,12,8,35.741,15.497,20.34,15.497,20.34,0.432,True,1.297,0.036,2.753,2.428,8.456,104.972,125.583,119.722,93.028,112.526,112.053
85min_after_washout_frame_005,85min_after_washout,3,7,9,31.002,14.464,17.109,14.464,17.109,0.457,True,2.978,0.096,3.268,1.347,21.905,52.5,81.4,72.75,104.875,64.0,90.172
85min_after_washout_frame_005,85min_after_washout,6,10,13,29.967,15.303,15.342,15.303,15.342,0.499,True,3.203,0.107,3.203,0.02,24.135,147.667,110.722,153.956,140.022,147.675,126.025
85min_after_washout_frame_007,85min_after_washout,2,5,3,24.766,22.264,22.664,22.264,22.664,0.485,True,18.74,0.757,18.744,0.363,113.102,131.071,55.071,136.467,30.9,115.4,39.257
85min_after_washout_frame_007,85min_after_washout,6,7,8,29.227,15.339,16.597,15.339,16.597,0.476,True,6.43,0.22,6.467,0.688,47.581,61.814,175.525,77.723,200.043,64.0,190.708
85min_after_washout_frame_007,85min_after_washout,1,2,0,39.045,12.803,26.848,12.803,26.848,0.317,True,3.222,0.083,7.826,7.131,21.468,172.353,13.647,134.282,4.976,159.556,14.037
85min_after_washout_frame_008,85min_after_washout,2,3,6,45.045,20.404,26.907,20.404,26.907,0.424,True,7.159,0.159,7.932,3.415,35.97,194.109,112.522,202.569,156.765,190.666,132.633
85min_after_washout_frame_008,85min_after_washout,1,4,5,39.236,19.163,20.784,19.163,20.784,0.479,True,3.75,0.096,3.84,0.825,21.682,118.74,120.649,155.0,135.639,137.54,124.363
85min_after_washout_frame_008,85min_after_washout,0,2,1,51.889,18.324,34.441,18.324,34.441,0.342,True,4.549,0.088,9.373,8.194,21.966,58.676,85.353,105.462,62.91,72.713,73.574
85min_after_washout_frame_008,85min_after_washout,4,7,8,38.16,16.79,22.704,16.79,22.704,0.42,True,5.027,0.132,5.885,3.061,30.215,110.619,164.095,147.915,172.17,125.212,172.398
85min_after_washout_frame_009,85min_after_washout,3,3,7,32.31,15.222,20.268,15.222,20.268,0.414,True,7.253,0.224,7.764,2.772,49.423,157.043,85.116,144.0,114.676,145.005,94.432
85min_after_washout_frame_009,85min_after_washout,5,6,8,45.708,16.326,30.173,16.326,30.173,0.346,True,4.068,0.089,8.134,7.043,22.179,177.833,105.667,158.909,147.273,174.99,121.743
85min_after_washout_frame_009,85min_after_washout,4,5,2,34.956,14.064,20.901,14.064,20.901,0.402,True,0.392,0.011,3.442,3.42,2.67,222.645,103.355,197.094,79.5,212.636,93.475
85min_after_washout_frame_009,85min_after_washout,1,4,1,33.789,17.63,18.277,17.63,18.277,0.49,True,6.075,0.18,6.085,0.344,39.571,120.387,94.775,98.333,69.176,114.188,78.271
85min_after_washout_frame_010,85min_after_washout,14,11,10,29.413,18.311,19.842,18.311,19.842,0.466,True,12.134,0.413,12.174,0.993,79.201,79.818,194.182,107.714,184.857,96.671,201.342
85min_after_washout_frame_010,85min_after_washout,1,0,2,40.043,19.132,21.03,19.132,21.03,0.476,True,1.545,0.039,1.815,0.952,8.843,97.333,5.083,125.523,33.523,109.661,19.714
85min_after_washout_frame_010,85min_after_washout,11,9,7,40.575,15.526,31.334,15.526,31.334,0.275,True,10.795,0.266,14.137,9.129,64.204,206.273,155.136,169.625,137.722,191.561,160.098
85min_after_washout_frame_010,85min_after_washout,6,5,3,37.997,16.498,22.327,16.498,22.327,0.422,True,3.941,0.104,4.94,2.978,23.99,117.69,97.414,82.697,82.605,101.4,94.8
85min_after_washout_frame_011,85min_after_washout,5,11,10,34.507,21.434,24.347,21.434,24.347,0.444,True,14.99,0.434,15.114,1.933,82.373,152.4,199.32,130.688,172.5,154.41,177.98
85min_after_washout_frame_011,85min_after_washout,1,3,4,18.189,16.294,19.904,16.294,19.904,0.303,True,15.337,0.843,15.752,3.592,120.667,173.909,71.727,184.257,86.686,189.653,67.527
85min_after_washout_frame_011,85min_after_washout,0,0,1,46.16,18.327,27.857,18.327,27.857,0.397,True,0.72,0.016,4.821,4.767,3.733,183.47,4.108,211.43,40.837,193.989,19.116
85min_after_washout_frame_011,85min_after_washout,3,5,7,33.172,14.793,18.468,14.793,18.468,0.444,True,1.203,0.036,2.201,1.842,8.403,119.9,103.033,122.628,136.093,119.913,117.826
85min_after_washout_frame_012,85min_after_washout,1,0,4,47.104,22.277,26.611,22.277,26.611,0.452,True,6.515,0.138,6.893,2.249,31.178,185.667,38.889,162.562,79.938,169.54,54.258
85min_after_washout_frame_012,85min_after_washout,7,10,6,38.42,13.188,27.271,13.188,27.271,0.307,True,5.899,0.154,9.475,7.415,39.063,223.729,157.833,204.758,124.424,212.776,150.49
85min_after_washout_frame_012,85min_after_washout,5,8,5,41.508,10.972,30.602,10.972,30.602,0.263,True,1.029,0.025,9.884,9.831,7.31,91.618,132.265,75.667,93.944,86.47,122.576
85min_after_washout_frame_012,85min_after_washout,8,11,9,30.004,14.044,16.185,14.044,16.185,0.464,True,1.835,0.061,2.128,1.079,14.016,111.6,169.233,115.742,139.516,115.339,155.696
85min_after_washout_frame_012,85min_after_washout,3,2,1,33.173,15.722,19.427,15.722,19.427,0.441,True,5.773,0.174,6.098,1.962,38.83,105.315,69.907,131.733,49.844,120.453,65.66
85min_after_washout_frame_013,85min_after_washout,2,2,4,34.077,17.408,22.215,17.408,22.215,0.418,True,10.008,0.294,10.391,2.795,61.868,46.215,99.342,78.823,109.239,62.751,93.902
85min_after_washout_frame_013,85min_after_washout,3,6,5,41.587,17.03,25.207,17.03,25.207,0.4,True,3.619,0.087,5.508,4.152,20.522,134.507,150.884,176.065,149.312,151.0,146.639
85min_after_washout_frame_013,85min_after_washout,4,7,8,49.479,17.769,31.884,17.769,31.884,0.357,True,1.988,0.04,7.356,7.082,9.998,100.5,168.297,146.909,185.455,116.373,176.284
85min_after_washout_frame_013,85min_after_washout,0,0,1,37.443,18.1,33.672,18.1,33.672,0.212,True,16.258,0.434,19.499,10.765,92.794,61.25,49.083,87.857,75.429,78.343,43.129
85min_after_washout_frame_014,85min_after_washout,1,0,2,35.615,17.634,21.076,17.634,21.076,0.447,True,7.548,0.212,7.776,1.87,46.326,130.143,94.857,160.133,114.067,147.634,97.098
85min_after_washout_frame_014,85min_after_washout,3,3,7,33.157,17.499,18.563,17.499,18.563,0.483,True,7.087,0.214,7.11,0.579,46.331,216.815,117.407,214.267,150.467,222.651,133.905
85min_after_washout_frame_014,85min_after_washout,7,11,12,32.941,15.675,21.799,15.675,21.799,0.394,True,8.776,0.266,9.442,3.483,57.789,53.049,176.585,85.571,181.821,64.476,187.314
85min_after_washout_frame_014,85min_after_washout,5,10,5,44.38,16.154,29.193,16.154,29.193,0.35,True,4.452,0.1,8.012,6.662,24.771,236.9,163.44,250.829,121.303,237.546,147.299
85min_after_washout_frame_014,85min_after_washout,4,9,8,34.815,20.225,21.155,20.225,21.155,0.484,True,11.178,0.321,11.192,0.553,65.45,115.65,159.55,80.837,159.953,98.667,148.568
85min_after_washout_frame_014,85min_after_washout,2,6,4,33.125,17.081,17.553,17.081,17.553,0.493,True,5.056,0.153,5.062,0.247,33.955,30.058,121.288,63.138,119.569,46.089,115.393
85min_after_washout_frame_015,85min_after_washout,2,7,5,35.385,19.063,26.394,19.063,26.394,0.367,True,13.958,0.394,14.731,4.709,78.996,153.081,136.221,139.375,103.598,160.92,118.845
85min_after_washout_frame_015,85min_after_washout,1,3,0,42.126,17.987,24.371,17.987,24.371,0.424,True,2.19,0.052,3.886,3.209,12.15,192.55,68.85,172.303,31.909,182.048,54.247
85min_after_washout_frame_015,85min_after_washout,0,2,1,35.534,14.326,21.873,14.326,21.873,0.392,True,3.373,0.095,5.114,3.844,22.487,96.196,52.174,131.609,49.239,109.793,47.663
85min_after_washout_frame_015,85min_after_washout,3,8,6,40.944,14.673,26.279,14.673,26.279,0.358,True,0.393,0.01,5.817,5.804,2.39,95.594,166.625,112.071,129.143,101.137,153.039
85min_after_washout_frame_016,85min_after_washout,8,7,8,33.269,17.159,20.227,17.159,20.227,0.448,True,8.492,0.255,8.665,1.724,54.485,32.652,137.0,65.905,138.048,47.288,145.957
85min_after_washout_frame_016,85min_after_washout,1,1,2,39.03,17.166,21.865,17.166,21.865,0.44,True,0.168,0.004,2.355,2.349,0.999,141.149,43.277,102.324,47.268,124.056,44.865
85min_after_washout_frame_016,85min_after_washout,4,3,6,50.751,24.816,29.287,24.816,29.287,0.453,True,9.338,0.184,9.637,2.383,40.695,104.697,85.566,134.393,126.721,125.723,98.747
85min_after_washout_frame_016,85min_after_washout,6,5,4,35.083,16.516,20.886,16.516,20.886,0.434,True,6.433,0.183,6.841,2.329,40.86,164.588,120.882,184.887,92.268,178.636,112.197
85min_after_washout_frame_017,85min_after_washout,4,3,4,31.303,15.936,18.78,15.936,18.78,0.45,True,7.475,0.239,7.64,1.577,51.43,112.453,84.226,92.485,108.333,109.232,99.834
85min_after_washout_frame_017,85min_after_washout,6,8,11,40.314,19.569,20.773,19.569,20.773,0.485,True,0.767,0.019,0.975,0.602,4.362,95.476,182.122,116.128,216.744,104.835,199.308
85min_after_washout_frame_017,85min_after_washout,3,2,5,45.822,14.875,31.201,14.875,31.201,0.321,True,2.261,0.049,8.514,8.209,12.9,143.969,81.625,126.476,123.976,140.446,96.077
85min_after_washout_frame_017,85min_after_washout,5,7,6,27.804,13.404,14.553,13.404,14.553,0.479,True,1.46,0.053,1.57,0.577,12.009,144.545,170.182,117.5,163.731,131.923,165.67
85min_after_washout_frame_017,85min_after_washout,7,10,9,30.479,15.544,15.551,15.544,15.551,0.5,True,3.079,0.101,3.079,0.003,22.845,155.981,205.593,128.07,193.349,140.792,202.292
85min_after_washout_frame_017,85min_after_washout,2,1,0,35.533,15.929,21.519,15.929,21.519,0.417,True,5.837,0.164,6.538,2.946,37.234,98.883,47.667,64.413,39.043,83.089,49.732
85min_after_washout_frame_018,85min_after_washout,0,0,1,44.021,27.996,29.999,27.996,29.999,0.47,True,18.859,0.428,18.905,1.319,81.299,175.939,75.245,132.301,81.041,152.945,59.275
85min_after_washout_frame_018,85min_after_washout,5,4,7,28.814,14.389,14.547,14.389,14.547,0.497,True,1.325,0.046,1.328,0.079,10.512,36.438,111.922,51.448,136.517,45.033,123.462
85min_after_washout_frame_018,85min_after_washout,6,6,5,41.928,18.635,23.393,18.635,23.393,0.443,True,1.436,0.034,2.784,2.385,7.938,91.933,136.2,133.172,128.625,110.467,134.256
85min_after_washout_frame_019,85min_after_washout,3,6,1,48.808,19.347,34.096,19.347,34.096,0.335,True,10.377,0.213,13.149,8.075,50.155,53.023,87.25,87.083,52.292,71.85,82.796
85min_after_washout_frame_019,85min_after_washout,7,8,4,29.545,14.246,21.882,14.246,21.882,0.342,True,10.043,0.34,11.075,4.669,72.148,210.69,106.879,226.059,81.647,207.368,93.026
85min_after_washout_frame_019,85min_after_washout,9,7,9,35.511,18.408,22.535,18.408,22.535,0.433,True,10.12,0.285,10.396,2.379,60.036,111.455,97.418,144.477,110.477,122.032,112.484
85min_after_washout_frame_019,85min_after_washout,5,5,3,33.934,15.36,18.708,15.36,18.708,0.45,True,1.499,0.044,2.252,1.68,10.198,174.0,86.849,141.064,78.681,159.524,81.714
85min_after_washout_frame_020,85min_after_washout,6,9,5,40.114,19.207,23.666,19.207,23.666,0.441,True,7.519,0.187,7.888,2.382,41.572,158.333,151.0,166.533,111.733,154.586,132.162
85min_after_washout_frame_020,85min_after_washout,5,6,8,31.586,15.533,21.587,15.533,21.587,0.387,True,9.568,0.303,10.208,3.557,64.334,204.882,122.02,233.4,135.6,220.043,118.642
85min_after_washout_frame_020,85min_after_washout,4,2,3,32.359,18.912,20.146,18.912,20.146,0.477,True,10.929,0.338,10.954,0.744,68.152,105.865,90.324,79.643,109.286,99.761,108.225
85min_after_washout_frame_020,85min_after_washout,7,7,4,26.904,14.35,26.304,14.35,26.304,0.164,True,13.652,0.507,16.369,9.031,103.323,115.533,131.0,132.046,109.759,129.025,135.889
85min_after_washout_frame_020,85min_after_washout,2,1,0,35.474,15.748,23.054,15.748,23.054,0.387,True,7.693,0.217,8.669,3.996,48.733,85.881,63.864,81.075,28.717,91.642,49.208
85min_after_washout_frame_021,85min_after_washout,4,5,6,25.013,18.994,23.063,18.994,23.063,0.363,True,16.68,0.667,17.028,3.421,107.747,130.226,97.903,127.887,122.806,145.984,108.508
85min_after_washout_frame_021,85min_after_washout,2,3,4,36.418,16.979,20.925,16.979,20.925,0.444,True,5.224,0.143,5.613,2.054,32.375,54.294,66.471,87.987,80.291,71.223,67.769
85min_after_washout_frame_021,85min_after_washout,6,8,9,42.387,14.859,28.629,14.859,28.629,0.333,True,4.597,0.108,8.428,7.064,27.264,179.63,164.0,221.564,170.179,194.279,161.512
85min_after_washout_frame_021,85min_after_washout,1,2,0,32.003,14.287,18.131,14.287,18.131,0.439,True,2.566,0.08,3.221,1.947,18.482,232.738,38.59,236.754,6.841,237.047,24.969
85min_after_washout_frame_022,85min_after_washout,7,7,8,31.19,27.257,35.794,27.257,35.794,0.223,True,26.352,0.845,27.729,8.628,122.602,168.667,105.667,138.2,112.344,167.503,132.899
85min_after_washout_frame_022,85min_after_washout,4,6,5,44.066,26.219,26.608,26.219,26.608,0.495,True,14.568,0.331,14.57,0.233,66.948,123.511,63.352,79.565,60.109,100.698,76.276
85min_after_washout_frame_022,85min_after_washout,2,3,4,42.792,21.364,23.632,21.364,23.632,0.472,True,6.946,0.162,7.047,1.192,36.065,7.263,29.789,49.622,35.865,26.276,39.533
85min_after_washout_frame_022,85min_after_washout,0,2,1,38.153,17.422,21.238,17.422,21.238,0.449,True,3.105,0.081,3.658,1.933,18.673,129.61,24.662,99.8,0.85,114.278,16.389
85min_after_washout_frame_023,85min_after_washout,1,2,1,31.962,16.407,19.416,16.407,19.416,0.447,True,8.054,0.252,8.228,1.686,53.903,44.554,70.857,12.86,66.721,31.421,61.021
85min_after_washout_frame_023,85min_after_washout,8,8,5,35.518,13.957,21.649,13.957,21.649,0.391,True,1.219,0.034,4.044,3.856,8.236,232.938,129.729,212.08,100.98,223.787,119.191
85min_after_washout_frame_023,85min_after_washout,3,7,3,39.87,16.895,23.219,16.895,23.219,0.42,True,2.182,0.055,3.857,3.181,12.812,83.3,116.95,94.127,78.578,85.75,100.233
85min_after_washout_frame_023,85min_after_washout,5,4,6,27.093,13.83,16.783,13.83,16.783,0.438,True,7.083,0.261,7.277,1.669,55.771,155.093,97.093,178.055,111.473,161.4,109.4
Colorado+htb2-GFP_frame_000,Colorado+htb2-GFP,8,5,4,33.2,17.477,26.496,17.477,26.496,0.32,True,13.874,0.418,15.106,5.973,84.126,120.88,125.08,133.591,94.409,137.766,120.574
Colorado+htb2-GFP_frame_000,Colorado+htb2-GFP,1,0,1,32.693,15.387,17.412,15.387,17.412,0.469,True,1.315,0.04,1.661,1.016,9.232,92.116,26.442,62.568,40.432,77.698,31.814
Colorado+htb2-GFP_frame_000,Colorado+htb2-GFP,9,6,7,12.613,19.753,24.367,19.753,24.367,-0.14,False,19.674,1.56,21.265,8.069,148.965,96.875,135.875,89.0,145.727,82.607,122.214
Colorado+htb2-GFP_frame_000,Colorado+htb2-GFP,13,8,9,22.416,13.045,14.717,13.045,14.717,0.454,True,8.166,0.364,8.232,1.036,72.46,85.286,150.0,63.04,152.76,74.185,143.148
Colorado+htb2-GFP_frame_000,Colorado+htb2-GFP,18,14,11,38.482,8.155,30.37,8.155,30.37,0.211,True,0.74,0.019,11.145,11.12,6.605,228.235,199.235,218.267,162.067,225.417,191.583
Colorado+htb2-GFP_frame_000,Colorado+htb2-GFP,17,12,13,31.395,12.017,24.669,12.017,24.669,0.265,True,8.685,0.277,11.405,7.392,66.892,74.783,177.261,100.3,195.55,76.474,189.158
Colorado+htb2-GFP_frame_001,Colorado+htb2-GFP,3,1,5,37.662,17.381,20.292,17.381,20.292,0.461,True,0.467,0.012,1.529,1.456,2.861,149.633,49.367,146.048,86.857,148.444,66.707
Colorado+htb2-GFP_frame_001,Colorado+htb2-GFP,4,6,2,34.611,12.873,21.746,12.873,21.746,0.372,True,0.366,0.011,4.453,4.438,2.594,122.5,97.5,125.81,63.048,124.095,84.726
Colorado+htb2-GFP_frame_001,Colorado+htb2-GFP,8,10,9,35.787,17.578,18.258,17.578,18.258,0.49,True,0.941,0.026,1.0,0.341,6.021,17.918,162.49,51.647,150.529,34.147,155.737
Colorado+htb2-GFP_frame_001,Colorado+htb2-GFP,10,11,13,29.512,15.203,34.15,15.203,34.15,-0.037,False,15.164,0.514,21.931,15.843,120.463,119.045,160.818,90.947,169.842,124.717,174.924
Colorado+htb2-GFP_frame_001,Colorado+htb2-GFP,1,3,4,16.735,13.147,14.579,13.147,14.579,0.429,True,11.013,0.658,11.076,1.187,105.951,175.0,66.873,191.722,67.519,182.6,56.145
Colorado+htb2-GFP_frame_002,Colorado+htb2-GFP,2,3,2,41.71,19.474,22.307,19.474,22.307,0.466,True,1.215,0.029,1.868,1.419,6.701,98.682,65.318,137.857,51.0,117.354,59.788
Colorado+htb2-GFP_frame_002,Colorado+htb2-GFP,11,9,6,21.347,16.567,29.308,16.567,29.308,-0.141,False,16.289,0.763,21.279,13.691,134.262,88.375,119.938,87.444,98.611,72.233,123.663
Colorado+htb2-GFP_frame_002,Colorado+htb2-GFP,13,11,13,33.356,13.238,31.878,13.238,31.878,0.122,True,12.597,0.378,17.821,12.606,95.364,66.07,204.018,41.896,227.0,54.44,197.693
Colorado+htb2-GFP_frame_002,Colorado+htb2-GFP,9,7,8,24.148,11.951,12.211,11.951,12.211,0.495,True,0.42,0.017,0.44,0.13,3.984,192.5,107.583,171.868,120.132,182.514,114.149
Colorado+htb2-GFP_frame_002,Colorado+htb2-GFP,1,0,1,28.699,13.138,15.717,13.138,15.717,0.455,True,1.496,0.052,1.98,1.296,12.004,216.18,14.8,191.113,28.774,205.507,22.463
Colorado+htb2-GFP_frame_002,Colorado+htb2-GFP,14,14,12,25.464,14.006,17.945,14.006,17.945,0.403,True,9.534,0.374,9.849,2.471,74.988,83.071,232.952,99.071,213.143,82.102,218.98
Colorado+htb2-GFP_frame_003,Colorado+htb2-GFP,1,0,4,37.856,17.427,20.438,17.427,20.438,0.46,True,0.396,0.01,1.557,1.506,2.413,156.214,62.143,179.64,91.88,166.684,76.074
Colorado+htb2-GFP_frame_003,Colorado+htb2-GFP,0,2,1,34.158,15.457,18.884,15.457,18.884,0.45,True,1.761,0.052,2.464,1.723,11.892,107.394,77.03,141.107,71.536,122.267,72.822
Colorado+htb2-GFP_frame_003,Colorado+htb2-GFP,8,10,9,45.198,14.652,32.396,14.652,32.396,0.296,True,6.007,0.133,11.017,9.235,34.892,228.613,184.04,234.188,139.188,224.3,170.038
Colorado+htb2-GFP_frame_003,Colorado+htb2-GFP,5,7,5,29.27,15.4,33.749,15.4,33.749,-0.026,False,15.38,0.525,21.769,15.406,119.982,145.235,122.941,142.091,93.841,130.027,125.36
Colorado+htb2-GFP_frame_003,Colorado+htb2-GFP,4,8,3,46.449,11.774,37.272,11.774,37.272,0.21,True,6.582,0.142,14.985,13.462,44.157,87.652,126.159,89.562,79.75,81.478,116.134
Colorado+htb2-GFP_frame_004,Colorado+htb2-GFP,3,0,5,38.647,17.796,20.906,17.796,20.906,0.46,True,1.028,0.027,1.866,1.557,6.129,122.167,55.125,132.0,92.5,125.693,72.568
Colorado+htb2-GFP_frame_004,Colorado+htb2-GFP,6,3,6,31.632,30.168,31.475,30.168,31.475,0.46,True,26.431,0.836,26.462,1.274,118.295,51.6,82.6,80.3,95.9,53.681,112.696
Colorado+htb2-GFP_frame_004,Colorado+htb2-GFP,7,8,2,54.649,26.957,33.693,26.957,33.693,0.432,True,13.051,0.239,13.576,3.738,51.748,127.351,125.378,157.643,79.893,151.288,112.981
Colorado+htb2-GFP_frame_004,Colorado+htb2-GFP,12,14,12,23.904,10.62,13.285,10.62,13.285,0.444,True,0.086,0.004,1.335,1.333,0.835,70.9,244.2,62.245,221.918,67.135,234.27
Colorado+htb2-GFP_frame_004,Colorado+htb2-GFP,11,11,9,23.31,11.721,12.719,11.721,12.719,0.478,True,3.67,0.157,3.707,0.523,35.017,168.9,144.05,183.043,125.522,178.571,137.429
Colorado+htb2-GFP_frame_005,Colorado+htb2-GFP,3,5,3,37.966,17.682,20.887,17.682,20.887,0.457,True,3.384,0.089,3.755,1.628,20.357,222.022,95.652,191.091,73.636,205.92,88.345
Colorado+htb2-GFP_frame_005,Colorado+htb2-GFP,1,0,1,31.029,12.801,18.389,12.801,18.389,0.409,True,1.559,0.05,3.213,2.809,11.861,183.531,45.633,213.422,53.956,195.352,50.543
Colorado+htb2-GFP_frame_005,Colorado+htb2-GFP,5,6,8,39.273,17.077,22.278,17.077,22.278,0.434,True,1.264,0.032,2.896,2.606,7.496,55.36,103.36,94.212,109.091,72.392,104.595
Colorado+htb2-GFP_frame_005,Colorado+htb2-GFP,6,9,7,32.845,16.165,16.731,16.165,16.731,0.491,True,0.91,0.028,0.953,0.283,6.343,150.264,125.66,173.724,102.672,162.429,115.014
Colorado+htb2-GFP_frame_005,Colorado+htb2-GFP,2,2,4,30.104,14.547,34.828,14.547,34.828,-0.052,False,14.461,0.48,22.039,16.631,120.767,20.545,72.152,48.0,84.5,25.037,58.315
Colorado+htb2-GFP_frame_006,Colorado+htb2-GFP,1,1,0,33.747,16.333,17.561,16.333,17.561,0.482,True,1.575,0.047,1.691,0.617,10.676,49.581,56.977,79.075,40.575,64.554,50.452
Colorado+htb2-GFP_frame_006,Colorado+htb2-GFP,10,7,8,34.796,16.313,18.507,16.313,18.507,0.468,True,0.641,0.018,1.271,1.098,4.234,156.662,139.615,122.406,145.725,140.727,143.108
Colorado+htb2-GFP_frame_006,Colorado+htb2-GFP,6,2,4,30.014,12.8,20.159,12.8,20.159,0.365,True,6.601,0.22,7.74,4.04,50.16,99.481,68.519,119.935,90.484,111.786,72.046
Colorado+htb2-GFP_frame_006,Colorado+htb2-GFP,9,6,5,22.079,11.94,15.926,11.94,15.926,0.386,True,8.361,0.379,8.731,2.515,76.11,159.2,122.0,139.0,113.087,148.026,126.208
Colorado+htb2-GFP_frame_007,Colorado+htb2-GFP,14,12,9,49.158,16.426,36.913,16.426,36.913,0.274,True,9.409,0.191,14.563,11.115,49.715,94.812,139.688,57.125,108.125,78.449,138.256
Colorado+htb2-GFP_frame_007,Colorado+htb2-GFP,3,2,6,39.546,15.536,24.229,15.536,24.229,0.389,True,2.033,0.051,4.82,4.371,12.332,98.5,33.286,73.679,64.071,87.25,44.0
Colorado+htb2-GFP_frame_007,Colorado+htb2-GFP,9,8,7,31.605,11.994,32.243,11.994,32.243,0.052,True,11.883,0.376,18.494,14.171,103.808,165.042,90.917,196.4,86.978,165.179,78.923
Colorado+htb2-GFP_frame_007,Colorado+htb2-GFP,0,0,3,31.522,11.116,37.968,11.116,37.968,-0.163,False,9.853,0.313,23.112,20.906,132.614,182.574,13.0,184.913,44.435,172.367,8.6
Colorado+htb2-GFP_frame_007,Colorado+htb2-GFP,19,11,13,31.182,34.754,35.174,34.754,35.174,0.485,True,31.293,1.004,31.296,0.471,127.041,168.146,133.049,184.581,159.548,149.522,162.391
Colorado+htb2-GFP_frame_007,Colorado+htb2-GFP,6,4,5,20.043,13.34,33.375,13.34,33.375,-0.665,False,0.575,0.029,23.356,23.349,178.516,213.754,58.787,193.923,61.692,226.857,56.286
Colorado+htb2-GFP_frame_008,Colorado+htb2-GFP,4,2,1,32.388,20.762,21.462,20.762,21.462,0.486,True,13.542,0.418,13.55,0.456,79.834,171.75,103.312,154.447,75.934,151.895,97.243
Colorado+htb2-GFP_frame_008,Colorado+htb2-GFP,7,6,5,28.509,13.095,17.815,13.095,17.815,0.41,True,5.889,0.207,6.421,2.559,46.033,68.538,156.192,44.909,140.242,62.14,144.767
Colorado+htb2-GFP_frame_008,Colorado+htb2-GFP,5,3,4,23.071,11.847,17.613,11.847,17.613,0.34,True,8.869,0.384,9.603,3.681,78.707,165.962,124.581,148.238,139.35,154.25,122.795
Colorado+htb2-GFP_frame_008,Colorado+htb2-GFP,11,10,9,20.864,9.791,11.121,9.791,11.121,0.468,True,0.705,0.034,0.97,0.667,7.763,90.417,190.792,78.474,173.684,85.405,182.381
Colorado+htb2-GFP_frame_008,Colorado+htb2-GFP,9,7,8,25.451,8.956,22.01,8.956,22.01,0.188,True,7.571,0.297,10.972,7.942,77.834,102.306,162.581,127.214,167.81,105.432,170.973
Colorado+htb2-GFP_frame_009,Colorado+htb2-GFP,12,9,8,43.37,17.707,25.666,17.707,25.666,0.408,True,0.232,0.005,3.986,3.979,1.269,41.061,150.306,82.471,137.412,57.897,144.821
Colorado+htb2-GFP_frame_009,Colorado+htb2-GFP,20,14,15,38.617,17.549,21.572,17.549,21.572,0.447,True,3.114,0.081,3.721,2.037,18.52,233.5,223.0,195.0,226.0,216.523,227.446
Colorado+htb2-GFP_frame_009,Colorado+htb2-GFP,19,12,13,27.608,13.422,24.561,13.422,24.561,0.222,True,11.934,0.432,14.183,7.663,91.843,189.658,193.079,217.229,194.5,195.176,205.314
Colorado+htb2-GFP_frame_009,Colorado+htb2-GFP,1,2,1,27.812,27.989,30.484,27.989,30.484,0.406,True,25.614,0.921,25.748,2.623,123.391,95.625,81.75,72.277,66.638,100.07,54.116
Colorado+htb2-GFP_frame_009,Colorado+htb2-GFP,4,6,5,29.907,33.136,34.019,33.136,34.019,0.467,True,30.051,1.005,30.067,0.991,127.13,86.875,108.875,57.0,107.5,74.31,78.214
Colorado+htb2-GFP_frame_010,Colorado+htb2-GFP,11,12,9,38.018,17.804,20.76,17.804,20.76,0.461,True,3.223,0.085,3.554,1.499,19.36,57.037,157.981,74.774,124.355,62.356,140.99
Colorado+htb2-GFP_frame_010,Colorado+htb2-GFP,1,0,3,29.253,13.468,20.752,13.468,20.752,0.354,True,8.599,0.294,9.596,4.26,64.154,179.349,45.365,165.0,70.857,166.771,50.181
Colorado+htb2-GFP_frame_010,Colorado+htb2-GFP,6,4,7,30.083,18.752,19.286,18.752,19.286,0.489,True,11.638,0.387,11.643,0.338,75.478,112.564,76.949,122.357,105.393,106.347,94.64
Colorado+htb2-GFP_frame_010,Colorado+htb2-GFP,12,14,13,6.026,13.242,13.672,13.242,13.672,0.341,True,13.082,2.171,13.117,0.96,154.187,234.412,165.294,238.545,160.909,245.34,172.774
Colorado+htb2-GFP_frame_010,Colorado+htb2-GFP,7,10,11,15.563,21.783,35.051,21.783,35.051,-1.057,False,14.285,0.918,28.124,24.226,163.071,145.047,128.698,160.364,131.455,131.392,111.725
Colorado+htb2-GFP_frame_010,Colorado+htb2-GFP,4,1,6,36.926,14.014,23.031,14.014,23.031,0.378,True,1.435,0.039,4.745,4.523,9.45,27.0,65.136,18.302,101.023,25.111,79.022
Colorado+htb2-GFP_frame_011,Colorado+htb2-GFP,9,9,10,43.067,18.304,24.774,18.304,24.774,0.425,True,0.494,0.011,3.274,3.236,2.691,197.323,138.871,154.982,146.745,179.424,142.703
Colorado+htb2-GFP_frame_011,Colorado+htb2-GFP,4,6,4,25.962,12.927,13.421,12.927,13.421,0.49,True,2.246,0.086,2.26,0.251,19.636,133.433,115.633,127.077,90.462,132.494,102.741
Colorado+htb2-GFP_frame_011,Colorado+htb2-GFP,1,0,2,31.41,16.422,33.087,16.422,33.087,0.082,True,16.22,0.516,20.871,13.134,110.349,18.562,20.844,7.149,50.106,2.517,17.345
Colorado+htb2-GFP_frame_011,Colorado+htb2-GFP,8,5,8,18.882,8.052,10.921,8.052,10.921,0.424,True,0.915,0.048,1.707,1.441,11.33,115.714,113.048,105.053,128.632,111.952,120.167
Colorado+htb2-GFP_frame_011,Colorado+htb2-GFP,6,7,3,35.235,9.92,27.595,9.92,27.595,0.233,True,5.57,0.158,10.934,9.409,45.802,85.214,122.81,77.681,88.389,88.9,113.6
Colorado+htb2-GFP_frame_012,Colorado+htb2-GFP,9,10,8,38.335,11.526,36.08,11.526,36.08,0.102,True,10.838,0.283,18.706,15.246,87.592,123.5,153.364,157.0,134.727,121.658,141.986
Colorado+htb2-GFP_frame_012,Colorado+htb2-GFP,3,5,3,36.606,16.79,19.846,16.79,19.846,0.458,True,0.741,0.02,1.699,1.529,4.67,145.814,91.791,177.392,73.275,159.909,82.667
Colorado+htb2-GFP_frame_012,Colorado+htb2-GFP,0,1,0,25.967,12.738,32.925,12.738,32.925,-0.183,False,11.814,0.455,21.321,17.749,132.993,90.407,45.0,116.173,41.769,84.21,33.871
Colorado+htb2-GFP_frame_012,Colorado+htb2-GFP,11,13,12,25.769,12.224,14.479,12.224,14.479,0.455,True,3.487,0.135,3.677,1.168,30.506,4.2,172.24,29.19,165.952,14.712,166.0
Colorado+htb2-GFP_frame_012,Colorado+htb2-GFP,1,2,4,24.316,14.745,27.279,14.745,27.279,0.055,True,14.685,0.604,18.247,10.831,117.407,137.171,56.886,118.906,72.938,126.481,46.731
Colorado+htb2-GFP_frame_012,Colorado+htb2-GFP,7,11,9,19.921,28.353,33.174,28.353,33.174,0.126,True,28.241,1.418,29.206,7.445,143.264,58.5,155.875,45.25,141.0,77.915,135.213
Colorado+htb2-GFP_frame_013,Colorado+htb2-GFP,1,1,2,26.842,12.914,37.971,12.914,37.971,-0.385,False,7.751,0.289,24.983,23.75,154.894,152.444,55.111,178.381,62.024,140.467,59.941
Colorado+htb2-GFP_frame_013,Colorado+htb2-GFP,7,8,6,31.156,14.236,17.095,14.236,17.095,0.454,True,1.645,0.053,2.185,1.438,12.161,78.538,136.564,101.432,115.432,87.813,125.764
Colorado+htb2-GFP_frame_013,Colorado+htb2-GFP,6,7,4,41.885,13.376,36.441,13.376,36.441,0.173,True,11.256,0.269,17.744,13.717,75.295,194.014,124.771,178.167,86.0,180.861,122.342
Colorado+htb2-GFP_frame_014,Colorado+htb2-GFP,5,4,7,24.837,10.688,31.137,10.688,31.137,-0.193,False,9.55,0.385,19.689,17.217,134.538,106.684,112.947,127.357,126.714,107.984,102.339
Colorado+htb2-GFP_frame_014,Colorado+htb2-GFP,7,5,6,28.356,11.864,21.59,11.864,21.59,0.298,True,8.337,0.294,10.121,5.737,67.364,215.448,117.879,187.405,122.081,205.865,110.885
Colorado+htb2-GFP_frame_014,Colorado+htb2-GFP,13,10,8,39.95,9.757,31.253,9.757,31.253,0.224,True,3.905,0.098,11.704,11.033,30.771,102.0,148.5,62.643,141.643,92.521,150.812
Colorado+htb2-GFP_frame_014,Colorado+htb2-GFP,15,12,9,31.312,10.079,21.238,10.079,21.238,0.322,True,0.272,0.009,5.587,5.581,2.284,140.886,176.429,132.395,146.289,137.891,166.804
Colorado+htb2-GFP_frame_015,Colorado+htb2-GFP,0,1,3,37.943,16.887,21.099,16.887,21.099,0.444,True,0.897,0.024,2.291,2.108,5.481,143.917,64.583,161.417,98.25,152.49,79.132
Colorado+htb2-GFP_frame_015,Colorado+htb2-GFP,7,10,5,40.903,18.293,22.612,18.293,22.612,0.447,True,0.216,0.005,2.17,2.159,1.222,94.925,182.05,107.78,143.22,100.879,164.753
Colorado+htb2-GFP_frame_015,Colorado+htb2-GFP,4,4,8,33.953,14.422,19.773,14.422,19.773,0.421,True,2.006,0.059,3.36,2.695,13.819,179.317,118.911,190.247,151.056,185.814,131.786
Colorado+htb2-GFP_frame_015,Colorado+htb2-GFP,6,7,9,18.594,8.749,9.863,8.749,9.863,0.47,True,0.395,0.021,0.684,0.558,4.887,166.306,143.694,152.847,156.525,159.707,149.439
Colorado+htb2-GFP_frame_015,Colorado+htb2-GFP,3,6,2,44.173,16.397,28.96,16.397,28.96,0.354,True,4.935,0.112,8.122,6.45,27.329,133.075,142.725,125.307,99.24,125.467,128.2
Colorado+htb2-GFP_frame_016,Colorado+htb2-GFP,13,12,13,53.528,18.651,37.152,18.651,37.152,0.32,True,7.399,0.138,12.155,9.644,34.859,71.364,144.909,21.536,164.464,52.724,144.276
Colorado+htb2-GFP_frame_016,Colorado+htb2-GFP,7,5,8,40.081,18.421,21.833,18.421,21.833,0.457,True,1.863,0.046,2.531,1.713,10.7,231.917,63.917,207.182,95.455,219.141,77.188
Colorado+htb2-GFP_frame_016,Colorado+htb2-GFP,2,0,2,36.359,17.477,19.102,17.477,19.102,0.478,True,2.0,0.055,2.16,0.818,12.578,32.865,10.162,59.556,34.852,46.968,20.484
Colorado+htb2-GFP_frame_016,Colorado+htb2-GFP,12,10,11,30.53,15.43,21.068,15.43,21.068,0.39,True,9.829,0.322,10.39,3.37,67.375,119.5,111.0,118.487,141.513,128.929,123.214
Colorado+htb2-GFP_frame_016,Colorado+htb2-GFP,9,6,9,26.858,18.91,23.477,18.91,23.477,0.366,True,16.157,0.602,16.554,3.604,102.187,138.0,74.154,135.967,100.934,121.145,82.727
Colorado+htb2-GFP_frame_016,Colorado+htb2-GFP,19,18,14,35.198,13.021,22.316,13.021,22.316,0.367,True,1.507,0.043,4.903,4.665,10.519,90.903,203.129,86.474,168.211,87.78,190.488
Colorado+htb2-GFP_frame_016,Colorado+htb2-GFP,8,4,7,27.561,13.989,14.12,13.989,14.12,0.498,True,2.761,0.1,2.761,0.067,22.656,55.667,64.0,70.7,87.1,60.833,77.0
Colorado+htb2-GFP_frame_017,Colorado+htb2-GFP,10,9,10,44.801,17.648,33.483,17.648,33.483,0.298,True,11.527,0.257,14.646,9.036,60.914,107.071,135.643,150.988,144.5,122.451,126.986
Colorado+htb2-GFP_frame_017,Colorado+htb2-GFP,4,5,6,21.273,16.206,20.149,16.206,20.149,0.342,True,14.485,0.681,14.872,3.369,109.321,203.231,69.462,185.643,81.429,205.371,85.526
Colorado+htb2-GFP_frame_017,Colorado+htb2-GFP,13,11,8,33.214,17.118,30.024,17.118,30.024,0.224,True,15.413,0.464,17.929,9.159,95.096,189.329,155.395,195.391,122.739,175.534,145.259
Colorado+htb2-GFP_frame_017,Colorado+htb2-GFP,0,0,1,31.255,14.217,33.296,14.217,33.296,0.036,True,14.172,0.453,20.277,14.501,110.648,27.5,0.5,31.694,31.472,13.607,3.518
Colorado+htb2-GFP_frame_018,Colorado+htb2-GFP,6,11,12,40.483,17.416,23.079,17.416,23.079,0.43,True,0.48,0.012,2.873,2.832,2.773,64.667,151.833,93.107,180.643,77.239,163.885
Colorado+htb2-GFP_frame_018,Colorado+htb2-GFP,5,10,7,39.96,15.728,24.234,15.728,24.234,0.394,True,0.155,0.004,4.256,4.253,0.93,121.308,148.692,133.316,110.579,125.886,133.646
Colorado+htb2-GFP_frame_018,Colorado+htb2-GFP,0,4,3,17.256,16.21,18.444,16.21,18.444,0.37,True,14.9,0.863,15.068,2.244,120.689,131.5,80.341,148.679,78.717,136.453,64.907
Colorado+htb2-GFP_frame_018,Colorado+htb2-GFP,1,2,6,46.791,18.405,32.242,18.405,32.242,0.34,True,9.258,0.198,11.907,7.489,46.885,193.712,63.558,168.97,103.273,177.443,72.164
Colorado+htb2-GFP_frame_019,Colorado+htb2-GFP,5,5,6,33.023,15.995,20.293,15.995,20.293,0.429,True,7.457,0.226,7.822,2.361,49.348,91.0,89.8,120.727,104.182,106.986,89.25
Colorado+htb2-GFP_frame_019,Colorado+htb2-GFP,1,3,2,32.02,15.879,16.608,15.879,16.608,0.488,True,2.743,0.086,2.768,0.37,19.458,129.877,38.86,98.422,32.875,114.0,38.632
Colorado+htb2-GFP_frame_019,Colorado+htb2-GFP,12,13,14,33.445,16.901,17.017,16.901,17.017,0.498,True,2.823,0.084,2.823,0.059,19.162,135.972,200.0,127.615,232.385,129.075,215.43
Colorado+htb2-GFP_frame_019,Colorado+htb2-GFP,8,9,7,32.37,15.93,17.629,15.93,17.629,0.473,True,4.421,0.137,4.508,0.881,30.634,72.098,130.732,94.833,107.69,79.7,116.733
Colorado+htb2-GFP_frame_019,Colorado+htb2-GFP,10,11,10,38.214,17.239,33.601,17.239,33.601,0.215,True,15.151,0.396,18.656,10.884,88.313,106.938,166.75,141.763,151.017,108.193,149.557
_ess_dense_frame_000,_ess_dense,2,3,2,39.828,17.654,22.28,17.654,22.28,0.442,True,1.435,0.036,2.727,2.319,8.357,201.111,116.022,213.051,78.026,207.755,99.667
_ess_dense_frame_000,_ess_dense,8,10,9,24.556,11.177,13.861,11.177,13.861,0.444,True,2.431,0.099,2.79,1.369,22.663,90.6,160.9,66.312,157.281,80.168,156.888
_ess_dense_frame_000,_ess_dense,3,6,4,22.576,11.171,11.441,11.171,11.441,0.494,True,0.639,0.028,0.654,0.135,6.485,143.4,150.925,152.514,130.27,147.317,140.463
_ess_dense_frame_000,_ess_dense,0,0,1,29.042,11.305,18.313,11.305,18.313,0.377,True,2.817,0.097,4.55,3.573,23.281,87.607,12.31,83.1,41.0,83.125,22.688
_ess_dense_frame_001,_ess_dense,1,2,1,25.915,12.14,18.741,12.14,18.741,0.348,True,8.121,0.313,9.023,3.933,67.663,65.841,99.143,89.639,88.885,77.343,103.029
_ess_dense_frame_001,_ess_dense,6,3,6,49.456,14.874,35.626,14.874,35.626,0.286,True,4.635,0.094,11.565,10.595,25.634,205.213,131.234,238.238,168.048,218.101,138.659
_ess_dense_frame_002,_ess_dense,3,4,2,25.189,13.875,20.41,13.875,20.41,0.323,True,11.231,0.446,12.08,4.448,87.431,172.361,112.833,152.231,97.692,159.099,116.912
_ess_dense_frame_002,_ess_dense,0,3,0,27.833,14.947,15.512,14.947,15.512,0.489,True,6.185,0.222,6.192,0.309,47.939,39.229,102.986,31.852,76.148,29.659,91.504
_ess_dense_frame_002,_ess_dense,7,6,5,23.232,9.938,27.605,9.938,27.605,-0.114,False,9.576,0.412,17.189,14.275,125.817,116.87,158.442,93.689,156.918,120.152,149.061
_ess_dense_frame_003,_ess_dense,6,9,10,24.344,15.06,18.995,15.06,18.995,0.387,True,11.75,0.483,12.068,2.752,89.494,179.0,120.698,199.826,133.304,180.974,135.627
_ess_dense_frame_003,_ess_dense,1,2,1,21.284,13.022,19.121,13.022,19.121,0.284,True,11.538,0.542,12.423,4.605,99.497,239.161,43.903,220.0,34.636,228.703,51.662
_ess_dense_frame_003,_ess_dense,0,0,3,30.567,14.486,16.37,14.486,16.37,0.469,True,2.102,0.069,2.307,0.951,15.723,198.481,23.173,197.468,53.723,195.905,37.429
_ess_dense_frame_003,_ess_dense,3,6,7,23.541,13.718,26.082,13.718,26.082,0.056,True,13.654,0.58,17.195,10.452,116.053,94.049,88.475,99.122,111.463,81.0,92.705
_ess_dense_frame_003,_ess_dense,5,8,11,38.617,12.733,30.3,12.733,30.3,0.247,True,8.455,0.219,12.934,9.788,57.808,33.561,118.756,38.627,157.039,26.429,129.304
_ess_dense_frame_003,_ess_dense,2,4,5,28.497,11.479,35.889,11.479,35.889,-0.212,False,9.762,0.343,22.514,20.287,137.524,247.661,68.203,219.182,69.205,253.353,58.235
_ess_dense_frame_004,_ess_dense,4,5,3,28.566,14.571,15.842,14.571,15.842,0.476,True,5.213,0.183,5.257,0.677,40.177,163.593,134.852,140.093,118.611,155.363,122.827
_ess_dense_frame_004,_ess_dense,6,6,7,29.145,13.244,16.824,13.244,16.824,0.437,True,3.668,0.126,4.107,1.847,28.674,107.506,156.036,136.625,157.271,120.065,160.24
_ess_dense_frame_004,_ess_dense,1,1,2,25.977,13.308,14.482,13.308,14.482,0.476,True,4.93,0.19,4.97,0.628,41.65,94.022,102.239,119.391,107.826,105.033,109.712
_ess_dense_frame_005,_ess_dense,2,4,5,30.994,19.164,19.862,19.164,19.862,0.486,True,11.855,0.382,11.863,0.44,74.857,110.486,126.843,87.417,147.542,91.361,128.075
_ess_dense_frame_005,_ess_dense,0,0,2,27.073,12.059,15.53,12.059,15.53,0.435,True,2.633,0.097,3.172,1.769,22.371,170.2,74.464,150.537,93.073,159.843,80.641
_ess_dense_frame_005,_ess_dense,3,3,6,54.284,17.737,36.677,17.737,36.677,0.325,True,1.761,0.032,9.655,9.493,8.449,69.354,126.123,98.778,171.741,80.4,140.0
_ess_dense_frame_006,_ess_dense,5,1,2,25.069,12.125,14.745,12.125,14.745,0.444,True,4.81,0.192,5.011,1.404,42.413,130.582,69.313,109.442,82.788,118.611,71.24
_ess_dense_frame_006,_ess_dense,6,4,3,37.302,11.745,31.298,11.745,31.298,0.198,True,9.145,0.245,14.522,11.281,68.124,86.196,124.627,123.477,123.355,93.25,115.236
_ess_dense_frame_007,_ess_dense,2,4,7,33.997,16.421,23.187,16.421,23.187,0.384,True,9.957,0.293,10.709,3.941,62.761,144.882,84.441,121.296,108.926,128.652,86.937
_ess_dense_frame_007,_ess_dense,0,0,2,27.709,13.395,14.556,13.395,14.556,0.479,True,1.829,0.066,1.92,0.585,15.067,97.5,39.929,117.389,59.222,108.298,47.855
_ess_dense_frame_007,_ess_dense,4,5,3,25.727,12.644,14.556,12.644,14.556,0.461,True,4.404,0.171,4.519,1.011,37.996,168.65,97.5,171.2,71.9,165.442,85.269
_ess_dense_frame_007,_ess_dense,6,8,9,23.267,8.505,18.414,8.505,18.414,0.254,True,6.125,0.263,8.389,5.732,65.493,248.143,188.057,246.127,211.236,253.733,194.467
_ess_dense_frame_008,_ess_dense,2,4,3,24.542,15.976,17.178,15.976,17.178,0.467,True,11.132,0.454,11.161,0.812,84.562,110.569,64.804,101.222,42.111,95.912,58.447
_ess_dense_frame_008,_ess_dense,7,6,8,21.263,10.244,11.048,10.244,11.048,0.481,True,0.562,0.026,0.692,0.403,6.064,248.062,170.531,253.818,191.0,250.29,180.53
_ess_dense_frame_008,_ess_dense,0,0,1,26.045,11.271,14.779,11.271,14.779,0.433,True,0.257,0.01,1.773,1.755,2.299,126.208,5.146,100.899,11.29,115.319,8.053
_ess_dense_frame_008,_ess_dense,6,7,5,37.839,10.663,36.901,10.663,36.901,0.064,True,10.383,0.274,19.487,16.49,93.174,150.851,174.172,129.221,143.125,140.943,178.114
_ess_dense_frame_009,_ess_dense,1,2,1,21.818,16.457,19.47,16.457,19.47,0.386,True,14.135,0.648,14.351,2.48,105.744,144.286,53.5,165.804,49.893,154.935,66.047
_ess_dense_frame_009,_ess_dense,0,3,0,27.179,14.71,16.714,14.71,16.714,0.457,True,7.864,0.289,7.949,1.159,60.388,199.569,71.059,196.5,44.054,205.979,57.819
_ess_dense_frame_009,_ess_dense,4,6,5,23.099,13.422,17.016,13.422,17.016,0.398,True,9.79,0.424,10.072,2.368,81.959,139.62,145.506,121.769,130.846,126.311,147.244
_ess_dense_frame_009,_ess_dense,8,10,9,24.29,10.473,13.817,10.473,13.817,0.431,True,0.077,0.003,1.674,1.672,0.745,110.389,247.222,87.056,240.472,100.35,244.238
_ess_dense_frame_009,_ess_dense,7,8,7,23.466,10.277,30.355,10.277,30.355,-0.241,False,8.584,0.366,19.387,17.383,139.778,102.625,182.188,95.467,159.84,96.173,190.187
_ess_dense_frame_010,_ess_dense,4,5,6,31.462,15.687,16.887,15.687,16.887,0.48,True,4.215,0.134,4.261,0.621,30.042,77.677,106.29,102.368,125.789,92.148,112.347
_ess_dense_frame_010,_ess_dense,3,3,4,36.938,18.367,18.697,18.367,18.697,0.496,True,1.529,0.041,1.538,0.166,9.467,173.456,101.684,136.587,103.935,155.28,104.326
_ess_dense_frame_010,_ess_dense,0,0,2,28.626,14.498,16.271,14.498,16.271,0.467,True,5.629,0.197,5.709,0.953,43.09,157.957,63.011,135.362,80.586,143.956,66.77
_ess_dense_frame_010,_ess_dense,6,8,9,27.282,12.887,29.341,12.887,29.341,0.033,True,12.855,0.471,18.095,12.735,111.952,70.889,132.556,91.812,150.062,79.833,123.278
_ess_dense_frame_011,_ess_dense,2,2,1,25.601,14.102,18.418,14.102,18.418,0.393,True,9.883,0.386,10.256,2.741,76.945,71.209,83.512,81.339,60.0,84.266,78.184
_ess_dense_frame_011,_ess_dense,5,4,3,27.866,13.342,14.847,13.342,14.847,0.473,True,2.122,0.076,2.254,0.761,17.366,223.714,103.393,203.13,84.609,215.415,92.947
_ess_dense_frame_011,_ess_dense,6,5,6,31.144,12.56,18.823,12.56,18.823,0.399,True,1.889,0.061,3.678,3.155,14.411,103.108,132.162,82.083,155.139,96.12,142.598
_ess_dense_frame_011,_ess_dense,8,8,9,42.118,13.254,33.128,13.254,33.128,0.24,True,8.563,0.203,13.895,10.943,55.229,208.864,169.432,168.673,182.028,196.649,164.286
_ess_dense_frame_012,_ess_dense,6,6,7,34.473,14.563,20.072,14.563,20.072,0.42,True,1.651,0.048,3.223,2.768,11.227,119.488,136.023,114.564,170.143,119.056,150.579
_ess_dense_frame_012,_ess_dense,3,4,2,30.522,15.987,17.447,15.987,17.447,0.474,True,6.815,0.223,6.861,0.8,48.222,84.224,116.041,104.882,93.571,88.995,100.783
_ess_dense_frame_012,_ess_dense,4,3,5,24.675,11.522,13.696,11.522,13.696,0.455,True,2.591,0.105,2.819,1.111,23.902,139.909,113.255,152.153,134.678,143.23,124.287
_ess_dense_frame_013,_ess_dense,0,0,3,17.353,14.455,19.584,14.455,19.584,0.21,True,13.988,0.806,14.865,5.03,120.969,94.346,52.808,95.222,70.139,80.56,57.156
_ess_dense_frame_013,_ess_dense,2,8,4,50.161,21.118,33.404,21.118,33.404,0.367,True,10.358,0.206,12.324,6.678,47.437,80.707,107.195,117.968,73.613,87.443,87.18
_ess_dense_frame_013,_ess_dense,8,11,10,23.526,13.551,24.133,13.551,24.133,0.14,True,13.147,0.559,15.642,8.475,108.966,118.366,223.127,96.304,214.957,119.848,209.657
_ess_dense_frame_013,_ess_dense,4,5,6,23.638,11.848,12.728,11.848,12.728,0.481,True,3.36,0.142,3.391,0.458,31.782,159.587,84.87,145.915,104.153,155.757,96.081
_ess_dense_frame_014,_ess_dense,1,2,0,34.565,16.248,18.458,16.248,18.458,0.468,True,1.562,0.045,1.916,1.11,10.371,135.221,126.532,138.963,92.171,138.525,110.624
_ess_dense_frame_014,_ess_dense,7,7,4,29.425,14.034,15.479,14.034,15.479,0.475,True,1.132,0.038,1.344,0.725,8.823,184.909,143.0,157.509,132.273,172.297,136.846
_ess_dense_frame_014,_ess_dense,8,6,8,38.215,12.568,25.73,12.568,25.73,0.327,True,1.177,0.031,6.7,6.595,7.998,18.822,139.311,11.746,176.866,17.663,151.825
_ess_dense_frame_015,_ess_dense,0,0,2,29.024,15.372,24.473,15.372,24.473,0.285,True,12.961,0.447,14.388,6.247,89.455,101.227,71.133,114.275,97.059,116.52,72.689
_ess_dense_frame_015,_ess_dense,8,9,8,28.263,17.222,17.619,17.222,17.619,0.491,True,10.187,0.36,10.189,0.245,71.583,97.333,162.933,95.311,134.743,106.5,148.353
_ess_dense_frame_015,_ess_dense,9,11,10,34.531,14.67,19.867,14.67,19.867,0.425,True,0.321,0.009,2.619,2.599,2.179,240.382,249.765,230.85,216.575,236.025,235.756
_ess_dense_frame_015,_ess_dense,5,4,7,29.517,12.867,16.798,12.867,16.798,0.433,True,1.467,0.05,2.461,1.975,11.56,49.207,104.621,23.704,119.481,38.901,112.324
_ess_dense_frame_015,_ess_dense,4,3,6,21.228,9.167,12.067,9.167,12.067,0.432,True,0.241,0.011,1.47,1.451,2.648,199.244,97.244,188.522,115.565,194.824,105.275
_ess_dense_frame_016,_ess_dense,6,5,7,25.95,12.143,13.866,12.143,13.866,0.467,True,0.877,0.034,1.231,0.864,7.768,211.63,149.444,190.58,164.62,202.318,157.239
_ess_dense_frame_016,_ess_dense,2,2,1,20.081,14.156,24.453,14.156,24.453,0.007,True,14.155,0.705,17.273,9.899,124.798,113.113,105.571,121.25,87.213,100.229,99.706
_ess_dense_frame_016,_ess_dense,1,0,3,29.471,9.831,20.397,9.831,20.397,0.316,True,3.136,0.106,6.26,5.418,27.445,149.464,78.036,145.471,107.235,145.095,86.842
_ess_dense_frame_017,_ess_dense,6,5,3,30.907,18.049,37.464,18.049,37.464,-0.064,False,17.939,0.58,25.017,17.436,124.916,174.395,141.5,173.733,110.6,192.373,143.098
_ess_dense_frame_017,_ess_dense,7,7,6,23.235,11.774,16.286,11.774,16.286,0.383,True,7.716,0.332,8.183,2.725,69.229,37.159,175.634,22.559,157.559,37.574,163.868
_ess_dense_frame_018,_ess_dense,4,6,4,32.729,15.621,18.46,15.621,18.46,0.455,True,4.734,0.145,4.959,1.478,32.498,199.545,123.758,228.026,107.632,214.832,120.542
_ess_dense_frame_018,_ess_dense,5,7,3,38.83,18.545,20.286,18.545,20.286,0.478,True,0.104,0.003,0.877,0.871,0.612,129.448,139.621,149.455,106.341,139.091,123.78
_ess_dense_frame_018,_ess_dense,10,8,10,25.069,11.228,14.483,11.228,14.483,0.433,True,2.83,0.113,3.286,1.669,25.87,153.667,139.0,161.0,162.972,154.139,150.218
_ess_dense_frame_018,_ess_dense,1,0,1,34.064,14.766,19.298,14.766,19.298,0.433,True,0.029,0.001,2.266,2.266,0.198,52.309,84.632,84.922,94.469,66.455,88.869
_ess_dense_frame_018,_ess_dense,6,5,2,25.493,14.321,29.356,14.321,29.356,-0.005,False,14.321,0.562,19.26,12.879,119.731,101.987,111.571,124.857,100.31,108.194,124.478
_ess_dense_frame_019,_ess_dense,10,2,6,23.577,11.057,15.578,11.057,15.578,0.392,True,6.08,0.258,6.595,2.554,56.334,73.9,94.1,61.667,114.255,74.306,105.149
_ess_dense_frame_019,_ess_dense,12,5,7,18.823,7.451,11.446,7.451,11.446,0.393,True,0.817,0.043,2.165,2.005,10.383,196.182,106.636,208.06,121.239,201.489,111.867
_ess_dense_frame_020,_ess_dense,9,9,8,27.745,13.492,18.985,13.492,18.985,0.384,True,8.274,0.298,8.876,3.215,63.659,160.529,144.971,135.933,132.133,154.91,132.705
_ess_dense_frame_020,_ess_dense,5,4,7,24.891,15.109,15.618,15.109,15.618,0.487,True,9.006,0.362,9.011,0.314,71.803,79.471,112.382,64.081,131.946,64.892,116.349
_ess_dense_frame_020,_ess_dense,2,5,1,23.682,11.551,12.237,11.551,12.237,0.485,True,1.124,0.047,1.175,0.345,10.851,107.308,115.0,107.386,91.318,106.222,103.5
_ess_dense_frame_020,_ess_dense,1,0,3,40.218,10.001,36.402,10.001,36.402,0.121,True,8.731,0.217,17.555,15.23,74.68,201.214,78.857,178.477,112.031,191.255,77.945
alphafactor_arrest_frame_001,alphafactor_arrest,11,2,1,42.821,12.313,33.951,12.313,33.951,0.227,True,7.556,0.176,13.918,11.689,50.715,121.897,80.655,85.419,58.226,117.573,69.126
alphafactor_arrest_frame_002,alphafactor_arrest,18,3,5,34.265,15.025,19.643,15.025,19.643,0.432,True,2.613,0.076,3.505,2.336,17.657,121.316,90.342,139.091,119.636,126.758,104.347
alphafactor_arrest_frame_003,alphafactor_arrest,8,1,0,24.211,12.186,16.004,12.186,16.004,0.408,True,7.13,0.295,7.469,2.223,62.268,237.8,115.0,228.861,92.5,240.778,103.183
alphafactor_arrest_frame_003,alphafactor_arrest,14,5,4,32.229,13.199,36.875,13.199,36.875,-0.071,False,13.001,0.403,22.523,18.392,120.583,137.6,182.467,124.862,152.862,126.558,189.698
alphafactor_arrest_frame_003,alphafactor_arrest,17,7,6,23.736,10.005,18.468,10.005,18.468,0.286,True,7.346,0.31,8.93,5.076,70.686,254.1,226.9,234.525,213.475,252.654,217.0
alphafactor_arrest_frame_004,alphafactor_arrest,3,2,4,30.057,11.066,19.021,11.066,19.021,0.368,True,0.641,0.021,4.033,3.981,5.251,147.222,60.444,134.429,87.643,143.1,70.714
alphafactor_arrest_frame_004,alphafactor_arrest,8,5,6,4.293,10.643,14.378,10.643,14.378,-2.034,False,6.082,1.417,12.466,10.881,170.175,136.909,130.909,132.625,130.625,145.222,137.556
alphafactor_arrest_frame_005,alphafactor_arrest,5,3,5,38.207,14.403,24.014,14.403,24.014,0.374,True,1.938,0.051,5.206,4.832,12.361,148.571,79.25,125.895,110.0,138.541,89.586
alphafactor_arrest_frame_005,alphafactor_arrest,3,0,2,47.359,25.775,34.494,25.775,34.494,0.383,True,18.319,0.387,19.141,5.548,77.373,252.395,30.372,221.0,65.829,254.091,56.091
alphafactor_arrest_frame_006,alphafactor_arrest,12,4,2,41.586,19.262,24.495,19.262,24.495,0.434,True,6.751,0.162,7.291,2.753,36.518,125.621,168.0,103.1,133.04,121.527,149.178
alphafactor_arrest_frame_006,alphafactor_arrest,9,1,3,41.152,17.654,27.265,17.654,27.265,0.373,True,8.755,0.213,10.206,5.245,48.457,131.333,126.0,165.176,149.412,138.961,141.922
alphafactor_arrest_frame_007,alphafactor_arrest,9,2,1,26.654,9.862,18.035,9.862,18.035,0.34,True,3.919,0.147,5.801,4.277,35.967,141.583,131.667,155.767,109.1,143.081,121.919
alphafactor_arrest_frame_009,alphafactor_arrest,2,1,0,31.68,24.419,24.649,24.419,24.649,0.494,True,18.735,0.591,18.736,0.178,99.577,128.2,62.95,96.553,61.511,111.703,80.954
alphafactor_arrest_frame_009,alphafactor_arrest,6,3,5,41.133,12.655,29.359,12.655,29.359,0.293,True,3.91,0.095,9.384,8.531,25.652,214.118,84.765,178.615,105.538,205.704,94.218
alphafactor_arrest_frame_009,alphafactor_arrest,3,4,2,48.436,15.865,34.73,15.865,34.73,0.297,True,6.734,0.139,11.934,9.853,36.295,155.286,93.214,195.75,66.594,163.586,79.694
alphafactor_arrest_frame_010,alphafactor_arrest,13,3,6,36.46,17.519,28.097,17.519,28.097,0.319,True,13.117,0.36,14.691,6.617,76.311,118.917,78.375,143.5,105.3,117.06,95.795
alphafactor_arrest_frame_010,alphafactor_arrest,8,1,0,54.03,23.611,30.609,23.611,30.609,0.435,True,2.249,0.042,4.169,3.511,9.678,138.87,74.109,106.7,30.7,126.682,53.886
alphafactor_arrest_frame_010,alphafactor_arrest,17,8,5,31.059,11.421,25.488,11.421,25.488,0.231,True,8.889,0.286,12.202,8.358,71.517,54.615,120.846,54.723,89.787,63.529,113.706
alphafactor_arrest_frame_011,alphafactor_arrest,8,0,1,6.209,25.484,30.75,25.484,30.75,-3.34,False,14.806,2.385,28.069,23.846,173.262,137.6,120.067,142.111,124.333,112.357,116.571
alphafactor_arrest_frame_012,alphafactor_arrest,3,2,3,42.471,14.059,28.412,14.059,28.412,0.331,True,0.002,0.0,7.177,7.177,0.014,153.818,86.0,196.286,85.429,167.876,85.809
alphafactor_arrest_frame_012,alphafactor_arrest,7,1,6,52.324,25.144,29.957,25.144,29.957,0.452,True,8.6,0.164,8.966,2.534,36.684,148.366,60.878,106.623,92.426,134.701,81.985
alphafactor_arrest_frame_012,alphafactor_arrest,1,0,4,31.059,8.341,33.188,8.341,33.188,-0.035,False,8.271,0.266,18.556,16.611,111.878,96.923,60.462,84.07,88.737,104.9,62.9
alphafactor_arrest_frame_013,alphafactor_arrest,17,4,2,27.09,12.366,21.065,12.366,21.065,0.302,True,9.276,0.342,10.717,5.367,74.73,150.871,133.645,133.938,112.5,153.0,121.463
alphafactor_arrest_frame_013,alphafactor_arrest,16,1,3,35.945,18.149,31.924,18.149,31.924,0.233,True,16.1,0.448,18.742,9.594,92.795,111.122,91.22,101.205,125.769,124.286,103.714
alphafactor_arrest_frame_013,alphafactor_arrest,24,5,6,33.665,14.321,27.338,14.321,27.338,0.261,True,11.315,0.336,13.889,8.054,76.645,119.786,142.679,146.333,163.381,119.75,157.0
alphafactor_arrest_frame_014,alphafactor_arrest,5,4,2,28.335,11.784,33.662,11.784,33.662,-0.119,False,11.289,0.398,20.863,17.545,126.249,175.419,112.226,147.394,108.045,180.425,101.558
alphafactor_arrest_frame_014,alphafactor_arrest,3,1,3,41.793,15.266,31.256,15.266,31.256,0.287,True,9.44,0.226,12.974,8.899,55.779,118.875,94.547,79.882,109.588,104.284,90.057
alphafactor_arrest_frame_015,alphafactor_arrest,4,3,2,24.076,26.824,34.742,26.824,34.742,0.079,True,26.756,1.111,28.607,10.124,136.274,139.924,82.835,129.783,61.0,114.852,92.37
alphafactor_arrest_frame_016,alphafactor_arrest,11,3,4,18.096,15.044,20.337,15.044,20.337,0.214,True,14.536,0.803,15.43,5.174,120.702,94.22,125.356,112.0,128.727,100.735,111.796
alphafactor_arrest_frame_017,alphafactor_arrest,2,2,0,39.634,12.782,36.005,12.782,36.005,0.139,True,11.527,0.291,18.362,14.293,83.065,197.091,30.273,225.302,2.434,209.119,34.597
alphafactor_arrest_frame_017,alphafactor_arrest,20,5,6,27.365,11.63,23.799,11.63,23.799,0.212,True,10.077,0.368,12.791,7.878,85.109,227.972,140.472,204.5,154.54,217.812,134.812
alphafactor_arrest_frame_017,alphafactor_arrest,9,3,4,29.595,14.595,21.993,14.595,21.993,0.345,True,10.415,0.352,11.374,4.573,73.794,23.895,60.838,9.397,86.638,9.807,64.649
alphafactor_arrest_frame_018,alphafactor_arrest,4,4,7,29.848,16.041,19.539,16.041,19.539,0.43,True,9.616,0.322,9.84,2.085,66.317,208.294,84.471,200.64,113.32,195.707,94.414
alphafactor_arrest_frame_018,alphafactor_arrest,0,1,0,18.47,11.473,17.318,11.473,17.318,0.253,True,10.476,0.567,11.423,4.555,103.15,85.0,36.077,66.652,33.957,79.149,45.946
alphafactor_arrest_frame_018,alphafactor_arrest,14,12,13,31.271,20.492,25.25,20.492,25.25,0.389,True,16.497,0.528,16.86,3.48,94.412,148.571,157.619,139.321,187.491,129.217,164.35
alphafactor_arrest_frame_018,alphafactor_arrest,2,2,5,44.087,14.89,37.078,14.89,37.078,0.203,True,11.888,0.27,17.673,13.078,71.677,49.991,83.134,87.846,105.731,63.783,77.522
alphafactor_arrest_frame_018,alphafactor_arrest,9,8,9,26.429,13.543,14.435,13.543,14.435,0.482,True,4.587,0.174,4.611,0.472,38.323,179.289,127.632,153.8,134.617,165.788,126.576
alphafactor_arrest_frame_018,alphafactor_arrest,7,6,3,28.916,10.844,35.424,10.844,35.424,-0.18,False,9.512,0.329,21.845,19.665,134.273,163.5,106.25,145.241,83.828,159.412,116.294
alphafactor_arrest_frame_018,alphafactor_arrest,11,10,11,25.817,11.331,15.552,11.331,15.552,0.415,True,3.697,0.143,4.301,2.197,32.795,202.903,143.0,177.676,148.486,193.222,148.889
alphafactor_arrest_frame_019,alphafactor_arrest,4,1,0,34.478,18.697,21.051,18.697,21.051,0.461,True,9.866,0.286,9.958,1.357,59.794,195.069,66.586,161.2,60.133,181.314,53.923
alphafactor_arrest_frame_019,alphafactor_arrest,13,5,4,41.802,25.07,29.976,25.07,29.976,0.423,True,17.783,0.425,18.074,3.23,81.571,106.056,176.222,104.364,134.455,87.571,159.286
alphafactor_arrest_frame_020,alphafactor_arrest,9,3,1,24.643,10.92,21.068,10.92,21.068,0.233,True,9.293,0.377,11.39,6.586,84.495,79.556,103.667,61.917,86.458,68.961,106.314
alphafactor_arrest_frame_022,alphafactor_arrest,1,1,4,28.577,29.881,35.962,29.881,35.962,0.255,True,28.98,1.014,29.815,7.006,129.585,163.25,89.398,150.846,115.143,133.981,83.38
alphafactor_arrest_frame_022,alphafactor_arrest,6,3,0,21.719,11.953,19.622,11.953,19.622,0.243,True,10.721,0.494,12.084,5.575,96.88,208.578,102.111,210.378,80.467,219.7,97.733
alphafactor_arrest_frame_023,alphafactor_arrest,18,4,3,31.849,8.226,23.747,8.226,23.747,0.255,True,1.228,0.039,7.887,7.791,11.551,46.636,167.5,64.6,141.2,52.238,161.476
alphafactor_arrest_frame_024,alphafactor_arrest,6,3,1,24.533,11.74,33.849,11.74,33.849,-0.337,False,8.325,0.339,22.166,20.543,149.07,139.5,50.833,131.393,27.679,134.377,61.396
alphafactor_arrest_frame_024,alphafactor_arrest,1,0,2,26.994,26.862,28.038,26.862,28.038,0.456,True,23.88,0.885,23.91,1.196,121.142,107.667,9.0,105.56,35.912,82.9,19.4
alphafactor_arrest_frame_025,alphafactor_arrest,0,0,1,23.199,19.802,30.179,19.802,30.179,0.018,True,19.798,0.853,22.736,11.179,129.779,96.458,64.312,85.273,84.636,113.6,74.227
alphafactor_arrest_frame_026,alphafactor_arrest,3,3,1,22.615,27.024,28.097,27.024,28.097,0.442,True,25.106,1.11,25.14,1.307,131.604,110.097,26.613,109.811,4.0,135.074,16.296
alphafactor_arrest_frame_026,alphafactor_arrest,5,4,6,14.443,25.281,28.919,25.281,28.919,0.027,True,25.278,1.75,26.183,6.825,150.041,110.062,36.25,111.7,50.6,135.222,33.778
alphafactor_arrest_frame_028,alphafactor_arrest,15,2,1,28.918,13.807,35.653,13.807,35.653,-0.146,False,13.145,0.455,22.843,18.682,129.443,137.375,158.625,163.609,146.457,128.013,148.477
training_1_frame_000,training_1,0,1,0,29.297,13.124,16.18,13.124,16.18,0.448,True,0.329,0.011,1.563,1.528,2.6,182.275,85.22,153.531,79.556,169.466,82.361
training_1_frame_001,training_1,0,1,0,27.49,13.007,16.032,13.007,16.032,0.442,True,4.65,0.169,4.917,1.598,37.805,181.727,32.455,196.279,9.131,184.212,19.687
training_1_frame_001,training_1,5,4,5,21.337,13.043,15.039,13.043,15.039,0.438,True,9.089,0.426,9.184,1.313,81.359,94.317,138.983,105.062,157.417,106.881,142.488
training_1_frame_002,training_1,2,1,0,5.473,11.775,15.37,11.775,15.37,-1.129,False,10.022,1.831,13.415,8.917,162.357,177.091,82.636,171.629,82.984,183.895,92.246
training_1_frame_002,training_1,1,2,3,23.129,15.557,37.15,15.557,37.15,-0.564,False,8.486,0.367,26.025,24.603,160.146,107.618,95.949,118.906,116.137,108.661,80.427
training_1_frame_003,training_1,5,5,3,34.588,14.264,34.655,14.264,34.655,0.083,True,13.972,0.404,20.079,14.42,102.153,160.91,117.194,190.788,99.769,170.432,127.815
training_1_frame_003,training_1,0,0,1,31.979,15.75,16.569,15.75,16.569,0.487,True,2.337,0.073,2.374,0.414,16.643,127.593,48.873,159.028,54.75,143.333,49.438
training_1_frame_003,training_1,6,6,4,31.333,16.105,28.916,16.105,28.916,0.206,True,14.752,0.471,17.387,9.203,97.015,77.462,140.048,63.109,112.196,61.388,141.06
training_1_frame_004,training_1,4,2,3,20.925,10.115,12.89,10.115,12.89,0.427,True,4.739,0.226,4.978,1.526,49.503,104.25,147.083,124.857,150.714,112.229,153.301
training_1_frame_005,training_1,1,2,0,25.111,14.485,16.44,14.485,16.44,0.452,True,8.998,0.358,9.078,1.204,71.585,176.978,114.22,189.75,92.6,190.499,109.023
training_1_frame_005,training_1,4,4,3,22.703,11.303,12.107,11.303,12.107,0.482,True,2.853,0.126,2.883,0.415,28.252,153.815,161.0,169.149,144.257,159.098,151.008
training_1_frame_006,training_1,0,1,2,33.073,16.194,17.372,16.194,17.372,0.482,True,2.864,0.087,2.925,0.598,19.674,80.725,79.812,48.233,85.986,65.601,85.601
training_1_frame_006,training_1,1,3,0,24.822,12.322,15.159,12.322,15.159,0.437,True,5.858,0.236,6.065,1.571,51.118,187.732,94.986,202.13,74.766,198.792,89.553
training_1_frame_008,training_1,4,4,3,35.076,15.228,19.964,15.228,19.964,0.432,True,1.413,0.04,2.764,2.376,9.38,66.448,161.897,57.082,128.094,63.761,146.908
training_1_frame_009,training_1,3,4,1,30.981,12.368,19.409,12.368,19.409,0.383,True,3.441,0.111,4.988,3.611,26.366,91.912,45.035,97.687,14.597,90.746,32.723
training_1_frame_009,training_1,2,3,2,38.141,15.765,22.974,15.765,22.974,0.404,True,3.329,0.087,4.948,3.661,20.525,179.49,33.863,142.917,23.042,165.658,26.298
training_1_frame_010,training_1,0,1,0,25.772,6.974,32.681,6.974,32.681,-0.267,False,1.067,0.041,19.806,19.777,173.072,81.238,56.714,106.449,51.367,74.275,57.101
training_1_frame_010,training_1,4,2,3,25.382,30.369,33.926,30.369,33.926,0.323,True,29.245,1.152,29.59,4.505,133.907,99.292,80.558,98.833,105.936,69.904,88.215
training_1_frame_011,training_1,4,6,4,25.572,14.337,14.574,14.337,14.574,0.495,True,6.744,0.264,6.745,0.134,55.625,178.143,130.19,157.125,115.625,163.903,128.527
training_1_frame_011,training_1,5,5,7,39.713,16.043,23.721,16.043,23.721,0.403,True,0.983,0.025,3.968,3.844,5.891,148.659,130.317,109.417,136.417,132.987,133.748
training_1_frame_011,training_1,1,1,2,46.292,10.984,35.841,10.984,35.841,0.228,True,2.969,0.064,12.917,12.571,20.433,147.375,80.222,189.706,98.958,155.843,87.217
training_1_frame_012,training_1,4,4,3,23.751,5.297,18.457,5.297,18.457,0.223,True,0.178,0.007,6.584,6.581,2.479,121.906,142.962,135.676,123.611,124.83,138.546
training_1_frame_012,training_1,1,2,0,27.682,12.451,15.244,12.451,15.244,0.45,True,0.429,0.015,1.461,1.397,3.585,119.239,102.269,130.02,76.772,123.69,90.64
training_1_frame_013,training_1,0,4,3,13.237,15.185,17.241,15.185,17.241,0.31,True,14.621,1.105,14.836,2.519,132.335,114.02,137.571,114.609,124.348,128.809,134.126
training_1_frame_014,training_1,3,6,7,32.431,13.421,19.04,13.421,19.04,0.413,True,0.697,0.022,2.897,2.812,5.077,56.909,111.909,88.682,118.409,69.9,115.279
training_1_frame_014,training_1,5,9,8,24.314,12.663,12.918,12.663,12.918,0.494,True,3.976,0.164,3.978,0.134,36.227,131.208,143.292,108.765,133.941,118.581,142.338
training_1_frame_014,training_1,1,1,2,21.936,12.355,13.25,12.355,13.25,0.476,True,6.597,0.301,6.618,0.522,62.138,169.88,63.92,160.474,83.737,159.441,70.528
training_1_frame_014,training_1,6,12,10,24.866,11.287,14.495,11.287,14.495,0.433,True,3.376,0.136,3.763,1.663,30.87,230.774,195.903,241.107,173.286,238.32,187.51
training_1_frame_014,training_1,4,5,4,24.124,14.33,14.698,14.33,14.698,0.491,True,8.072,0.335,8.075,0.222,67.593,149.667,104.0,125.764,107.255,139.024,113.595
training_1_frame_014,training_1,7,13,14,20.003,10.765,11.099,10.765,11.099,0.491,True,4.414,0.221,4.417,0.183,47.635,210.775,232.708,201.842,250.605,210.339,243.464
training_1_frame_015,training_1,5,6,7,36.992,17.837,20.752,17.837,20.752,0.459,True,5.476,0.148,5.683,1.52,33.177,130.091,136.955,160.88,157.46,147.256,141.807
training_1_frame_015,training_1,0,1,0,31.432,16.834,19.128,16.834,19.128,0.458,True,8.713,0.277,8.812,1.312,58.27,163.45,74.65,165.98,43.32,173.294,60.994
training_1_frame_015,training_1,2,4,5,31.015,13.905,33.028,13.905,33.028,0.033,True,13.866,0.447,20.04,14.469,110.54,120.43,99.308,149.987,108.707,125.621,86.409
training_1_frame_015,training_1,7,8,9,33.584,12.656,21.146,12.656,21.146,0.373,True,1.858,0.055,4.659,4.273,13.481,80.673,198.491,75.455,231.667,76.892,210.569
training_1_frame_016,training_1,0,1,0,24.929,8.356,17.931,8.356,17.931,0.297,True,3.851,0.154,6.349,5.048,39.841,115.921,97.026,99.043,78.681,113.734,88.961
training_1_frame_017,training_1,2,2,0,40.828,13.136,31.462,13.136,31.462,0.255,True,8.018,0.196,12.825,10.009,52.384,100.337,36.855,127.615,6.477,113.255,34.471
training_1_frame_017,training_1,6,8,5,29.166,17.835,24.793,17.835,24.793,0.326,True,15.095,0.518,15.929,5.085,95.327,132.897,149.448,150.714,126.357,150.65,151.15
training_1_frame_018,training_1,1,0,3,31.983,16.013,16.772,16.013,16.772,0.488,True,3.604,0.113,3.625,0.389,25.412,109.061,95.592,87.16,118.9,95.751,104.495
training_1_frame_018,training_1,3,5,2,23.631,7.853,20.342,7.853,20.342,0.185,True,6.528,0.276,9.906,7.45,74.953,161.458,140.042,167.076,117.089,156.155,134.25
training_1_frame_018,training_1,2,1,4,23.277,11.229,12.102,11.229,12.102,0.481,True,0.789,0.034,0.902,0.437,7.766,119.256,115.974,102.615,132.25,110.697,123.242
training_1_frame_019,training_1,3,3,5,28.21,15.568,16.774,15.568,16.774,0.475,True,7.902,0.28,7.932,0.691,58.609,186.08,131.24,205.914,151.3,189.892,146.334
training_1_frame_019,training_1,4,4,2,23.343,13.684,33.91,13.684,33.91,-0.383,False,10.353,0.444,23.073,20.619,148.613,170.795,148.393,168.905,125.127,161.2,158.15
training_1_frame_020,training_1,8,10,11,25.114,13.084,13.39,13.084,13.39,0.494,True,4.188,0.167,4.191,0.161,36.892,162.955,104.636,140.033,114.9,149.93,105.88
training_1_frame_020,training_1,2,5,0,32.506,14.978,17.739,14.978,17.739,0.457,True,1.849,0.057,2.313,1.39,13.075,232.789,66.474,237.867,34.367,233.285,51.504
training_1_frame_020,training_1,1,3,1,29.568,14.09,15.494,14.09,15.494,0.476,True,0.482,0.016,0.852,0.703,3.741,165.432,52.946,191.241,38.517,177.959,46.495
training_1_frame_020,training_1,10,12,13,26.433,12.719,26.416,12.719,26.416,0.116,True,12.341,0.467,15.972,10.139,103.853,169.0,126.935,195.412,125.882,172.566,139.145
training_1_frame_020,training_1,7,6,7,21.756,19.336,32.693,19.336,32.693,-0.234,False,18.653,0.857,24.557,15.972,140.063,154.233,70.767,175.738,74.062,146.373,88.433
training_1_frame_020,training_1,5,8,4,24.568,13.411,16.876,13.411,16.876,0.413,True,8.767,0.357,9.023,2.136,72.122,207.056,86.465,196.811,64.135,210.792,73.585
training_1_frame_021,training_1,2,4,3,29.077,14.526,15.235,14.526,15.235,0.488,True,3.17,0.109,3.191,0.363,24.616,122.92,133.28,138.647,108.824,133.254,123.072
training_1_frame_021,training_1,1,2,1,28.058,15.442,22.364,15.442,22.364,0.334,True,12.278,0.438,13.134,4.664,85.962,109.376,88.328,132.3,72.15,124.107,92.959
training_1_frame_021,training_1,5,6,7,25.791,15.978,19.702,15.978,19.702,0.4,True,12.198,0.473,12.467,2.576,88.022,86.587,197.433,106.058,214.346,86.378,213.409
training_1_frame_022,training_1,2,2,3,26.849,12.62,21.262,12.62,21.262,0.297,True,9.783,0.364,11.2,5.453,78.222,41.14,72.474,67.942,74.067,49.679,63.181
training_1_frame_022,training_1,3,5,4,37.489,16.344,21.151,16.344,21.151,0.436,True,0.322,0.009,2.425,2.404,2.002,37.5,116.0,66.125,91.792,49.769,105.202
training_1_frame_023,training_1,3,6,7,25.832,12.122,18.253,12.122,18.253,0.36,True,7.761,0.3,8.557,3.605,64.975,164.574,78.021,146.271,96.25,152.5,79.093
training_1_frame_023,training_1,2,4,3,29.728,13.984,15.746,13.984,15.746,0.47,True,0.197,0.007,0.903,0.881,1.521,85.6,62.333,109.533,44.7,96.741,53.881
training_1_frame_023,training_1,4,9,8,21.818,11.616,13.5,11.616,13.5,0.45,True,6.198,0.284,6.292,1.084,59.573,143.443,167.405,163.577,159.0,150.122,157.901
training_1_frame_023,training_1,0,0,1,23.594,10.571,13.495,10.571,13.495,0.437,True,2.352,0.1,2.785,1.491,22.896,151.548,20.71,135.778,38.259,142.91,26.803
training_1_frame_023,training_1,1,2,5,41.928,12.564,29.546,12.564,29.546,0.297,True,1.792,0.043,8.714,8.528,11.676,162.394,41.197,132.048,70.129,152.157,48.481
training_1_frame_024,training_1,2,3,2,11.191,14.058,15.573,14.058,15.573,0.321,True,13.592,1.215,13.739,2.005,135.989,254.556,109.778,243.406,110.736,249.815,96.543
training_1_frame_025,training_1,0,2,0,21.476,11.228,16.503,11.228,16.503,0.341,True,8.503,0.396,9.159,3.405,80.238,136.308,81.115,129.943,60.604,142.255,71.592
training_1_frame_025,training_1,3,7,6,32.331,13.358,36.944,13.358,36.944,-0.068,False,13.178,0.408,22.591,18.349,120.305,156.564,122.33,188.776,119.566,155.515,135.646
training_1_frame_025,training_1,1,4,1,25.709,9.661,32.179,9.661,32.179,-0.213,False,7.964,0.31,19.979,18.323,138.806,174.369,92.369,158.926,71.815,184.021,91.957
training_1_frame_026,training_1,3,5,6,28.59,10.405,19.92,10.405,19.92,0.323,True,4.768,0.167,6.942,5.046,41.12,140.104,102.667,145.305,130.78,137.098,112.628
training_1_frame_026,training_1,2,4,3,23.771,11.572,12.334,11.572,12.334,0.484,True,1.267,0.053,1.324,0.383,12.183,168.351,101.07,182.016,81.619,176.0,92.387
training_1_frame_026,training_1,1,1,2,25.94,9.998,17.094,9.998,17.094,0.357,True,3.759,0.145,5.278,3.705,34.784,123.893,53.179,141.8,71.946,133.008,57.287
training_1_frame_027,training_1,1,0,1,20.554,12.249,16.282,12.249,16.282,0.364,True,9.701,0.472,10.097,2.799,88.947,143.337,94.163,126.316,105.684,131.707,90.321
training_1_frame_027,training_1,0,2,3,27.025,27.584,35.989,27.584,35.989,0.134,True,27.344,1.012,29.077,9.886,131.893,169.654,104.654,145.625,117.021,153.917,82.0
training_1_frame_028,training_1,2,5,2,28.047,14.479,23.159,14.479,23.159,0.292,True,11.933,0.425,13.279,5.824,86.522,64.106,108.871,59.525,81.2,74.54,98.832
training_1_frame_028,training_1,1,4,1,26.983,13.667,14.469,13.667,14.469,0.484,True,3.983,0.148,4.005,0.418,32.925,202.118,93.5,180.657,77.143,189.306,88.743
training_1_frame_029,training_1,1,0,4,26.699,13.808,16.016,13.808,16.016,0.454,True,6.622,0.248,6.736,1.233,53.083,142.246,67.574,139.136,94.091,147.412,80.379
training_1_frame_029,training_1,2,3,1,26.02,16.692,18.198,16.692,18.198,0.461,True,11.602,0.446,11.646,1.009,83.645,85.331,92.512,61.21,82.754,69.854,98.767
training_1_frame_029,training_1,3,5,2,25.711,11.331,15.462,11.331,15.462,0.416,True,3.719,0.145,4.297,2.152,33.077,121.647,108.647,118.651,83.111,116.706,98.45
training_1_frame_030,training_1,4,5,6,37.255,16.504,20.905,16.504,20.905,0.441,True,1.683,0.045,2.778,2.21,10.473,71.7,185.88,99.661,210.5,85.134,195.466
training_1_frame_030,training_1,1,2,1,31.225,15.227,30.813,15.227,30.813,0.132,True,14.658,0.469,18.625,11.49,102.701,168.5,60.909,174.179,30.205,183.664,59.522
training_1_frame_030,training_1,6,7,8,37.611,12.483,26.64,12.483,26.64,0.304,True,4.99,0.133,8.895,7.363,34.358,106.252,241.888,70.706,254.176,97.068,250.342
training_1_frame_031,training_1,0,0,1,28.779,16.176,16.879,16.176,16.879,0.486,True,8.128,0.282,8.138,0.403,58.949,64.185,24.769,35.407,24.481,50.281,16.502
training_1_frame_031,training_1,5,6,5,26.172,12.233,14.184,12.233,14.184,0.462,True,1.794,0.069,2.046,0.985,15.695,189.472,112.792,177.184,89.684,185.374,101.265
training_1_frame_031,training_1,6,8,7,23.968,10.418,13.63,10.418,13.63,0.433,True,0.974,0.041,1.883,1.612,9.464,211.724,163.655,206.562,140.25,210.442,153.317
training_1_frame_031,training_1,2,3,2,31.491,11.699,20.676,11.699,20.676,0.353,True,3.602,0.114,5.854,4.615,27.962,49.944,66.514,31.591,40.924,46.384,55.37
training_1_frame_032,training_1,0,0,2,31.153,16.182,18.574,16.182,18.574,0.457,True,7.682,0.247,7.797,1.334,52.771,123.755,67.622,144.959,90.446,139.077,72.828
training_1_frame_032,training_1,1,3,4,34.86,16.884,19.05,16.884,19.05,0.468,True,4.35,0.125,4.491,1.116,28.127,73.575,98.466,101.493,119.342,89.245,104.752
training_1_frame_033,training_1,0,0,1,24.978,14.614,15.435,14.614,15.435,0.48,True,8.347,0.334,8.362,0.494,67.572,183.075,73.275,158.796,79.143,169.454,67.979
training_1_frame_033,training_1,1,2,4,23.871,13.768,16.147,13.768,16.147,0.438,True,8.971,0.376,9.094,1.491,74.406,185.456,95.544,191.421,118.658,179.38,107.899
training_1_frame_033,training_1,3,7,6,22.375,11.8,13.699,11.8,13.699,0.452,True,6.092,0.272,6.187,1.082,57.488,96.027,161.824,116.788,153.481,107.675,163.709
training_1_frame_033,training_1,2,3,5,29.738,13.459,16.714,13.459,16.714,0.444,True,2.537,0.085,3.027,1.651,19.595,63.86,110.684,85.814,130.743,71.907,121.473
training_1_frame_034,training_1,2,3,5,34.372,16.117,18.256,16.117,18.256,0.469,True,0.113,0.003,1.075,1.069,0.755,125.537,105.366,157.283,118.543,140.379,111.649
training_1_frame_034,training_1,3,2,4,25.96,14.365,15.169,14.365,15.169,0.482,True,7.038,0.271,7.053,0.457,56.978,85.836,103.716,64.448,118.431,79.508,116.613
training_1_frame_034,training_1,0,1,0,26.615,13.496,14.167,13.496,14.167,0.487,True,3.772,0.142,3.788,0.349,31.67,64.372,78.245,88.617,67.266,77.733,76.335
training_1_frame_035,training_1,0,0,1,32.512,15.432,17.442,15.432,17.442,0.469,True,2.427,0.075,2.631,1.016,17.049,100.299,41.612,131.317,51.354,115.566,43.862
training_1_frame_035,training_1,4,5,3,30.708,11.927,20.938,11.927,20.938,0.343,True,5.597,0.182,7.388,4.822,43.494,156.066,131.658,140.055,105.455,155.35,119.752
training_1_frame_035,training_1,8,7,6,26.707,11.459,17.431,11.459,17.431,0.379,True,5.369,0.201,6.266,3.23,45.88,193.606,141.879,218.14,131.326,205.027,142.811
training_1_frame_036,training_1,1,3,5,26.329,12.616,13.912,12.616,13.912,0.475,True,1.619,0.061,1.746,0.653,14.056,97.667,82.889,108.959,106.673,101.57,94.886
training_1_frame_036,training_1,0,1,2,37.487,18.429,19.069,18.429,19.069,0.491,True,0.445,0.012,0.548,0.32,2.723,130.581,81.257,168.067,81.589,149.0,81.865
training_1_frame_037,training_1,0,0,1,24.814,5.869,19.41,5.869,19.41,0.222,True,2.023,0.082,7.188,6.897,26.139,114.16,42.693,119.638,66.895,113.404,48.514
training_1_frame_037,training_1,1,3,5,31.961,21.229,33.96,21.229,33.96,0.156,True,20.634,0.646,23.38,10.992,113.825,137.988,91.554,113.626,112.243,120.829,79.055
training_1_frame_038,training_1,5,3,4,35.588,13.866,24.542,13.866,24.542,0.338,True,6.89,0.194,8.981,5.761,46.099,120.565,144.913,85.924,153.068,110.431,154.377
training_1_frame_039,training_1,1,0,1,24.136,20.271,21.129,20.271,21.129,0.47,True,16.807,0.696,16.823,0.736,108.711,62.519,45.352,86.63,44.259,74.6,61.629
training_1_frame_039,training_1,4,4,3,24.509,12.394,14.146,12.394,14.146,0.461,True,5.079,0.207,5.166,0.948,45.228,55.083,151.104,34.727,137.455,42.864,149.025
training_1_frame_040,training_1,1,0,1,34.627,9.401,25.288,9.401,25.288,0.27,True,0.921,0.027,8.011,7.958,7.71,90.385,26.923,91.661,61.527,89.809,36.307
training_1_frame_041,training_1,0,1,0,26.609,10.04,16.921,10.04,16.921,0.369,True,2.098,0.079,4.069,3.486,19.182,135.743,69.114,140.355,42.908,139.511,59.808
training_1_frame_041,training_1,1,2,3,30.194,14.301,17.326,14.301,17.326,0.448,True,4.682,0.155,4.943,1.584,34.788,134.027,94.054,148.667,120.462,144.673,103.602
training_1_frame_042,training_1,4,8,7,38.324,17.737,20.598,17.737,20.598,0.463,True,0.461,0.012,1.504,1.431,2.772,30.172,163.966,49.974,131.154,38.939,148.547
training_1_frame_042,training_1,3,4,6,26.991,12.314,14.884,12.314,14.884,0.452,True,1.668,0.062,2.112,1.295,14.22,79.988,81.725,73.133,107.831,75.276,93.102
training_1_frame_042,training_1,2,3,5,26.826,12.187,15.627,12.187,15.627,0.434,True,3.643,0.136,4.056,1.784,30.874,59.765,68.059,57.984,94.825,62.628,79.904
training_1_frame_042,training_1,1,2,1,24.05,11.398,12.838,11.398,12.838,0.47,True,1.494,0.062,1.661,0.726,14.214,117.273,57.255,141.029,53.507,128.667,56.97
training_1_frame_043,training_1,1,1,2,34.545,14.468,20.139,14.468,20.139,0.418,True,1.019,0.03,3.018,2.84,6.942,150.4,158.886,167.967,188.63,156.862,171.831
training_1_frame_043,training_1,2,3,4,16.258,8.424,9.109,8.424,9.109,0.477,True,3.278,0.202,3.299,0.369,44.001,120.868,194.934,137.115,195.541,128.5,198.5
training_1_frame_044,training_1,0,0,1,4.623,1.844,4.606,1.844,4.606,0.083,True,1.803,0.39,2.639,1.927,101.018,92.086,75.057,94.667,71.222,90.804,73.731
training_1_frame_044,training_1,3,4,5,28.123,13.109,15.168,13.109,15.168,0.463,True,1.471,0.052,1.798,1.035,12.005,159.16,140.44,179.204,160.167,167.413,150.626
training_1_frame_045,training_1,4,4,5,28.343,13.785,14.562,13.785,14.562,0.486,True,0.201,0.007,0.437,0.389,1.623,204.354,103.177,180.655,118.724,192.94,110.905
training_1_frame_045,training_1,2,3,1,26.49,13.084,13.436,13.084,13.436,0.493,True,0.631,0.024,0.655,0.176,5.458,166.753,89.961,149.88,69.54,157.942,80.288
training_1_frame_045,training_1,0,0,2,39.913,9.678,37.251,9.678,37.251,0.094,True,8.923,0.224,18.504,16.21,81.084,84.587,44.651,104.707,79.122,78.769,52.385
training_1_frame_046,training_1,4,6,5,26.005,14.115,16.729,14.115,16.729,0.44,True,8.251,0.317,8.396,1.55,65.326,56.885,175.115,79.427,162.146,62.698,162.251
training_1_frame_046,training_1,2,1,2,22.364,9.799,12.593,9.799,12.593,0.437,True,0.559,0.025,1.506,1.399,5.812,144.615,73.385,165.655,80.966,153.63,77.227
training_1_frame_046,training_1,3,4,3,21.404,9.718,12.328,9.718,12.328,0.437,True,2.621,0.122,2.945,1.344,27.923,92.368,132.228,76.077,118.346,86.945,124.164
training_1_frame_047,training_1,2,5,4,27.364,13.119,15.391,13.119,15.391,0.457,True,3.988,0.146,4.16,1.184,32.714,180.747,164.899,153.825,160.0,169.165,158.738
training_1_frame_047,training_1,0,3,2,18.552,10.557,11.491,10.557,11.491,0.47,True,5.949,0.321,5.975,0.555,65.48,60.0,135.417,44.867,124.686,56.327,125.519
training_1_frame_048,training_1,0,1,0,20.587,14.729,15.131,14.729,15.131,0.486,True,10.812,0.525,10.816,0.291,92.836,107.617,48.256,124.343,36.254,109.44,33.64
training_1_frame_048,training_1,1,4,3,16.892,9.689,16.749,9.689,16.749,0.173,True,9.238,0.547,10.764,5.525,105.928,99.558,103.726,111.762,92.048,95.281,95.031
training_1_frame_049,training_1,3,3,4,39.995,17.035,23.176,17.035,23.176,0.423,True,2.059,0.051,3.711,3.087,12.041,143.038,100.9,103.29,105.338,126.003,100.73
training_1_frame_049,training_1,0,1,0,20.926,14.191,16.252,14.191,16.252,0.428,True,11.001,0.526,11.103,1.5,93.433,101.747,71.77,83.873,60.889,88.37,76.506
training_1_frame_050,training_1,0,0,1,21.663,13.27,34.025,13.27,34.025,-0.546,False,6.024,0.278,23.443,22.656,163.202,99.927,95.659,120.056,103.667,91.167,85.69
training_1_frame_051,training_1,1,3,1,27.742,13.815,15.313,13.815,15.313,0.472,True,4.433,0.16,4.502,0.786,35.541,185.767,94.795,161.365,81.596,176.367,84.671
training_1_frame_051,training_1,4,5,4,13.082,12.79,13.087,12.79,13.087,0.478,True,11.161,0.853,11.165,0.294,119.277,169.694,128.677,178.688,119.177,182.093,131.814
training_1_frame_052,training_1,1,3,4,22.691,12.338,14.004,12.338,14.004,0.457,True,6.671,0.294,6.741,0.967,61.185,116.966,103.713,137.571,113.214,129.184,102.0
training_1_frame_053,training_1,4,4,7,31.478,13.647,20.708,13.647,20.708,0.378,True,6.706,0.213,7.734,3.853,48.327,55.307,113.76,67.876,142.619,66.201,121.979
training_1_frame_053,training_1,1,1,0,22.063,14.445,15.718,14.445,15.718,0.461,True,10.267,0.465,10.304,0.87,86.078,168.866,67.09,157.909,47.939,154.908,63.368
training_1_frame_053,training_1,3,3,5,24.923,13.566,18.573,13.566,18.573,0.37,True,9.939,0.399,10.45,3.229,79.461,162.326,100.628,141.677,114.585,160.242,114.033
training_1_frame_054,training_1,0,2,0,27.875,13.468,14.603,13.468,14.603,0.479,True,1.657,0.059,1.753,0.572,13.58,98.397,100.425,75.563,84.437,86.498,94.116
training_1_frame_054,training_1,4,6,7,21.984,9.807,12.379,9.807,12.379,0.441,True,1.482,0.067,1.97,1.298,15.567,9.562,220.25,30.886,225.6,18.605,224.047
training_1_frame_054,training_1,1,1,3,29.751,14.078,16.226,14.078,16.226,0.463,True,2.872,0.097,3.074,1.094,21.968,124.803,89.258,123.056,118.958,121.127,102.847
training_1_frame_055,training_1,4,4,7,33.511,14.906,21.538,14.906,21.538,0.392,True,7.02,0.209,7.892,3.606,47.12,78.87,95.507,92.456,126.14,90.618,104.681
training_1_frame_055,training_1,1,1,0,20.78,13.523,16.143,13.523,16.143,0.41,True,10.502,0.505,10.667,1.87,91.532,191.661,49.915,184.098,30.561,178.778,45.802
training_1_frame_055,training_1,5,3,5,23.719,13.132,19.187,13.132,19.187,0.326,True,10.613,0.447,11.387,4.125,87.5,186.545,83.564,166.211,95.775,185.379,96.644
training_1_frame_056,training_1,2,4,3,6.341,17.349,18.298,17.349,18.298,0.079,True,17.342,2.735,17.546,2.668,159.733,113.889,133.889,110.16,128.76,127.62,123.285
training_1_frame_056,training_1,1,1,0,18.708,4.11,22.763,4.11,22.763,-0.216,False,0.743,0.04,13.417,13.397,171.456,152.367,88.4,169.812,81.646,148.865,90.553
training_1_frame_057,training_1,4,7,9,33.324,14.579,19.247,14.579,19.247,0.429,True,2.875,0.086,3.725,2.369,19.962,95.458,119.042,124.48,135.42,106.493,128.57
training_1_frame_057,training_1,3,6,8,20.313,14.975,15.617,14.975,15.617,0.476,True,11.432,0.563,11.442,0.483,96.818,63.698,101.094,59.651,121.0,72.973,112.851
training_1_frame_057,training_1,2,5,4,18.097,13.157,25.371,13.157,25.371,-0.218,False,12.549,0.693,18.07,13.001,137.13,237.738,90.881,240.583,73.009,249.509,96.758
training_1_frame_057,training_1,0,0,1,32.512,15.05,17.464,15.05,17.464,0.463,True,0.139,0.004,1.215,1.207,0.989,171.312,5.012,203.5,0.429,186.231,3.029
training_1_frame_057,training_1,1,3,2,22.265,11.483,12.344,11.483,12.344,0.479,True,4.239,0.19,4.264,0.461,41.748,56.173,47.596,77.971,43.059,65.757,41.271
training_1_frame_058,training_1,3,4,3,27.279,10.951,19.747,10.951,19.747,0.319,True,6.664,0.244,8.301,4.949,57.202,61.032,146.145,79.589,126.151,71.828,144.309
training_1_frame_058,training_1,2,1,0,9.433,16.637,26.066,16.637,26.066,-1.763,False,0.605,0.064,21.351,21.342,179.246,125.057,60.229,131.611,53.444,113.941,72.606
training_1_frame_059,training_1,2,3,1,34.482,15.088,19.417,15.088,19.417,0.437,True,0.614,0.018,2.251,2.166,4.142,107.912,63.706,101.609,29.805,104.553,48.997
training_1_frame_059,training_1,3,4,6,27.048,11.813,16.325,11.813,16.325,0.413,True,3.825,0.141,4.487,2.347,32.44,48.971,129.235,59.406,154.189,56.811,138.071
training_1_frame_059,training_1,1,0,2,22.265,8.811,13.519,8.811,13.519,0.394,True,0.828,0.037,2.501,2.361,8.901,145.481,22.963,162.827,36.923,152.834,27.818
training_1_frame_060,training_1,8,6,4,28.731,13.053,16.384,13.053,16.384,0.441,True,3.182,0.111,3.611,1.707,25.307,142.565,168.022,149.026,140.026,142.312,154.972
training_1_frame_060,training_1,0,0,1,18.193,13.314,28.582,13.314,28.582,-0.466,False,10.262,0.564,20.356,17.58,150.621,65.567,80.1,52.81,93.071,64.199,66.856
training_1_frame_060,training_1,6,5,3,24.164,14.004,16.233,14.004,16.233,0.442,True,9.049,0.374,9.156,1.395,74.133,82.691,144.912,87.281,121.188,93.606,136.138
training_1_frame_061,training_1,0,0,1,24.441,10.188,30.716,10.188,30.716,-0.203,False,8.901,0.364,19.347,17.178,135.959,141.333,72.389,123.873,89.492,138.646,62.562
training_1_frame_062,training_1,2,2,1,35.734,11.196,26.005,11.196,26.005,0.284,True,4.707,0.132,9.032,7.709,35.289,74.344,111.525,83.076,76.874,72.262,100.524
training_1_frame_063,training_1,1,2,1,28.686,17.492,19.435,17.492,19.435,0.456,True,11.6,0.404,11.667,1.251,78.186,129.097,64.75,120.136,37.5,113.988,55.936
training_1_frame_064,training_1,3,6,3,34.044,16.825,17.57,16.825,17.57,0.489,True,2.449,0.072,2.478,0.376,16.383,107.779,206.078,97.895,173.5,100.603,190.86
training_1_frame_064,training_1,2,4,5,37.897,18.769,19.129,18.769,19.129,0.495,True,0.124,0.003,0.219,0.18,0.752,116.738,179.908,153.041,190.784,134.753,185.175
training_1_frame_064,training_1,1,1,2,33.139,14.692,18.833,14.692,18.833,0.437,True,2.516,0.076,3.273,2.095,17.535,29.387,100.145,60.953,110.234,43.941,102.156
training_2_frame_000,training_2,2,1,0,5.867,8.809,12.953,8.809,12.953,-0.81,False,7.417,1.264,10.681,7.686,157.583,182.0,47.111,176.667,44.667,183.23,55.834
training_2_frame_001,training_2,2,2,3,30.876,15.206,29.272,15.206,29.272,0.172,True,14.25,0.462,17.485,10.131,98.706,126.677,132.707,155.645,143.391,136.587,121.173
training_2_frame_001,training_2,3,5,4,29.818,22.277,34.817,22.277,34.817,0.097,True,22.087,0.741,25.139,12.006,121.886,149.975,169.852,176.5,156.231,142.468,148.878
training_2_frame_002,training_2,3,5,3,30.799,14.329,16.535,14.329,16.535,0.464,True,1.0,0.032,1.49,1.105,7.466,193.571,124.375,166.027,110.595,181.235,117.085
training_2_frame_002,training_2,1,0,2,35.524,16.783,19.625,16.783,19.625,0.459,True,3.976,0.112,4.234,1.456,25.39,217.987,69.067,194.563,95.775,204.246,78.704
training_2_frame_002,training_2,4,6,4,17.06,12.326,21.991,12.326,21.991,-0.07,False,12.268,0.719,15.653,9.721,129.455,222.607,130.964,219.339,114.22,234.876,129.784
training_2_frame_003,training_2,0,1,0,29.89,15.211,15.517,15.211,15.517,0.495,True,3.564,0.119,3.567,0.157,26.829,54.137,84.686,32.388,64.184,45.822,71.95
training_2_frame_003,training_2,3,6,4,33.756,16.297,17.742,16.297,17.742,0.478,True,2.186,0.065,2.304,0.728,14.786,97.0,145.607,107.566,113.547,99.979,129.585
training_2_frame_003,training_2,2,5,3,24.26,11.275,13.749,11.275,13.749,0.447,True,3.053,0.126,3.309,1.276,28.539,58.952,121.524,79.894,109.277,66.78,113.409
training_2_frame_003,training_2,4,8,7,24.854,12.85,12.982,12.85,12.982,0.497,True,3.52,0.142,3.52,0.069,31.629,172.303,233.515,196.582,228.2,183.623,227.434
training_2_frame_004,training_2,2,2,4,35.412,18.096,19.217,18.096,19.217,0.483,True,5.876,0.166,5.906,0.59,36.753,205.065,87.228,183.233,115.11,189.887,97.082
training_2_frame_004,training_2,0,0,1,24.481,12.573,13.867,12.573,13.867,0.471,True,4.987,0.204,5.036,0.699,44.445,172.123,45.877,175.703,70.095,178.744,56.565
training_2_frame_005,training_2,1,3,4,33.514,13.595,36.067,13.595,36.067,0.003,True,13.594,0.406,21.495,16.65,111.693,91.134,147.375,68.644,172.222,101.141,156.576
training_2_frame_006,training_2,1,2,0,35.918,13.729,22.298,13.729,22.298,0.38,True,1.362,0.038,4.508,4.297,9.195,108.182,150.788,99.655,115.897,103.616,137.84
training_2_frame_006,training_2,4,4,3,28.246,15.045,36.195,15.045,36.195,-0.179,False,14.168,0.502,23.849,19.184,132.702,109.323,175.465,132.476,159.286,97.059,166.75
training_2_frame_006,training_2,3,1,5,40.819,12.414,31.489,12.414,31.489,0.249,True,7.145,0.175,12.501,10.258,48.253,145.74,139.849,139.373,180.169,137.099,148.762
training_2_frame_007,training_2,5,4,1,35.805,12.706,23.605,12.706,23.605,0.346,True,2.875,0.08,6.229,5.526,20.071,153.025,116.825,149.222,81.222,154.569,104.213
training_2_frame_007,training_2,4,3,2,27.463,13.575,13.974,13.575,13.974,0.493,True,1.085,0.04,1.103,0.2,9.037,204.948,104.293,180.684,91.43,192.485,98.914
training_2_frame_008,training_2,1,3,1,38.957,19.108,20.009,19.108,20.009,0.488,True,1.77,0.045,1.827,0.452,10.391,64.361,63.069,91.872,35.487,79.05,50.849
training_2_frame_008,training_2,0,2,0,36.577,18.176,18.401,18.176,18.401,0.497,True,0.066,0.002,0.131,0.113,0.414,51.1,49.1,21.596,27.481,36.4,38.41
training_2_frame_008,training_2,3,6,5,22.776,11.038,12.589,11.038,12.589,0.465,True,3.135,0.138,3.237,0.805,30.923,178.222,112.667,157.971,102.243,170.247,105.035
training_2_frame_008,training_2,4,7,8,30.485,14.296,16.306,14.296,16.306,0.467,True,1.335,0.044,1.673,1.009,10.054,172.615,138.662,202.647,143.897,186.408,142.421
training_2_frame_009,training_2,1,2,3,24.875,16.042,22.445,16.042,22.445,0.301,True,14.189,0.57,15.029,4.953,101.4,57.485,142.134,36.679,155.768,43.448,134.368
training_2_frame_009,training_2,3,5,4,24.855,13.255,15.019,13.255,15.019,0.46,True,6.722,0.27,6.796,1.003,57.057,81.479,174.535,100.895,159.018,86.207,162.152
training_2_frame_009,training_2,0,1,0,23.436,11.107,13.26,11.107,13.26,0.452,True,3.322,0.142,3.505,1.12,31.91,117.878,115.293,95.564,108.128,106.772,115.216
training_2_frame_010,training_2,0,0,4,25.449,12.707,36.903,12.707,36.903,-0.427,False,6.6,0.259,24.489,23.583,159.01,110.217,78.348,112.95,103.65,115.614,66.844
training_2_frame_010,training_2,4,5,3,34.682,14.622,30.611,14.622,30.611,0.199,True,12.884,0.372,16.575,10.426,86.671,97.071,125.414,70.354,103.301,99.96,111.08
training_2_frame_010,training_2,3,2,1,25.671,15.226,21.105,15.226,21.105,0.338,True,12.512,0.487,13.186,4.16,91.624,42.719,98.958,62.602,82.72,57.353,103.162
training_2_frame_011,training_2,1,5,2,37.428,14.058,32.719,14.058,32.719,0.188,True,12.161,0.325,16.848,11.661,81.707,163.944,148.472,150.64,113.488,172.803,137.557
training_2_frame_011,training_2,0,4,3,25.1,12.466,19.031,12.466,19.031,0.336,True,9.183,0.366,10.064,4.119,76.296,136.65,135.983,120.016,117.188,124.186,135.756
training_2_frame_012,training_2,0,1,0,33.073,15.616,19.057,15.616,19.057,0.445,True,5.178,0.157,5.483,1.804,35.129,149.059,46.029,122.49,26.333,134.14,41.415
training_2_frame_012,training_2,1,4,3,35.362,13.713,22.1,13.713,22.1,0.38,True,2.75,0.078,5.059,4.247,18.716,189.0,106.851,166.237,79.789,182.456,94.8
training_2_frame_013,training_2,4,7,6,25.895,12.686,15.389,12.686,15.389,0.443,True,5.394,0.208,5.59,1.466,45.682,204.22,142.22,214.25,118.346,213.64,133.723
training_2_frame_013,training_2,1,2,0,35.678,13.821,23.856,13.821,23.856,0.351,True,5.81,0.163,7.864,5.299,38.958,76.81,72.39,58.347,41.861,75.293,58.653
training_2_frame_013,training_2,2,3,1,23.23,11.396,11.86,11.396,11.86,0.49,True,0.551,0.024,0.598,0.232,5.432,166.667,78.738,146.321,67.528,156.963,72.763
training_2_frame_013,training_2,3,5,4,24.718,12.466,12.491,12.466,12.491,0.499,True,1.722,0.07,1.722,0.013,15.867,56.585,108.321,52.556,83.933,52.873,96.421
training_2_frame_014,training_2,2,4,7,33.517,15.042,18.766,15.042,18.766,0.444,True,2.199,0.066,2.891,1.878,15.133,99.341,127.61,119.261,154.565,106.417,140.884
training_2_frame_014,training_2,0,0,1,33.301,16.565,16.863,16.565,16.863,0.496,True,1.454,0.044,1.462,0.15,9.985,63.879,1.394,87.391,24.977,76.559,12.053
training_2_frame_014,training_2,1,5,3,26.535,11.969,16.239,11.969,16.239,0.414,True,4.721,0.178,5.238,2.269,40.135,182.496,132.235,156.98,124.95,173.216,124.676
training_2_frame_015,training_2,1,2,3,31.49,15.417,17.126,15.417,17.126,0.472,True,4.101,0.13,4.195,0.883,29.279,140.205,86.139,119.841,110.159,133.722,100.127
training_2_frame_015,training_2,0,0,1,34.485,16.886,17.606,16.886,17.606,0.49,True,0.343,0.01,0.498,0.36,2.281,92.703,72.347,127.109,74.693,109.57,73.153
training_2_frame_017,training_2,2,3,4,34.786,14.288,21.417,14.288,21.417,0.395,True,3.938,0.113,5.376,3.659,26.597,122.246,86.348,93.267,105.589,112.983,97.226
training_2_frame_017,training_2,4,5,6,24.598,11.772,13.091,11.772,13.091,0.473,True,1.812,0.074,1.931,0.667,16.81,108.333,137.931,127.36,153.52,116.183,146.704
training_2_frame_017,training_2,0,2,0,20.557,12.561,15.204,12.561,15.204,0.413,True,9.254,0.45,9.425,1.785,84.948,150.906,63.311,140.682,45.477,154.71,51.34
training_2_frame_018,training_2,0,5,3,26.696,12.974,13.808,12.974,13.808,0.484,True,1.069,0.04,1.148,0.419,9.164,157.927,173.109,179.794,157.794,167.904,164.816
training_2_frame_019,training_2,0,2,0,32.228,14.428,18.421,14.428,18.421,0.437,True,3.154,0.098,3.754,2.035,22.486,159.649,87.789,147.615,57.892,151.466,75.906
training_2_frame_019,training_2,2,4,3,30.963,14.032,18.353,14.032,18.353,0.427,True,4.701,0.152,5.216,2.26,34.411,101.481,164.938,130.387,153.84,115.509,164.587
training_2_frame_020,training_2,0,0,1,36.726,14.299,31.238,14.299,31.238,0.214,True,11.944,0.325,15.904,10.501,79.125,175.24,14.56,211.692,19.038,181.587,27.373
training_2_frame_020,training_2,7,10,9,29.476,14.114,15.366,14.114,15.366,0.479,True,0.229,0.008,0.667,0.627,1.78,97.926,152.259,85.135,125.703,92.008,139.446
training_2_frame_020,training_2,5,6,7,32.7,13.198,21.162,13.198,21.162,0.372,True,5.116,0.156,6.61,4.184,36.801,222.58,97.136,190.163,101.429,209.848,93.661
training_2_frame_020,training_2,6,8,4,44.183,12.085,32.496,12.085,32.496,0.267,True,2.637,0.06,10.63,10.298,17.257,198.24,125.24,192.0,81.5,193.964,113.937
training_2_frame_020,training_2,1,2,3,20.292,13.528,29.07,13.528,29.07,-0.304,False,12.04,0.593,20.275,16.313,141.591,221.571,45.786,210.156,62.562,215.086,33.914
training_2_frame_021,training_2,0,1,0,26.521,15.1,20.934,15.1,20.934,0.351,True,11.899,0.449,12.541,3.963,86.634,127.778,29.944,105.562,15.458,113.491,34.833
training_2_frame_021,training_2,1,2,4,22.945,7.934,19.186,7.934,19.186,0.21,True,6.3,0.275,9.16,6.649,71.731,139.511,47.043,137.344,69.885,145.327,52.439
training_2_frame_022,training_2,2,3,4,26.185,10.349,21.542,10.349,21.542,0.24,True,8.228,0.314,10.684,6.816,75.119,153.412,144.843,155.633,170.933,145.746,151.795
training_2_frame_022,training_2,0,0,1,25.856,12.821,13.656,12.821,13.656,0.483,True,2.848,0.11,2.88,0.428,24.875,119.642,69.313,98.171,83.72,110.848,78.643
training_2_frame_025,training_2,3,4,3,38.171,17.791,20.406,17.791,20.406,0.466,True,0.707,0.019,1.487,1.308,4.265,50.436,141.809,13.981,130.495,33.668,135.864
training_2_frame_025,training_2,2,1,2,25.234,11.975,13.26,11.975,13.26,0.475,True,0.113,0.004,0.652,0.642,1.027,187.435,103.348,196.263,126.987,191.73,114.526
training_2_frame_026,training_2,0,0,1,35.356,16.853,18.518,16.853,18.518,0.476,True,0.509,0.014,0.976,0.833,3.303,120.216,52.676,117.792,87.948,118.554,69.446
training_2_frame_027,training_2,1,1,3,26.63,14.081,16.61,14.081,16.61,0.445,True,7.594,0.285,7.732,1.457,59.84,210.169,66.338,223.07,89.634,209.271,80.39
training_2_frame_027,training_2,0,2,0,29.308,14.02,15.437,14.02,15.437,0.476,True,1.479,0.05,1.642,0.712,11.554,41.957,77.371,58.9,53.457,48.81,65.14
training_2_frame_027,training_2,2,5,4,28.83,12.85,16.373,12.85,16.373,0.438,True,2.369,0.082,2.966,1.785,18.941,161.0,117.071,140.808,96.493,153.845,106.398
training_2_frame_027,training_2,3,6,7,22.454,8.804,13.983,8.804,13.983,0.383,True,1.89,0.084,3.237,2.628,20.163,7.0,212.071,28.047,219.895,14.402,216.839
training_2_frame_028,training_2,1,2,1,24.212,12.113,13.421,12.113,13.421,0.472,True,4.049,0.167,4.107,0.69,37.087,79.022,103.822,93.957,84.766,89.251,97.335
training_2_frame_030,training_2,1,4,0,50.659,25.018,29.497,25.018,29.497,0.452,True,10.029,0.198,10.315,2.41,43.511,123.507,113.13,134.526,63.684,118.703,88.578
training_2_frame_030,training_2,0,1,3,28.681,13.55,24.578,13.55,24.578,0.244,True,11.596,0.404,13.718,7.33,86.996,162.19,66.738,148.638,92.014,148.659,67.437
training_2_frame_031,training_2,0,0,1,26.951,16.618,16.891,16.618,16.891,0.494,True,9.956,0.369,9.958,0.17,72.922,170.613,84.774,144.868,92.747,154.957,79.2
training_2_frame_032,training_2,2,0,1,25.094,16.47,22.287,16.47,22.287,0.321,True,14.366,0.572,15.052,4.492,100.856,89.514,56.3,111.732,67.964,89.969,72.764
training_2_frame_032,training_2,6,5,4,29.171,12.015,29.49,12.015,29.49,0.074,True,11.821,0.405,17.154,12.431,103.302,135.902,129.265,120.792,104.312,124.675,133.545
training_2_frame_032,training_2,5,2,3,26.282,15.878,17.965,15.878,17.965,0.449,True,10.626,0.404,10.711,1.344,78.275,147.682,105.37,173.848,102.909,160.423,114.845
training_2_frame_033,training_2,1,2,4,26.496,11.135,15.832,11.135,15.832,0.41,True,2.468,0.093,3.435,2.39,21.771,106.75,136.833,125.595,155.459,112.738,146.221
training_2_frame_033,training_2,4,5,1,34.401,16.511,18.107,16.511,18.107,0.477,True,1.931,0.056,2.091,0.803,12.838,86.018,164.091,71.857,132.74,77.508,149.942
training_2_frame_033,training_2,2,0,3,20.185,9.704,12.564,9.704,12.564,0.422,True,4.654,0.231,4.914,1.577,50.402,44.275,130.98,56.511,147.033,53.138,134.931
training_2_frame_035,training_2,1,4,2,28.957,14.444,17.699,14.444,17.699,0.438,True,6.932,0.239,7.164,1.807,51.739,136.531,150.571,118.697,127.758,134.188,136.319
training_2_frame_035,training_2,2,3,5,43.673,15.706,29.82,15.706,29.82,0.332,True,6.084,0.139,9.547,7.357,34.563,173.353,138.176,154.6,177.618,161.641,148.641
training_2_frame_035,training_2,0,0,1,26.782,12.47,14.358,12.47,14.358,0.465,True,0.78,0.029,1.226,0.946,6.698,158.89,112.164,185.052,117.896,170.881,115.59
training_2_frame_036,training_2,1,1,2,27.893,17.018,29.519,17.018,29.519,0.126,True,16.65,0.597,19.646,10.429,112.406,37.022,70.022,60.22,85.508,30.703,85.823
training_2_frame_037,training_2,1,1,2,23.384,16.711,17.757,16.711,17.757,0.467,True,12.649,0.541,12.672,0.77,94.618,112.937,80.679,136.04,77.067,121.773,66.495
training_2_frame_037,training_2,4,3,4,17.899,8.295,9.604,8.295,9.604,0.463,True,0.021,0.001,0.655,0.655,0.264,127.952,102.071,111.047,107.953,120.111,104.778
training_2_frame_038,training_2,0,4,5,4.328,17.292,20.947,17.292,20.947,-3.231,False,10.175,2.351,19.084,16.146,173.017,198.231,111.385,196.826,115.478,193.145,94.857
training_2_frame_038,training_2,2,3,6,29.026,14.189,15.901,14.189,15.901,0.469,True,3.959,0.136,4.057,0.887,30.619,239.941,107.735,216.0,124.146,226.464,112.174
training_2_frame_038,training_2,1,2,0,24.824,12.047,20.897,12.047,20.897,0.263,True,10.117,0.408,11.698,5.873,86.077,157.603,92.192,178.887,79.415,168.417,97.5
training_2_frame_039,training_2,4,3,1,22.667,9.496,13.365,9.496,13.365,0.414,True,1.468,0.065,2.442,1.951,15.202,123.8,81.55,128.083,59.292,127.015,72.614
training_2_frame_039,training_2,5,2,4,35.93,11.944,24.331,11.944,24.331,0.326,True,2.344,0.065,6.678,6.253,16.847,152.233,78.849,129.32,106.525,142.958,86.375
training_2_frame_040,training_2,1,1,0,27.111,12.848,15.508,12.848,15.508,0.449,True,4.134,0.152,4.362,1.391,34.23,142.767,63.183,142.404,36.074,138.47,51.075
training_2_frame_040,training_2,2,2,3,37.211,15.12,22.421,15.12,22.421,0.401,True,2.435,0.065,4.415,3.683,15.499,178.276,65.966,151.5,91.806,165.847,74.576
training_2_frame_041,training_2,4,3,2,6.028,22.53,25.103,22.53,25.103,-1.187,False,21.364,3.544,23.66,10.167,166.837,47.071,96.714,46.938,90.688,68.589,103.391
training_2_frame_042,training_2,2,2,4,36.448,15.945,23.922,15.945,23.922,0.38,True,7.88,0.216,9.007,4.363,48.848,115.844,86.922,118.945,123.239,109.173,101.404
training_2_frame_042,training_2,1,1,0,27.345,13.524,13.865,13.524,13.865,0.494,True,0.767,0.028,0.786,0.171,6.426,151.608,61.392,124.933,55.373,138.606,57.672
training_2_frame_043,training_2,1,1,0,36.585,18.249,18.342,18.249,18.342,0.499,True,0.362,0.01,0.365,0.047,2.271,76.267,47.827,112.731,44.866,94.423,45.989
training_2_frame_043,training_2,2,3,2,19.563,9.424,24.7,9.424,24.7,-0.181,False,8.733,0.446,15.93,13.323,132.78,234.2,135.5,214.648,134.833,238.037,126.893
training_2_frame_044,training_2,2,3,1,22.966,15.351,17.265,15.351,17.265,0.441,True,11.54,0.502,11.62,1.359,90.683,1.333,49.692,23.009,42.103,14.702,57.238
training_2_frame_044,training_2,3,4,5,27.977,13.717,14.296,13.717,14.296,0.49,True,0.708,0.025,0.765,0.29,5.796,130.138,66.621,157.963,69.524,143.836,67.338
training_2_frame_044,training_2,4,6,7,21.992,10.67,15.05,10.67,15.05,0.384,True,6.535,0.297,7.019,2.562,63.506,120.896,147.463,124.982,169.071,116.041,156.964
training_2_frame_044,training_2,0,2,0,19.544,10.667,10.841,10.667,10.841,0.495,True,4.489,0.23,4.49,0.096,49.351,194.889,42.296,175.768,38.25,186.351,35.901
training_2_frame_045,training_2,0,2,3,26.488,18.812,19.113,18.812,19.113,0.492,True,13.57,0.512,13.572,0.216,91.403,100.836,104.909,120.872,122.234,119.567,103.165
training_2_frame_045,training_2,1,0,1,19.692,13.707,22.977,13.707,22.977,0.062,True,13.653,0.693,16.154,8.634,121.384,103.104,81.25,122.578,84.178,102.273,94.932
training_2_frame_046,training_2,0,0,1,25.894,9.998,15.912,9.998,15.912,0.386,True,0.441,0.017,2.991,2.959,4.115,173.947,41.921,150.371,52.629,164.671,45.65
training_2_frame_047,training_2,0,1,0,27.017,11.778,18.404,11.778,18.404,0.363,True,6.522,0.241,7.499,3.701,54.38,102.418,77.018,81.117,60.4,98.697,65.843
training_2_frame_047,training_2,1,2,4,24.274,10.386,27.753,10.386,27.753,-0.062,False,10.276,0.423,17.081,13.644,120.076,67.205,86.636,78.986,107.859,75.458,80.331
training_2_frame_047,training_2,4,5,6,28.512,12.196,16.332,12.196,16.332,0.427,True,0.483,0.017,2.125,2.069,3.961,115.65,113.438,96.504,134.565,107.824,122.792
training_2_frame_048,training_2,0,2,0,34.071,16.715,17.481,16.715,17.481,0.489,True,1.458,0.043,1.508,0.384,9.792,101.33,92.349,134.13,83.13,116.965,86.439
training_2_frame_048,training_2,3,5,4,25.791,9.847,17.36,9.847,17.36,0.346,True,4.143,0.161,5.733,3.962,38.685,172.304,225.587,195.262,213.833,178.368,217.828
training_2_frame_049,training_2,1,3,2,24.514,18.775,18.805,18.775,18.805,0.499,True,14.242,0.581,14.242,0.023,98.568,194.915,97.549,219.169,93.986,204.949,81.68
training_2_frame_049,training_2,4,5,6,21.795,10.034,12.838,10.034,12.838,0.432,True,3.439,0.158,3.741,1.471,35.586,21.26,155.9,22.255,177.673,25.126,165.16
training_2_frame_049,training_2,2,1,0,28.166,12.629,21.428,12.629,21.428,0.311,True,9.094,0.323,10.536,5.319,71.175,163.574,67.574,190.979,61.073,174.2,74.4
training_2_frame_050,training_2,4,5,6,27.938,9.941,22.08,9.941,22.08,0.251,True,7.046,0.252,9.901,6.956,63.744,140.095,176.667,166.874,184.632,148.826,171.913
training_2_frame_050,training_2,0,0,2,32.307,10.948,24.271,10.948,24.271,0.275,True,6.388,0.198,9.672,7.262,50.952,235.091,61.065,253.324,87.735,245.382,64.8
training_2_frame_051,training_2,2,2,3,23.918,10.709,15.0,10.709,15.0,0.404,True,4.636,0.194,5.178,2.306,43.659,49.147,118.912,51.364,142.727,54.658,128.094
training_2_frame_052,training_2,3,3,4,28.733,15.407,15.885,15.407,15.885,0.491,True,6.196,0.216,6.201,0.26,46.668,190.211,130.825,176.625,156.143,189.0,146.184
training_2_frame_052,training_2,0,1,0,29.47,14.492,15.464,14.492,15.464,0.483,True,2.684,0.091,2.729,0.494,20.666,88.542,37.695,59.441,33.051,74.056,38.101
training_2_frame_053,training_2,3,1,4,19.637,14.583,17.202,14.583,17.202,0.392,True,12.385,0.631,12.565,2.12,104.184,146.226,108.177,130.526,119.974,147.51,122.703
training_2_frame_053,training_2,2,3,0,40.3,9.815,33.817,9.815,33.817,0.178,True,6.718,0.167,14.627,12.994,54.648,65.18,111.72,78.596,73.719,61.228,102.736
training_2_frame_054,training_2,2,2,1,26.495,12.424,16.341,12.424,16.341,0.42,True,5.539,0.209,5.933,2.126,46.287,177.796,108.527,204.077,105.169,188.126,101.623
training_2_frame_055,training_2,3,2,1,22.868,14.317,15.099,14.317,15.099,0.478,True,9.246,0.404,9.26,0.503,77.986,78.037,83.802,95.0,68.467,79.945,69.613
training_2_frame_056,training_2,0,0,2,16.909,7.158,9.752,7.158,9.752,0.423,True,0.043,0.003,1.298,1.297,0.597,2.522,63.261,12.222,77.111,6.593,69.148
training_2_frame_056,training_2,1,1,4,29.475,9.323,20.449,9.323,20.449,0.309,True,1.945,0.066,5.946,5.619,17.495,16.789,76.316,42.075,91.462,25.611,79.333
training_2_frame_057,training_2,1,2,3,28.726,15.509,16.662,15.509,16.662,0.478,True,7.236,0.252,7.265,0.646,53.552,32.352,66.535,19.741,92.345,32.832,82.036
training_2_frame_057,training_2,4,6,4,17.292,13.697,14.329,13.697,14.329,0.47,True,11.02,0.637,11.032,0.513,103.842,46.943,151.415,56.321,136.887,60.613,150.558
training_2_frame_057,training_2,5,7,5,23.047,11.456,11.686,11.456,11.686,0.495,True,1.047,0.045,1.053,0.116,10.384,253.783,167.87,247.507,145.693,251.684,156.608
training_2_frame_058,training_2,1,1,4,20.041,9.395,13.193,9.395,13.193,0.393,True,5.116,0.255,5.546,2.141,55.807,157.81,94.219,151.444,113.222,160.158,103.315
training_2_frame_058,training_2,2,5,2,30.908,15.74,16.82,15.74,16.82,0.482,True,5.117,0.166,5.148,0.569,36.679,215.578,119.086,185.245,113.151,201.952,111.206
training_2_frame_059,training_2,1,1,0,5.679,22.802,23.254,22.802,23.254,0.177,True,22.779,4.011,22.853,1.835,165.878,138.308,160.538,142.267,156.467,122.676,143.938
training_2_frame_059,training_2,2,3,2,29.316,12.978,16.342,12.978,16.342,0.443,True,0.247,0.008,1.7,1.682,1.953,121.657,199.015,110.185,172.037,116.352,187.17
training_2_frame_060,training_2,4,4,5,28.039,13.522,14.762,13.522,14.762,0.478,True,1.857,0.066,1.96,0.625,15.122,89.0,140.755,93.286,168.464,89.212,154.275
training_2_frame_060,training_2,2,2,3,20.727,10.63,12.017,10.63,12.017,0.463,True,4.551,0.22,4.614,0.758,47.61,64.038,89.564,69.358,109.597,70.903,97.68
training_2_frame_061,training_2,0,1,0,24.274,12.592,15.499,12.592,15.499,0.431,True,7.017,0.289,7.216,1.682,60.789,105.205,87.727,86.0,72.881,101.225,75.781
training_2_frame_061,training_2,1,2,3,31.169,14.05,17.15,14.05,17.15,0.45,True,0.698,0.022,1.701,1.551,5.18,152.256,125.537,121.175,127.877,138.211,125.895
training_2_frame_062,training_2,0,1,0,31.948,15.952,16.021,15.952,16.021,0.499,True,0.63,0.02,0.631,0.035,4.515,73.262,85.815,104.742,80.371,89.075,83.72
training_2_frame_062,training_2,1,2,3,28.543,13.783,15.962,13.783,15.962,0.46,True,4.174,0.146,4.325,1.136,32.784,91.585,110.792,116.953,123.875,101.347,120.523
training_2_frame_062,training_2,3,5,6,30.207,14.038,16.633,14.038,16.633,0.456,True,2.649,0.088,2.958,1.318,20.038,26.301,218.945,51.154,236.115,39.149,224.602
training_2_frame_063,training_2,1,1,0,22.269,17.479,20.31,17.479,20.31,0.392,True,15.141,0.68,15.33,2.402,108.228,112.1,90.514,117.517,68.914,99.538,78.36
training_2_frame_063,training_2,3,4,2,20.099,6.228,16.459,6.228,16.459,0.213,True,4.529,0.225,7.339,5.775,62.624,141.667,110.956,138.393,91.125,145.439,106.0
training_2_frame_064,training_2,1,3,4,30.891,8.878,28.038,8.878,28.038,0.129,True,7.927,0.257,13.925,11.449,79.666,110.4,132.2,139.577,142.346,111.571,141.0
training_2_frame_064,training_2,2,2,1,23.302,28.295,35.496,28.295,35.496,0.077,True,28.238,1.212,29.909,9.857,139.069,102.786,113.429,126.043,111.978,106.333,141.5
training_2_frame_065,training_2,3,5,4,31.879,14.713,17.172,14.713,17.172,0.461,True,0.311,0.01,1.269,1.23,2.248,80.523,153.795,108.289,138.133,93.182,146.298
training_2_frame_065,training_2,2,2,3,25.437,12.706,12.973,12.706,12.973,0.495,True,1.757,0.069,1.762,0.135,15.733,103.931,100.517,93.727,123.818,97.274,111.339
training_2_frame_065,training_2,4,6,7,19.61,14.671,15.02,14.671,15.02,0.487,True,11.145,0.568,11.148,0.264,97.339,130.0,189.0,147.979,196.83,143.197,182.591
training_2_frame_065,training_2,5,8,9,23.889,11.406,12.803,11.406,12.803,0.47,True,1.959,0.082,2.083,0.708,18.693,81.778,232.302,102.732,243.773,92.574,235.979
training_2_frame_066,training_2,2,3,5,29.624,15.19,16.727,15.19,16.727,0.472,True,5.931,0.2,5.988,0.828,43.75,80.553,95.4,75.689,124.622,84.107,110.168
training_2_frame_066,training_2,1,2,4,24.118,6.508,18.24,6.508,18.24,0.25,True,2.423,0.1,6.489,6.019,29.496,160.517,88.897,160.333,113.014,158.048,94.918
training_2_frame_066,training_2,0,1,0,22.262,9.721,15.354,9.721,15.354,0.358,True,5.582,0.251,6.42,3.172,56.361,69.607,62.75,54.108,46.769,68.073,53.15
training_2_frame_067,training_2,4,6,5,19.722,10.829,17.235,10.829,17.235,0.269,True,9.441,0.479,10.484,4.558,93.894,90.113,144.516,109.444,140.611,93.442,134.212
training_2_frame_067,training_2,1,3,1,22.505,10.843,15.291,10.843,15.291,0.385,True,6.513,0.289,7.006,2.583,62.121,130.25,113.885,119.764,93.972,131.973,103.179
training_2_frame_067,training_2,3,2,4,24.891,10.842,14.082,10.842,14.082,0.435,True,0.644,0.026,1.745,1.622,6.025,66.654,114.404,60.706,138.574,63.442,124.76
training_2_frame_068,training_2,4,3,2,38.716,17.545,21.207,17.545,21.207,0.453,True,0.83,0.021,2.012,1.833,4.952,100.66,137.226,63.302,127.063,83.532,133.426
training_2_frame_068,training_2,5,5,4,32.422,14.946,17.556,14.946,17.556,0.46,True,1.138,0.035,1.734,1.309,8.082,146.814,153.39,114.4,154.133,131.889,152.594
training_2_frame_068,training_2,6,7,6,31.343,15.17,16.597,15.17,16.597,0.477,True,2.584,0.082,2.684,0.723,18.767,217.175,215.904,245.985,203.56,229.897,207.641
training_2_frame_068,training_2,3,1,0,17.858,15.703,32.981,15.703,32.981,-0.819,False,5.724,0.321,24.237,23.551,168.617,80.9,87.8,89.625,72.219,68.762,97.762
training_2_frame_069,training_2,1,2,1,23.34,13.106,14.284,13.106,14.284,0.47,True,7.158,0.307,7.192,0.691,63.18,130.519,73.135,151.16,62.24,136.887,61.68
training_2_frame_069,training_2,4,3,4,23.346,13.44,13.861,13.44,13.861,0.489,True,7.076,0.303,7.08,0.246,62.461,240.213,101.733,251.746,122.032,239.706,115.164
training_2_frame_069,training_2,5,5,6,26.039,12.852,13.281,12.852,13.281,0.492,True,1.103,0.042,1.124,0.216,9.69,93.391,138.543,105.469,161.612,98.353,150.399
training_2_frame_070,training_2,1,3,2,25.079,11.776,13.715,11.776,13.715,0.461,True,2.275,0.091,2.479,0.986,20.687,143.357,143.018,159.5,123.825,149.053,132.711
training_2_frame_070,training_2,3,4,5,24.845,10.369,14.718,10.369,14.718,0.412,True,1.711,0.069,2.783,2.195,16.17,118.128,184.553,93.7,189.09,108.385,188.103
training_2_frame_070,training_2,0,1,0,24.099,11.04,13.304,11.04,13.304,0.453,True,1.715,0.071,2.062,1.144,16.348,125.897,93.207,125.696,69.109,124.09,82.316
training_2_frame_071,training_2,5,8,7,34.698,15.501,19.207,15.501,19.207,0.447,True,0.427,0.012,1.902,1.853,2.855,85.0,180.333,71.196,148.5,79.227,165.947
training_2_frame_071,training_2,0,0,1,24.268,11.077,13.2,11.077,13.2,0.456,True,0.326,0.013,1.111,1.062,3.099,43.394,28.667,62.628,43.465,51.971,35.676
training_2_frame_071,training_2,1,2,3,24.685,11.491,13.537,11.491,13.537,0.458,True,2.058,0.083,2.305,1.037,19.062,230.364,51.091,236.1,75.1,230.989,62.565
training_2_frame_071,training_2,3,5,4,24.31,9.682,23.002,9.682,23.002,0.132,True,9.137,0.376,12.794,8.955,94.103,57.852,102.111,33.543,101.914,54.578,111.222
training_2_frame_072,training_2,1,1,2,16.846,8.358,11.053,8.358,11.053,0.408,True,4.76,0.283,5.007,1.553,60.221,116.271,133.329,101.727,141.831,107.938,132.688
training_2_frame_073,training_2,0,1,0,26.164,5.949,21.978,5.949,21.978,0.173,True,3.859,0.148,9.385,8.555,50.558,118.172,81.781,138.127,64.859,124.121,81.796
training_2_frame_073,training_2,1,4,2,33.579,16.289,17.323,16.289,17.323,0.485,True,0.747,0.022,0.909,0.518,5.1,3.855,148.687,33.773,133.44,18.014,140.633
training_2_frame_073,training_2,3,3,5,15.741,13.736,23.305,13.736,23.305,-0.215,False,13.311,0.846,17.434,11.259,139.114,172.988,147.915,184.75,158.375,161.61,155.61
training_2_frame_074,training_2,0,0,1,25.197,12.48,12.858,12.48,12.858,0.492,True,1.339,0.053,1.353,0.19,12.14,226.984,66.452,212.264,86.901,220.822,77.305
training_2_frame_075,training_2,1,0,1,23.787,10.237,14.765,10.237,14.765,0.4,True,3.781,0.159,4.468,2.38,36.514,36.218,35.673,45.976,57.366,43.569,42.798
training_2_frame_076,training_2,3,5,4,23.69,11.411,12.487,11.411,12.487,0.477,True,1.575,0.066,1.666,0.543,15.178,166.893,125.571,145.407,115.593,157.306,119.382
training_2_frame_076,training_2,0,2,0,24.278,12.103,12.328,12.103,12.328,0.495,True,1.363,0.056,1.367,0.114,12.81,138.232,44.196,143.145,20.42,142.0,32.695
training_2_frame_076,training_2,1,1,3,31.831,11.65,29.156,11.65,29.156,0.147,True,10.663,0.335,15.479,11.221,87.689,104.908,35.684,93.671,65.466,113.227,43.84
training_2_frame_077,training_2,0,1,0,33.14,15.478,17.665,15.478,17.665,0.467,True,0.237,0.007,1.119,1.093,1.647,189.487,98.171,165.934,74.857,178.321,87.452
training_2_frame_077,training_2,1,2,3,28.412,14.362,14.701,14.362,14.701,0.494,True,3.058,0.108,3.063,0.173,24.303,47.0,108.75,38.957,136.0,45.961,123.075
training_2_frame_077,training_2,2,4,5,29.224,14.277,15.194,14.277,15.194,0.484,True,1.904,0.065,1.96,0.462,14.866,157.782,163.027,186.757,166.838,171.562,166.76
training_2_frame_078,training_2,3,3,4,27.174,16.433,17.05,16.433,17.05,0.486,True,9.779,0.36,9.786,0.381,71.515,82.314,134.95,107.021,146.263,98.393,131.557
training_2_frame_078,training_2,1,1,0,25.455,13.523,17.924,13.523,17.924,0.393,True,9.093,0.357,9.491,2.719,72.743,58.468,66.883,61.882,41.658,68.822,58.184
training_2_frame_079,training_2,1,1,2,25.184,11.919,13.3,11.919,13.3,0.473,True,0.655,0.026,0.952,0.691,5.971,130.829,51.841,112.795,69.42,121.85,59.679
training_2_frame_079,training_2,4,5,4,24.337,11.257,13.198,11.257,13.198,0.46,True,1.193,0.049,1.541,0.975,11.273,71.759,226.611,92.181,213.372,80.503,219.521
training_2_frame_080,training_2,4,5,6,16.159,10.817,17.318,10.817,17.318,0.15,True,10.543,0.652,11.965,5.659,114.572,212.121,72.818,219.222,87.333,203.715,79.625
training_2_frame_080,training_2,5,9,8,28.77,13.495,15.963,13.495,15.963,0.456,True,3.153,0.11,3.396,1.264,24.9,79.167,164.5,61.175,142.05,73.421,152.289
training_2_frame_080,training_2,3,3,2,19.004,12.441,14.114,12.441,14.114,0.439,True,9.238,0.486,9.311,1.169,88.829,119.162,50.0,102.056,41.722,107.637,54.685
training_2_frame_080,training_2,2,4,0,45.3,19.288,26.343,19.288,26.343,0.422,True,2.705,0.06,4.466,3.553,13.958,36.588,63.01,12.011,24.956,28.5,45.5
training_2_frame_081,training_2,1,3,0,32.182,15.354,18.425,15.354,18.425,0.45,True,5.109,0.159,5.357,1.612,35.531,165.722,40.681,156.532,9.839,166.483,25.345
training_2_frame_081,training_2,0,2,1,25.009,12.564,13.819,12.564,13.819,0.474,True,4.196,0.168,4.248,0.662,37.189,41.119,23.119,62.244,9.733,53.368,20.325
training_2_frame_081,training_2,2,5,4,24.757,11.278,14.026,11.278,14.026,0.443,True,2.599,0.105,2.954,1.404,24.005,129.381,179.063,153.675,174.3,139.65,174.401
training_2_frame_082,training_2,4,2,3,22.834,8.341,23.832,8.341,23.832,0.022,True,8.326,0.365,13.727,10.914,106.989,72.458,96.875,68.333,119.333,80.556,98.874
training_2_frame_082,training_2,5,4,5,25.682,15.301,16.436,15.301,16.436,0.473,True,9.313,0.363,9.34,0.702,72.011,220.228,133.0,195.967,141.426,205.705,128.185
training_2_frame_082,training_2,1,1,0,25.181,7.38,19.028,7.38,19.028,0.257,True,3.526,0.14,7.052,6.107,39.22,149.093,32.111,124.526,26.579,141.993,34.127
training_2_frame_083,training_2,3,6,3,31.364,16.548,35.244,16.548,35.244,0.008,True,16.546,0.528,22.629,15.437,117.151,55.068,146.411,30.433,127.0,65.116,133.263
training_2_frame_083,training_2,1,0,2,23.761,13.139,13.237,13.139,13.237,0.498,True,5.726,0.241,5.726,0.055,51.465,29.726,59.747,50.247,71.726,37.053,70.654
training_2_frame_083,training_2,4,4,7,20.386,9.975,10.416,9.975,10.416,0.489,True,0.216,0.011,0.309,0.221,2.427,184.722,124.778,183.0,145.091,184.095,134.733
training_2_frame_084,training_2,2,2,0,27.696,15.403,18.658,15.403,18.658,0.428,True,9.844,0.355,10.045,2.001,71.569,164.621,123.682,158.857,96.592,171.784,110.046
training_2_frame_084,training_2,4,4,3,25.159,11.671,13.581,11.671,13.581,0.462,True,1.077,0.043,1.441,0.958,9.842,41.397,151.015,62.714,137.652,50.672,143.93
training_2_frame_085,training_2,1,3,1,29.219,13.196,16.294,13.196,16.294,0.446,True,1.983,0.068,2.525,1.563,15.631,210.861,70.944,234.854,54.268,220.442,61.871
training_2_frame_085,training_2,5,7,8,29.7,14.03,15.85,14.03,15.85,0.469,True,1.632,0.055,1.871,0.915,12.587,215.881,192.134,231.733,217.25,221.939,204.789
training_2_frame_085,training_2,0,2,0,24.129,10.909,13.271,10.909,13.271,0.451,True,0.776,0.032,1.415,1.183,7.433,56.02,55.333,54.25,31.269,54.448,44.538
training_2_frame_085,training_2,3,4,5,24.176,12.43,14.339,12.43,14.339,0.456,True,5.729,0.237,5.825,1.057,50.991,106.364,113.023,130.185,117.148,118.21,109.261
training_2_frame_086,training_2,0,0,1,26.031,14.235,14.96,14.235,14.96,0.484,True,6.607,0.254,6.62,0.406,53.866,130.964,31.107,156.383,36.717,144.701,27.372
training_2_frame_086,training_2,4,2,3,18.921,8.223,22.771,8.223,22.771,-0.13,False,7.848,0.415,14.268,11.915,127.529,84.875,62.5,76.25,79.341,79.008,56.737
training_2_frame_087,training_2,0,6,3,23.108,11.07,12.038,11.07,12.038,0.479,True,0.118,0.005,0.498,0.484,1.17,121.571,95.0,119.345,72.0,120.622,83.971
training_2_frame_087,training_2,5,10,11,15.23,20.568,31.461,20.568,31.461,-0.722,False,17.385,1.142,25.464,18.606,155.848,189.89,108.253,204.136,113.636,173.463,120.63
training_2_frame_087,training_2,9,13,12,22.772,10.663,13.192,10.663,13.192,0.442,True,3.532,0.155,3.772,1.324,34.873,126.25,155.4,148.857,152.667,136.663,157.699
training_2_frame_087,training_2,2,7,4,24.362,21.523,25.531,21.523,25.531,0.341,True,19.854,0.815,20.228,3.871,118.332,131.5,94.5,145.6,74.633,152.5,99.214
training_2_frame_088,training_2,1,2,4,25.544,12.618,12.953,12.618,12.953,0.493,True,0.59,0.023,0.613,0.168,5.287,116.877,64.062,129.035,86.526,122.358,75.427
training_2_frame_088,training_2,0,0,1,20.695,10.459,15.02,10.459,15.02,0.364,True,7.248,0.35,7.773,2.808,72.725,152.813,60.76,173.487,59.821,160.675,67.659
training_2_frame_088,training_2,5,7,6,25.291,12.074,14.796,12.074,14.796,0.443,True,4.511,0.178,4.737,1.446,39.689,154.222,252.222,170.784,233.108,158.147,240.804
training_2_frame_088,training_2,2,3,5,19.832,8.87,11.24,8.87,11.24,0.439,True,1.656,0.083,2.046,1.202,19.231,199.838,79.941,216.97,89.931,208.2,82.9
training_2_frame_089,training_2,1,2,5,26.569,11.845,22.611,11.845,22.611,0.237,True,10.028,0.377,12.219,6.981,84.176,88.113,117.014,62.238,123.048,79.696,108.679
training_2_frame_089,training_2,2,6,3,27.536,13.31,14.365,13.31,14.365,0.481,True,1.385,0.05,1.483,0.53,11.507,118.511,146.267,112.414,119.414,114.229,133.664
training_2_frame_089,training_2,0,1,0,33.047,15.957,17.235,15.957,17.235,0.481,True,1.548,0.047,1.676,0.642,10.724,122.708,77.097,141.224,49.724,130.324,63.075
training_2_frame_090,training_2,0,1,0,25.947,12.49,15.769,12.49,15.769,0.431,True,5.552,0.214,5.832,1.785,47.007,195.967,45.467,207.955,22.455,196.212,32.979
training_2_frame_090,training_2,4,6,7,37.71,9.708,36.857,9.708,36.857,0.056,True,9.48,0.251,19.257,16.762,92.455,101.448,184.759,137.124,196.978,106.5,176.468
training_2_frame_090,training_2,1,3,2,5.362,4.94,10.176,4.94,10.176,-0.877,False,1.522,0.284,7.536,7.381,170.66,133.308,53.115,129.111,49.778,137.933,54.85
training_2_frame_090,training_2,3,5,4,19.469,7.589,11.9,7.589,11.9,0.389,True,0.43,0.022,2.2,2.157,5.321,50.875,107.875,61.964,91.873,54.837,101.402
training_2_frame_091,training_2,2,3,6,22.801,8.056,17.816,8.056,17.816,0.257,True,5.525,0.242,7.822,5.537,61.361,183.702,114.213,190.426,136.0,180.152,121.444
training_2_frame_091,training_2,3,5,4,24.322,15.369,15.481,15.369,15.481,0.497,True,9.489,0.39,9.489,0.071,75.928,43.014,134.232,66.962,129.981,56.577,141.462
training_2_frame_091,training_2,0,2,0,32.821,15.52,17.581,15.52,17.581,0.468,True,2.146,0.065,2.385,1.039,14.961,79.563,104.014,86.548,71.945,84.932,89.452
training_2_frame_092,training_2,0,0,1,25.94,13.848,18.179,13.848,18.179,0.397,True,9.26,0.357,9.639,2.674,72.591,111.172,18.984,136.405,25.0,119.04,30.38
training_2_frame_092,training_2,2,4,3,34.451,12.638,29.699,12.638,29.699,0.196,True,10.689,0.31,14.972,10.483,78.854,187.261,93.174,160.319,71.703,175.326,97.332
training_2_frame_092,training_2,3,6,5,19.54,9.59,9.977,9.59,9.977,0.49,True,0.517,0.026,0.552,0.194,6.056,22.842,170.158,5.973,160.297,14.314,165.771
training_2_frame_093,training_2,2,3,2,26.842,12.946,13.945,12.946,13.945,0.481,True,0.81,0.03,0.952,0.501,6.917,169.636,124.886,143.25,119.962,157.084,121.72
training_2_frame_093,training_2,0,0,1,25.313,12.785,12.824,12.785,12.824,0.499,True,1.939,0.077,1.939,0.02,17.42,72.143,64.762,90.833,81.833,82.781,71.852
training_2_frame_093,training_2,3,5,4,32.658,15.612,17.496,15.612,17.496,0.471,True,2.715,0.083,2.878,0.955,18.94,171.3,152.0,140.791,140.349,155.969,149.051
training_2_frame_094,training_2,1,0,2,22.659,8.108,19.532,8.108,19.532,0.193,True,6.835,0.302,9.76,6.968,77.934,216.25,86.325,198.901,100.901,208.514,83.898
training_2_frame_095,training_2,5,1,0,21.108,9.753,20.378,9.753,20.378,0.141,True,9.289,0.44,11.991,7.583,99.383,128.286,199.524,110.455,188.227,130.747,190.087
training_2_frame_096,training_2,2,1,0,25.063,12.379,13.335,12.379,13.335,0.48,True,2.875,0.115,2.916,0.49,25.875,56.276,85.671,51.392,61.089,51.111,74.421
training_2_frame_096,training_2,4,4,3,18.959,10.633,11.129,10.633,11.129,0.485,True,5.339,0.282,5.347,0.285,58.816,181.846,103.897,162.887,103.831,172.67,98.526
training_2_frame_097,training_2,0,0,1,31.406,15.532,16.609,15.532,16.609,0.482,True,3.415,0.109,3.459,0.552,24.566,249.729,32.475,221.576,46.394,237.66,42.251
training_2_frame_097,training_2,2,6,4,27.797,13.123,14.93,13.123,14.93,0.467,True,1.887,0.068,2.096,0.912,15.528,76.222,115.889,99.1,100.1,87.983,110.065
training_2_frame_097,training_2,1,3,2,27.937,13.335,14.667,13.335,14.667,0.476,True,0.954,0.034,1.164,0.668,7.831,98.658,76.945,119.408,58.24,109.176,68.748
training_2_frame_097,training_2,9,9,8,17.914,10.395,12.442,10.395,12.442,0.427,True,7.036,0.393,7.155,1.305,77.031,185.356,232.949,182.686,215.235,177.259,226.431
training_2_frame_098,training_2,1,1,0,22.011,15.011,16.009,15.011,16.009,0.468,True,10.918,0.496,10.941,0.703,89.661,157.776,149.671,177.013,138.974,172.086,154.206
training_2_frame_098,training_2,5,6,5,27.414,7.162,26.119,7.162,26.119,0.08,True,6.816,0.249,13.374,11.507,87.235,116.679,237.036,95.273,219.909,119.219,230.339
training_2_frame_098,training_2,2,3,2,18.492,13.251,14.605,13.251,14.605,0.445,True,10.388,0.562,10.438,1.02,96.963,148.524,199.063,143.421,181.289,136.269,194.023
training_2_frame_099,training_2,0,1,0,22.012,10.612,24.047,10.612,24.047,0.02,True,10.604,0.482,14.976,10.576,113.845,149.808,80.038,162.838,62.297,141.516,73.415
training_2_frame_099,training_2,3,4,3,23.755,10.597,13.993,10.597,13.993,0.426,True,3.144,0.132,3.602,1.758,30.24,143.957,151.447,134.917,129.479,137.199,143.285
training_2_frame_100,training_2,4,2,3,23.465,11.167,12.3,11.167,12.3,0.476,True,0.158,0.007,0.588,0.566,1.55,140.406,103.681,153.725,123.0,146.874,112.784
training_2_frame_100,training_2,0,1,0,24.076,11.448,15.662,11.448,15.662,0.401,True,6.135,0.255,6.577,2.373,55.463,129.036,33.964,140.942,13.038,139.148,28.597
training_2_frame_100,training_2,7,5,4,32.313,13.172,24.913,13.172,24.913,0.286,True,9.39,0.291,11.664,6.919,67.611,139.269,175.672,107.865,168.058,132.504,164.37
training_2_frame_100,training_2,9,7,6,23.694,10.266,13.687,10.266,13.687,0.427,True,1.739,0.073,2.452,1.729,17.053,51.621,243.259,31.11,231.396,41.991,239.698
training_2_frame_101,training_2,0,0,1,26.913,9.245,17.949,9.245,17.949,0.337,True,1.846,0.069,4.769,4.397,17.42,87.522,9.638,87.493,36.551,89.358,18.699
training_2_frame_101,training_2,3,4,3,27.986,17.037,17.954,17.037,17.954,0.48,True,10.496,0.375,10.512,0.574,73.806,133.236,113.393,108.596,100.124,126.398,97.789
training_2_frame_102,training_2,0,0,3,24.383,7.968,17.062,7.968,17.062,0.309,True,2.621,0.107,5.353,4.667,28.039,74.84,75.72,76.25,100.062,72.659,83.383
training_2_frame_102,training_2,1,1,2,24.701,9.387,17.564,9.387,17.564,0.319,True,5.087,0.206,6.766,4.461,49.648,209.449,90.275,184.773,91.364,201.343,85.541
training_2_frame_103,training_2,3,2,3,23.523,11.709,11.818,11.709,11.818,0.498,True,0.226,0.01,0.232,0.055,2.201,95.022,123.533,89.531,146.406,92.509,134.969
training_2_frame_104,training_2,1,2,1,23.678,11.695,12.805,11.695,12.805,0.476,True,3.144,0.133,3.196,0.575,29.804,148.809,62.979,127.77,52.115,140.242,55.017
training_2_frame_104,training_2,6,5,6,30.963,15.355,15.68,15.355,15.68,0.495,True,1.056,0.034,1.069,0.163,7.808,122.388,172.318,102.424,195.985,113.319,184.708
training_2_frame_104,training_2,4,4,3,23.307,12.362,14.709,12.362,14.709,0.442,True,6.85,0.294,6.984,1.363,61.406,102.377,151.464,89.179,132.254,102.196,139.103
training_2_frame_105,training_2,2,2,3,36.936,17.799,19.226,17.799,19.226,0.481,True,1.281,0.035,1.467,0.715,7.949,126.889,119.731,92.464,133.119,109.879,124.972
training_2_frame_105,training_2,1,1,0,26.974,12.962,14.034,12.962,14.034,0.48,True,0.547,0.02,0.767,0.537,4.655,130.254,87.324,132.26,60.425,130.671,74.369
training_2_frame_106,training_2,2,2,3,28.147,14.046,14.105,14.046,14.105,0.499,True,0.238,0.008,0.24,0.029,1.939,128.978,158.543,107.196,176.37,118.261,167.622
training_2_frame_106,training_2,5,6,7,27.561,11.832,17.69,11.832,17.69,0.386,True,5.17,0.188,6.047,3.138,42.9,63.84,200.42,45.129,220.656,60.41,211.744
training_2_frame_107,training_2,4,2,1,24.054,10.354,13.721,10.354,13.721,0.43,True,0.49,0.02,1.755,1.685,4.759,100.18,206.52,124.16,204.633,110.452,205.22
training_2_frame_108,training_2,1,2,3,25.616,17.714,33.388,17.714,33.388,-0.11,False,17.487,0.683,23.457,15.634,130.764,88.569,103.862,85.615,129.308,106.265,103.071
training_2_frame_108,training_2,0,1,0,23.889,11.385,13.41,11.385,13.41,0.456,True,3.307,0.138,3.47,1.051,31.16,144.175,101.55,147.133,77.844,148.805,91.149
training_2_frame_109,training_2,1,4,3,31.978,15.87,16.174,15.87,16.174,0.495,True,1.033,0.032,1.044,0.152,7.395,146.016,95.859,172.183,77.479,158.381,85.911
training_2_frame_109,training_2,0,0,1,23.555,11.501,12.056,11.501,12.056,0.488,True,0.129,0.005,0.306,0.278,1.254,82.803,27.984,105.433,34.522,93.887,31.052
training_2_frame_109,training_2,3,6,5,23.982,12.459,21.653,12.459,21.653,0.227,True,11.203,0.467,12.971,6.538,95.204,145.985,191.738,123.645,183.016,144.98,179.32
training_2_frame_110,training_2,1,1,2,20.752,15.711,15.746,15.711,15.746,0.499,True,11.82,0.57,11.82,0.026,97.444,133.469,108.594,129.033,128.867,119.71,116.178
training_2_frame_111,training_2,0,2,0,25.766,7.225,19.182,7.225,19.182,0.262,True,2.56,0.099,6.64,6.127,28.418,50.476,104.619,34.475,84.424,48.287,97.734
training_2_frame_111,training_2,2,4,3,31.188,12.998,18.201,12.998,18.201,0.417,True,0.397,0.013,2.632,2.602,3.003,173.877,137.8,148.705,119.386,163.156,130.45
training_2_frame_112,training_2,1,1,0,27.032,14.69,14.693,14.69,14.693,0.5,True,5.757,0.213,5.757,0.002,46.14,93.832,79.653,120.76,77.279,106.789,72.731
training_2_frame_112,training_2,2,3,2,24.834,11.097,13.738,11.097,13.738,0.447,True,0.131,0.005,1.327,1.32,1.226,179.584,115.157,200.054,101.095,188.656,108.766
training_2_frame_113,training_2,0,0,1,25.189,11.325,15.37,11.325,15.37,0.415,True,4.364,0.173,4.862,2.143,39.161,31.208,54.75,6.947,61.52,19.969,53.355
training_2_frame_114,training_2,4,5,4,21.31,1.457,20.934,1.457,20.934,0.02,True,1.394,0.065,10.327,10.233,76.966,215.571,156.214,194.861,151.194,215.489,154.76
training_2_frame_114,training_2,3,2,3,25.984,12.804,13.181,12.804,13.181,0.493,True,0.016,0.001,0.189,0.189,0.138,140.839,122.226,145.808,147.731,143.302,134.79
training_2_frame_114,training_2,1,1,0,27.504,9.009,18.531,9.009,18.531,0.327,True,0.657,0.024,4.813,4.768,6.218,120.568,6.784,93.064,6.577,111.588,6.059
training_2_frame_115,training_2,1,1,0,5.678,16.032,18.492,16.032,18.492,-0.817,False,15.346,2.703,17.071,7.478,162.908,71.7,43.0,66.111,42.0,73.564,58.923
